Age,Gender,Annual Income,Monthly Income,Employment Status,Years of Employment,Education,Marital Status,Loan Amount,Loan Purpose,Interest Rate,Loan Term,Credit Score,Debt-to-Income Ratio,Number of Existing Loans,Number of Credit Cards,Previous Loan Defaults,Savings Balance,Monthly Expenses,Property Ownership,Dependents,Risk Level
33,Male,114100.0,9508.33,Employed,1.4,Bachelor,Divorced,52800.0,Home Improvement,9.11,36,681.0,0.13,2,4,0,,4509.51,Mortgage,0,Medium Risk
18,Female,13200.0,1100.0,Unemployed,0.0,Associate,Married,4700.0,Business,24.97,36,566.0,0.1,0,1,3,100.0,1602.65,Mortgage,0,High Risk
70,Male,28700.0,2391.67,Retired,29.0,Associate,Single,12500.0,Auto,9.22,36,732.0,0.24,1,1,0,27300.0,2040.72,Rent,0,Medium Risk
29,Female,48900.0,4075.0,Employed,9.4,High School,Married,8700.0,Education,21.1,60,575.0,0.14,1,5,0,1700.0,3003.08,Rent,4,Medium Risk
66,Male,42800.0,3566.67,Retired,37.0,Bachelor,Single,5200.0,Business,20.56,60,559.0,0.14,0,3,0,1400.0,2629.06,Mortgage,0,High Risk
24,Male,44300.0,3691.67,Self-Employed,1.0,High School,Divorced,9400.0,Debt Consolidation,15.61,12,608.0,0.16,1,1,3,18300.0,2050.99,Rent,0,High Risk
73,Female,15200.0,1266.67,Retired,19.0,Associate,Married,5400.0,Education,18.46,36,596.0,0.13,0,6,0,1800.0,928.1,Rent,0,Medium Risk
30,Female,100800.0,8400.0,Employed,1.9,Master,Single,9900.0,Auto,13.34,36,715.0,0.1,0,5,0,21300.0,4268.1,Mortgage,2,Low Risk
22,Male,125500.0,10458.33,Employed,1.6,Bachelor,Single,8400.0,Debt Consolidation,18.05,36,496.0,0.06,1,3,3,7800.0,3683.54,Rent,0,High Risk
65,Non-Binary,197000.0,16416.67,Employed,36.8,Master,Married,24500.0,Auto,12.28,12,734.0,0.06,1,3,0,33500.0,5640.23,Mortgage,0,Low Risk
32,Female,56700.0,4725.0,Employed,13.7,Associate,Single,28000.0,Home Improvement,11.99,60,733.0,0.3,3,2,0,9700.0,2751.4,Mortgage,2,Medium Risk
20,Female,109300.0,9108.33,Self-Employed,1.9,Bachelor,Married,12900.0,Home Improvement,18.25,36,593.0,0.1,0,6,3,9000.0,3183.88,Rent,0,High Risk
21,Male,10100.0,841.67,Unemployed,0.0,Bachelor,Single,2500.0,Debt Consolidation,24.89,60,543.0,0.61,1,5,1,200.0,806.68,Rent,0,High Risk
40,Female,84600.0,7050.0,Employed,5.8,Master,Married,25200.0,Debt Consolidation,11.85,60,708.0,0.11,1,2,0,17600.0,4504.81,Rent,2,Medium Risk
36,Female,56300.0,4691.67,Employed,4.0,Associate,Married,26800.0,Home Improvement,11.04,60,691.0,0.13,0,5,0,14600.0,3557.33,Mortgage,3,Low Risk
56,Non-Binary,23000.0,1916.67,Employed,14.6,High School,Single,4400.0,Home Improvement,9.64,60,741.0,0.33,1,3,0,5700.0,1380.43,Mortgage,1,Low Risk
63,Male,7800.0,650.0,Unemployed,,Bachelor,Married,2000.0,Debt Consolidation,12.29,12,679.0,0.18,0,3,0,0.0,1279.53,Mortgage,0,Medium Risk
27,Male,87900.0,7325.0,Employed,4.8,Bachelor,Single,12100.0,Education,17.03,12,644.0,0.07,0,3,0,5400.0,3346.01,Rent,3,Medium Risk
69,Male,15800.0,1316.67,Retired,17.0,High School,Married,2000.0,Home Improvement,10.18,24,702.0,0.16,0,3,0,600.0,1638.62,Mortgage,0,Low Risk
43,Male,77200.0,6433.33,Employed,19.5,Bachelor,Married,10700.0,Home Improvement,12.61,24,692.0,0.08,0,7,0,18500.0,2453.75,Own,0,Low Risk
50,Female,59800.0,4983.33,Employed,,Associate,Divorced,3500.0,Auto,13.26,36,720.0,0.18,2,7,1,8500.0,3328.04,Own,0,Low Risk
73,Female,14000.0,1166.67,Retired,44.0,High School,Married,5000.0,Auto,17.32,36,,0.41,1,3,0,1300.0,1030.62,Mortgage,0,High Risk
62,Female,34200.0,2850.0,Employed,28.5,High School,Single,4000.0,Business,8.81,60,770.0,0.42,3,4,0,6900.0,1784.65,Mortgage,0,Low Risk
62,Male,178000.0,14833.33,Self-Employed,24.9,Doctorate,Divorced,37400.0,Debt Consolidation,9.47,36,772.0,0.14,2,9,0,41300.0,6599.74,Mortgage,0,Low Risk
45,Female,58200.0,4850.0,Employed,16.8,High School,Widowed,3000.0,Debt Consolidation,17.03,60,621.0,0.05,0,3,2,2600.0,1980.49,Rent,0,High Risk
65,Female,30600.0,2550.0,Self-Employed,27.3,High School,Divorced,2100.0,Debt Consolidation,17.09,24,663.0,0.33,2,6,0,,1354.69,Mortgage,0,Medium Risk
40,Male,75700.0,6308.33,Employed,2.5,Bachelor,Divorced,13100.0,Debt Consolidation,12.11,24,,0.25,4,7,1,400.0,3001.03,Rent,1,High Risk
39,Female,11900.0,991.67,Unemployed,0.0,Bachelor,Single,4200.0,Education,18.25,24,568.0,0.29,0,3,0,0.0,1890.26,Rent,3,High Risk
25,Female,8400.0,700.0,Unemployed,0.0,Bachelor,Single,1200.0,Home Improvement,22.33,36,468.0,0.24,0,2,0,,1468.96,Rent,2,High Risk
41,Female,133100.0,11091.67,Employed,4.9,Bachelor,Single,6600.0,Home Improvement,4.52,36,850.0,0.08,1,6,0,83800.0,5613.46,Mortgage,0,Low Risk
54,Female,204700.0,17058.33,Employed,4.8,Master,Divorced,34200.0,Home Improvement,5.49,24,815.0,0.08,1,6,0,258500.0,7628.62,Mortgage,0,Low Risk
31,Female,46400.0,3866.67,Employed,4.7,High School,Divorced,3300.0,Home Improvement,15.13,36,642.0,0.25,2,7,0,0.0,2141.72,Own,1,Medium Risk
32,Male,176500.0,14708.33,Employed,8.2,Doctorate,Married,92700.0,Home Improvement,6.36,24,839.0,0.06,0,9,0,53100.0,5015.84,Mortgage,1,Low Risk
36,Female,53000.0,4416.67,Employed,13.7,Bachelor,Married,14900.0,Business,9.38,36,729.0,0.57,5,7,0,2700.0,1997.81,Rent,0,High Risk
33,Female,86100.0,7175.0,Employed,1.9,Associate,Single,24500.0,Home Improvement,15.74,36,634.0,0.19,1,6,0,22400.0,4065.16,Mortgage,1,Medium Risk
51,Male,172600.0,14383.33,Employed,22.0,Bachelor,Married,32800.0,Debt Consolidation,7.03,60,806.0,0.07,1,4,0,,4759.64,Mortgage,1,Low Risk
57,Male,147800.0,12316.67,Employed,16.9,Master,Married,25100.0,Auto,15.17,24,659.0,0.07,1,6,0,21200.0,3589.31,Rent,0,Medium Risk
69,Male,16100.0,1341.67,Retired,19.0,High School,Single,3100.0,Home Improvement,8.72,36,793.0,0.14,0,4,0,5100.0,862.57,Mortgage,0,Low Risk
47,Male,36500.0,3041.67,Retired,15.0,Master,Married,3600.0,Debt Consolidation,14.66,24,604.0,0.14,1,1,1,10400.0,2073.09,Own,2,Medium Risk
29,Male,126400.0,10533.33,Employed,1.7,Bachelor,Married,45400.0,Debt Consolidation,18.53,12,531.0,0.07,0,2,0,6000.0,4128.51,Mortgage,1,Medium Risk
67,Male,51700.0,4308.33,Retired,28.0,Bachelor,Married,10400.0,Debt Consolidation,14.38,36,622.0,0.2,2,2,0,4900.0,2150.31,Rent,0,Medium Risk
52,Male,74100.0,6175.0,Employed,,Bachelor,Widowed,25800.0,Home Improvement,19.86,60,627.0,0.15,1,7,1,5100.0,3907.09,Mortgage,1,High Risk
72,Female,11700.0,975.0,Retired,16.0,Associate,Married,2900.0,Education,22.63,36,574.0,0.7,2,3,0,2900.0,1162.95,Rent,1,High Risk
66,Female,35400.0,2950.0,Retired,35.0,Bachelor,Married,2500.0,Business,14.26,12,611.0,0.23,2,2,3,500.0,2308.01,Rent,0,High Risk
71,Female,17600.0,1466.67,Retired,37.0,Associate,Divorced,2600.0,Education,12.87,60,707.0,0.17,0,3,1,4600.0,960.79,Rent,0,Medium Risk
38,Female,147400.0,12283.33,Employed,0.9,Bachelor,Single,14600.0,Auto,13.31,24,716.0,0.12,1,5,0,42800.0,3441.35,Mortgage,0,Low Risk
74,Male,47000.0,3916.67,Retired,19.0,Bachelor,Single,15700.0,Auto,8.98,24,768.0,0.21,1,5,0,21100.0,2091.85,Mortgage,0,Low Risk
72,Female,20100.0,1675.0,Retired,43.0,High School,Single,2400.0,Personal,16.69,60,666.0,0.25,0,6,0,1200.0,1226.07,Rent,0,Medium Risk
62,Male,59600.0,4966.67,Employed,27.7,Associate,Single,3300.0,Home Improvement,15.74,24,610.0,0.18,1,5,0,6200.0,2854.29,Mortgage,0,Medium Risk
29,Male,57500.0,4791.67,Employed,3.1,Associate,Divorced,5400.0,Debt Consolidation,21.3,36,475.0,0.18,1,1,0,300.0,2922.86,Mortgage,2,High Risk
27,Male,50100.0,4175.0,Employed,1.8,High School,Married,4000.0,Auto,22.51,36,573.0,0.23,2,4,2,4700.0,2639.21,Own,2,High Risk
49,Male,173300.0,14441.67,Employed,12.1,Bachelor,Single,20600.0,Home Improvement,9.91,24,684.0,0.07,2,1,0,24200.0,7169.86,Mortgage,1,Low Risk
58,Female,45000.0,3750.0,Employed,7.7,Associate,Married,7200.0,Auto,16.85,24,592.0,0.12,0,2,0,1500.0,1906.33,Rent,0,Medium Risk
74,Female,137300.0,11441.67,Employed,40.3,Master,Single,2300.0,Home Improvement,13.84,24,625.0,0.13,1,3,0,68100.0,4578.98,Mortgage,0,Low Risk
75,Male,27200.0,2266.67,Retired,21.0,Associate,Divorced,7600.0,Education,6.58,60,850.0,0.29,1,3,0,22800.0,1342.2,Mortgage,0,Low Risk
51,Female,151900.0,12658.33,Employed,15.8,Bachelor,Married,16800.0,Auto,7.58,24,790.0,0.14,2,6,0,32100.0,4950.5,Mortgage,4,Low Risk
58,Female,55400.0,4616.67,Employed,29.1,High School,Single,6800.0,Debt Consolidation,7.15,60,781.0,0.19,2,9,0,28100.0,2362.06,Mortgage,0,Low Risk
46,Male,71200.0,5933.33,Employed,14.7,High School,Married,5100.0,Home Improvement,11.08,36,687.0,0.12,0,4,0,19400.0,2597.98,Mortgage,1,Low Risk
28,Male,11600.0,966.67,Unemployed,0.0,Bachelor,Divorced,2000.0,Auto,23.13,36,499.0,0.33,1,1,1,1000.0,2794.4,Mortgage,4,High Risk
49,Male,122400.0,10200.0,Employed,24.6,Bachelor,Single,11200.0,Education,11.6,24,739.0,0.12,1,5,0,25300.0,4547.4,Own,4,Low Risk
46,Male,59800.0,4983.33,Employed,13.1,High School,Married,27200.0,Debt Consolidation,10.41,60,,0.19,1,3,0,24600.0,3395.86,Own,3,Low Risk
44,Male,56700.0,4725.0,Employed,22.7,High School,Single,3300.0,Education,9.84,60,696.0,0.13,0,7,0,32500.0,3063.45,Mortgage,2,Low Risk
27,Male,167100.0,13925.0,Employed,2.8,Master,Single,7900.0,Debt Consolidation,15.72,24,617.0,0.12,2,3,1,7700.0,5607.54,Rent,1,High Risk
36,Male,12300.0,1025.0,Unemployed,0.0,Bachelor,Single,4700.0,Business,21.3,36,553.0,0.7,4,3,1,900.0,1949.75,Rent,2,High Risk
31,Male,68800.0,5733.33,Employed,2.7,Bachelor,Married,12200.0,Business,19.08,36,554.0,0.16,1,5,0,4100.0,2220.1,Own,1,Medium Risk
22,Male,121100.0,10091.67,Employed,3.3,Bachelor,Single,30600.0,Debt Consolidation,18.34,12,669.0,0.05,0,1,0,3700.0,3092.96,Mortgage,0,Medium Risk
29,Female,86700.0,7225.0,Employed,9.0,Bachelor,Single,10000.0,Education,11.81,12,730.0,0.11,0,4,0,10600.0,3549.3,Rent,1,Low Risk
52,Female,12800.0,1066.67,Retired,15.0,High School,Married,3100.0,Home Improvement,17.69,24,632.0,0.23,0,5,0,900.0,1374.29,Mortgage,2,Medium Risk
68,Male,104800.0,8733.33,Retired,18.0,Doctorate,Married,26500.0,Home Improvement,12.08,24,708.0,0.05,0,2,0,8400.0,3465.82,Own,0,Low Risk
39,Female,6300.0,525.0,Unemployed,0.0,Bachelor,Married,3500.0,Personal,14.32,36,603.0,0.7,1,7,0,500.0,1539.68,Mortgage,1,High Risk
29,Female,125300.0,10441.67,Employed,8.5,Doctorate,Widowed,58100.0,Education,9.27,36,703.0,0.09,0,2,0,7000.0,5266.43,Mortgage,2,Low Risk
20,Male,10800.0,900.0,Unemployed,0.0,Master,Married,1400.0,Debt Consolidation,18.12,36,383.0,0.09,0,0,3,100.0,926.94,Rent,0,High Risk
40,Female,51800.0,4316.67,Employed,9.7,High School,Married,16500.0,Debt Consolidation,20.92,60,575.0,,1,7,0,2200.0,2531.27,Mortgage,2,Medium Risk
66,Female,38200.0,3183.33,Retired,18.0,Bachelor,Married,7600.0,Debt Consolidation,9.71,36,738.0,0.16,1,5,0,8900.0,2053.84,Mortgage,0,Low Risk
28,Male,54700.0,4558.33,Employed,8.6,High School,Married,7800.0,Auto,13.42,12,594.0,0.13,1,1,0,5400.0,1834.04,Rent,1,Medium Risk
49,Male,14400.0,1200.0,Unemployed,0.0,Bachelor,Married,2100.0,Auto,26.34,60,538.0,0.37,1,2,2,0.0,706.5,Mortgage,0,High Risk
55,Male,40000.0,3333.33,Employed,2.8,High School,Married,20200.0,Personal,18.84,60,666.0,0.32,3,6,1,18600.0,2116.63,Rent,1,High Risk
73,Female,24900.0,2075.0,Retired,36.0,Master,Widowed,4900.0,Debt Consolidation,22.39,60,549.0,0.23,1,2,2,1000.0,1379.26,Mortgage,0,High Risk
23,Male,23400.0,1950.0,Employed,1.4,High School,Single,8400.0,Home Improvement,13.63,36,605.0,0.15,0,6,2,400.0,1440.64,Mortgage,0,High Risk
31,Male,83100.0,6925.0,Employed,6.6,Master,Single,9000.0,Education,20.27,60,542.0,0.13,0,6,1,300.0,3157.0,Mortgage,0,High Risk
45,Female,161700.0,13475.0,Employed,19.1,Bachelor,Married,10300.0,Debt Consolidation,10.06,36,705.0,0.08,1,2,0,,5396.0,Own,2,Low Risk
48,Non-Binary,249000.0,20750.0,Employed,27.4,Master,Married,6800.0,Debt Consolidation,9.77,36,695.0,0.06,1,4,0,27200.0,7629.73,Own,2,Low Risk
30,Male,98800.0,8233.33,Employed,11.5,Master,Single,52600.0,Business,10.92,36,703.0,0.11,1,4,0,18200.0,2643.67,Mortgage,0,Low Risk
29,Female,139600.0,11633.33,Employed,5.1,Bachelor,Married,2900.0,Debt Consolidation,9.32,12,729.0,0.05,0,5,0,38500.0,4051.82,Mortgage,1,Low Risk
37,Male,49200.0,4100.0,Employed,8.2,High School,Single,12500.0,Business,15.99,24,601.0,0.13,0,4,0,2500.0,3168.61,Rent,3,Medium Risk
45,Female,15000.0,1250.0,Unemployed,0.0,Bachelor,Married,3500.0,Education,14.13,36,591.0,0.12,0,2,1,300.0,2529.89,Mortgage,3,High Risk
71,Female,26400.0,2200.0,Retired,27.0,Associate,Divorced,3400.0,Home Improvement,13.06,36,598.0,0.17,0,7,0,8700.0,1584.88,Rent,0,Medium Risk
50,Female,60500.0,5041.67,Employed,16.1,Bachelor,Single,17100.0,Business,19.05,24,578.0,0.07,0,1,0,100.0,2455.94,Rent,1,High Risk
19,Female,73700.0,6141.67,Self-Employed,0.6,Master,Single,8600.0,Debt Consolidation,12.99,60,694.0,0.16,1,7,0,200.0,2918.81,Rent,0,High Risk
68,Female,10800.0,900.0,Retired,40.0,High School,Single,4200.0,Debt Consolidation,17.84,36,606.0,0.18,0,3,0,1100.0,893.21,Rent,0,Medium Risk
54,Female,72200.0,6016.67,Employed,24.9,Bachelor,Single,7600.0,Personal,7.8,60,778.0,0.21,2,7,0,14500.0,2319.61,Mortgage,0,Low Risk
27,Male,90500.0,7541.67,Employed,6.6,Bachelor,Married,6700.0,Home Improvement,13.35,36,724.0,0.06,0,5,0,49100.0,4476.17,Mortgage,2,Low Risk
33,Male,308200.0,25683.33,Employed,6.8,Doctorate,Single,115300.0,Education,13.38,24,663.0,0.06,0,5,3,51800.0,6922.28,Rent,0,High Risk
51,Male,139800.0,11650.0,Employed,21.1,Bachelor,Married,23700.0,Home Improvement,21.47,24,560.0,0.16,2,4,0,5700.0,3958.43,Own,0,Medium Risk
52,Female,67600.0,5633.33,Employed,9.5,High School,Married,6800.0,Business,12.67,36,732.0,0.1,0,5,0,4700.0,3093.46,Mortgage,0,Low Risk
23,Male,91100.0,7591.67,Self-Employed,2.0,Bachelor,Married,33000.0,Home Improvement,20.62,36,514.0,0.1,0,3,1,2500.0,3993.23,Own,0,High Risk
50,Female,64200.0,5350.0,Employed,8.2,High School,Married,5900.0,Debt Consolidation,5.75,12,824.0,0.19,2,6,0,15000.0,2093.16,Rent,0,Low Risk
32,Female,14700.0,1225.0,Unemployed,0.0,Bachelor,Married,3100.0,Auto,21.05,36,505.0,0.32,0,5,1,100.0,2228.04,Rent,2,High Risk
59,Female,316700.0,26391.67,Employed,16.9,Doctorate,Married,115000.0,Debt Consolidation,7.68,24,741.0,0.08,1,5,0,49600.0,10324.99,Own,0,Low Risk
49,Female,90700.0,7558.33,Employed,4.2,Bachelor,Married,7700.0,Debt Consolidation,13.0,60,736.0,0.1,1,1,0,13000.0,4028.73,Own,3,Low Risk
62,Female,19600.0,1633.33,Employed,38.7,High School,Single,3200.0,Auto,16.65,60,589.0,0.13,0,4,0,1500.0,1134.9,Mortgage,0,Medium Risk
71,Male,26600.0,2216.67,Retired,26.0,Associate,Single,3600.0,Auto,13.86,36,661.0,0.33,1,4,0,4100.0,1787.51,Own,1,Medium Risk
69,Male,71500.0,5958.33,Retired,18.0,Master,Married,24900.0,Auto,14.87,36,633.0,0.2,2,2,0,8400.0,3102.55,Rent,0,Medium Risk
60,Male,138700.0,11558.33,Self-Employed,34.3,Bachelor,Married,16900.0,Business,9.56,12,698.0,0.14,2,4,0,1600.0,4198.12,Mortgage,0,Medium Risk
23,Female,9600.0,800.0,Unemployed,0.0,Bachelor,Married,3200.0,Personal,20.27,24,549.0,0.45,1,1,1,600.0,1255.18,Rent,0,High Risk
40,Female,32300.0,2691.67,Employed,12.7,High School,Married,5700.0,Debt Consolidation,23.75,24,537.0,0.15,1,1,0,0.0,1377.55,Mortgage,0,High Risk
75,Female,12600.0,1050.0,Retired,34.0,High School,Single,2100.0,Home Improvement,13.43,24,710.0,0.63,2,1,0,400.0,1022.76,Mortgage,0,Medium Risk
28,Non-Binary,122500.0,10208.33,Employed,1.4,Bachelor,Single,39800.0,Business,14.91,36,623.0,0.06,0,5,0,2700.0,5659.9,Rent,2,Medium Risk
25,Male,49100.0,4091.67,Self-Employed,1.5,Bachelor,Single,6500.0,Auto,11.27,60,684.0,0.05,0,4,0,1600.0,1719.81,Rent,1,Medium Risk
51,Female,125100.0,10425.0,Employed,1.8,Bachelor,Single,2400.0,Auto,12.21,36,697.0,0.15,3,3,0,16700.0,5155.32,Own,0,Low Risk
46,Male,177600.0,14800.0,Employed,4.0,Master,Married,30600.0,Personal,12.8,24,724.0,0.07,0,7,0,41200.0,6530.08,Mortgage,0,Low Risk
21,Male,11600.0,966.67,Unemployed,0.0,High School,Divorced,4600.0,Home Improvement,16.01,36,601.0,0.6,1,6,0,800.0,866.62,Rent,0,High Risk
25,Male,111000.0,9250.0,Employed,1.6,Bachelor,Single,22600.0,Education,11.53,36,710.0,0.07,0,2,0,19400.0,3701.79,Mortgage,3,Low Risk
45,Female,82600.0,6883.33,Employed,25.6,Bachelor,Married,2200.0,Education,9.43,36,745.0,0.14,1,7,1,11800.0,3553.22,Mortgage,2,Low Risk
41,Male,62900.0,5241.67,Employed,14.4,Associate,Married,13200.0,Business,7.22,12,745.0,0.19,1,7,0,8800.0,3550.14,Own,2,Low Risk
35,Female,92900.0,7741.67,Employed,15.5,Bachelor,Married,36700.0,Debt Consolidation,24.91,24,567.0,0.1,0,7,1,17100.0,2959.08,Mortgage,1,High Risk
19,Female,12400.0,1033.33,Unemployed,0.0,High School,Married,3800.0,Education,24.56,24,568.0,0.51,1,1,0,300.0,960.11,Rent,0,High Risk
26,Male,41800.0,3483.33,Employed,1.4,High School,Married,5400.0,Debt Consolidation,17.67,12,634.0,0.2,0,7,0,100.0,1682.81,Rent,0,High Risk
41,Male,56900.0,4741.67,Employed,,High School,Widowed,21000.0,Debt Consolidation,12.87,12,717.0,0.26,2,5,0,6300.0,1779.36,Rent,0,Medium Risk
38,Male,130000.0,10833.33,Employed,12.0,Bachelor,Single,32500.0,Education,17.24,12,591.0,0.17,5,1,1,7700.0,5633.78,Mortgage,0,High Risk
30,Male,62700.0,5225.0,Self-Employed,7.4,Bachelor,Married,29600.0,Debt Consolidation,24.07,36,568.0,0.08,0,4,0,17700.0,2954.96,Own,1,Medium Risk
26,Female,75900.0,6325.0,Employed,1.7,Bachelor,Single,26100.0,Education,16.4,12,586.0,0.1,1,3,3,25700.0,2590.2,Rent,1,High Risk
56,Male,104500.0,8708.33,Employed,16.4,Master,Divorced,8700.0,Personal,3.67,12,,0.07,0,3,0,18700.0,4100.26,Own,0,Low Risk
28,Male,110900.0,9241.67,Employed,6.0,Bachelor,Single,40800.0,Business,17.01,12,,0.07,0,7,0,11000.0,3399.93,Mortgage,1,Medium Risk
37,Female,41200.0,3433.33,Retired,15.0,Bachelor,Married,18700.0,Home Improvement,18.37,24,617.0,0.17,1,4,0,1100.0,2144.07,Rent,0,Medium Risk
60,Male,111800.0,9316.67,Employed,41.8,Bachelor,Single,11400.0,Debt Consolidation,10.1,24,737.0,0.12,1,6,1,29500.0,4407.22,Mortgage,0,Medium Risk
71,Male,15800.0,1316.67,Retired,30.0,High School,Married,4800.0,Education,10.08,36,729.0,0.32,1,3,0,2100.0,1224.6,Rent,0,Medium Risk
33,Male,53300.0,4441.67,Self-Employed,6.6,Bachelor,Single,14600.0,Education,19.62,60,570.0,0.22,1,5,3,2600.0,2537.84,Mortgage,1,High Risk
50,Female,139400.0,11616.67,Self-Employed,16.4,Bachelor,Divorced,43900.0,Debt Consolidation,10.1,36,676.0,0.05,0,2,0,18900.0,6423.1,Own,2,Low Risk
48,Female,10300.0,858.33,Unemployed,0.0,Bachelor,Single,3900.0,Home Improvement,24.25,36,533.0,0.57,1,3,1,500.0,1074.32,Mortgage,1,High Risk
43,Male,127800.0,10650.0,Self-Employed,15.5,Bachelor,Married,28600.0,Debt Consolidation,9.27,36,756.0,0.08,1,4,0,15900.0,3723.9,Own,2,Low Risk
47,Male,88200.0,7350.0,Employed,3.5,Master,Single,21200.0,Education,6.64,36,770.0,0.19,1,9,0,41700.0,3879.62,Rent,4,Low Risk
58,Male,109400.0,9116.67,Self-Employed,29.2,Bachelor,Single,29900.0,Auto,12.43,60,678.0,0.12,0,5,2,8800.0,3165.98,Own,0,High Risk
50,Female,121900.0,10158.33,Employed,22.4,Master,Single,47600.0,Business,24.96,36,573.0,0.14,2,2,1,71400.0,3772.06,Mortgage,1,High Risk
66,Female,37300.0,3108.33,Retired,43.0,Bachelor,Married,9700.0,Debt Consolidation,18.47,60,601.0,0.21,0,7,0,9400.0,1729.9,Rent,0,High Risk
67,Male,22900.0,1908.33,Retired,19.0,Associate,Single,2400.0,Debt Consolidation,7.54,24,747.0,0.15,1,1,0,1500.0,866.15,Mortgage,0,Low Risk
72,Female,42100.0,3508.33,Retired,33.0,Bachelor,Single,12600.0,Debt Consolidation,12.32,24,706.0,0.11,0,6,0,7200.0,2057.36,Rent,2,Medium Risk
23,Male,63800.0,5316.67,Employed,3.6,Bachelor,Single,3200.0,Debt Consolidation,17.36,24,640.0,0.05,0,2,0,8300.0,3350.19,Rent,0,Medium Risk
47,Non-Binary,69200.0,5766.67,Self-Employed,1.0,High School,Single,4300.0,Auto,9.03,24,749.0,0.05,0,2,0,13600.0,2418.25,Mortgage,0,Low Risk
55,Male,140000.0,11666.67,Employed,15.8,Master,Single,16500.0,Education,16.25,24,659.0,0.14,3,7,0,4800.0,6453.5,Mortgage,2,Medium Risk
53,Male,82500.0,6875.0,Employed,27.8,Bachelor,Single,29300.0,Personal,13.18,36,717.0,0.13,0,7,0,16000.0,2459.42,Mortgage,0,Low Risk
59,Female,150200.0,12516.67,Employed,25.3,Bachelor,Married,5600.0,Personal,16.7,12,665.0,0.09,0,3,0,13400.0,6519.66,Own,0,Low Risk
65,Male,39600.0,3300.0,Employed,1.8,Associate,Married,10500.0,Education,12.61,36,721.0,0.23,1,5,2,4500.0,2233.46,Own,0,High Risk
60,Female,128500.0,10708.33,Employed,18.3,Master,Widowed,39200.0,Business,9.67,36,703.0,0.06,1,3,0,23100.0,5239.18,Mortgage,0,Medium Risk
49,Female,161200.0,13433.33,Employed,11.3,Master,Married,6400.0,Business,8.19,36,752.0,,0,9,0,21600.0,3859.02,Mortgage,0,Low Risk
67,Male,104300.0,8691.67,Employed,41.3,Master,Single,26300.0,Business,8.92,24,778.0,0.12,1,7,0,25100.0,4570.07,Own,0,Low Risk
55,Female,141900.0,11825.0,Employed,23.2,Bachelor,Single,43400.0,Home Improvement,12.96,24,716.0,0.07,1,4,0,9200.0,6238.1,Mortgage,3,Low Risk
65,Male,49900.0,4158.33,Employed,26.7,Associate,Divorced,6800.0,Debt Consolidation,10.07,36,738.0,0.18,1,4,0,7900.0,2365.92,Mortgage,0,Low Risk
56,Male,305600.0,25466.67,Employed,15.2,Doctorate,Married,90600.0,Debt Consolidation,6.97,12,754.0,0.1,1,7,0,133200.0,11251.74,Rent,0,Low Risk
52,Female,165500.0,13791.67,Employed,6.3,Bachelor,Widowed,41000.0,Debt Consolidation,9.53,36,740.0,0.05,0,2,0,1900.0,4578.54,Own,0,Low Risk
42,Male,93000.0,7750.0,Employed,23.2,Bachelor,Single,9200.0,Auto,12.16,36,692.0,0.13,0,4,0,14100.0,5190.34,Rent,3,Low Risk
34,Female,6200.0,516.67,Unemployed,0.0,Bachelor,Single,4000.0,Debt Consolidation,17.56,60,,0.49,0,7,0,700.0,1055.69,Mortgage,1,High Risk
66,Female,21300.0,1775.0,Retired,22.0,Associate,Married,4100.0,Education,21.58,36,576.0,0.13,0,4,0,1300.0,1464.71,Mortgage,0,High Risk
37,Female,137700.0,11475.0,Employed,0.9,Bachelor,Single,13700.0,Debt Consolidation,10.75,24,693.0,0.12,1,5,0,16000.0,4429.44,Rent,2,Low Risk
62,Non-Binary,101600.0,8466.67,Self-Employed,36.0,Bachelor,Single,7400.0,Debt Consolidation,7.15,12,773.0,0.14,2,4,0,24600.0,2197.78,Own,0,Low Risk
28,Male,98000.0,8166.67,Employed,5.7,Bachelor,Married,3000.0,Debt Consolidation,23.06,60,541.0,0.14,1,7,0,4400.0,4139.66,Mortgage,0,Medium Risk
39,Female,56500.0,4708.33,Employed,19.4,Bachelor,Married,10600.0,Personal,10.9,36,698.0,0.15,0,6,0,700.0,2406.88,Rent,2,Medium Risk
43,Female,168900.0,14075.0,Self-Employed,5.4,Bachelor,Single,13900.0,Auto,18.38,24,596.0,0.15,5,6,0,8800.0,6474.41,Own,4,Medium Risk
32,Male,71300.0,5941.67,Employed,2.7,Associate,Divorced,9700.0,Business,17.11,36,649.0,0.1,0,3,0,18400.0,3076.11,Mortgage,2,Low Risk
69,Male,109400.0,9116.67,Employed,30.2,Bachelor,Single,16200.0,Debt Consolidation,10.98,36,714.0,0.14,0,7,0,26400.0,5141.55,Rent,1,Low Risk
46,Non-Binary,37000.0,3083.33,Self-Employed,2.3,High School,Married,5300.0,Education,22.48,36,557.0,0.21,1,2,2,17000.0,2236.54,Rent,2,High Risk
21,Male,18200.0,1516.67,Self-Employed,1.8,High School,Married,4800.0,Debt Consolidation,13.24,36,650.0,0.23,0,4,1,800.0,1082.55,Rent,0,High Risk
53,Female,75000.0,6250.0,Self-Employed,33.6,Bachelor,Married,21200.0,Home Improvement,17.34,36,595.0,0.19,1,7,0,4100.0,3225.13,Rent,0,High Risk
59,Male,100500.0,8375.0,Employed,33.4,Master,Single,9000.0,Debt Consolidation,12.21,24,682.0,0.08,0,4,0,26700.0,2811.12,Own,0,Low Risk
48,Female,99900.0,8325.0,Employed,2.1,Bachelor,Single,34900.0,Debt Consolidation,9.04,12,704.0,0.05,0,4,1,6800.0,2940.9,Rent,1,Medium Risk
66,Female,19100.0,1591.67,Retired,44.0,High School,Married,10100.0,Education,10.66,60,714.0,0.11,0,3,0,2400.0,1224.48,Mortgage,0,Low Risk
21,Male,46300.0,3858.33,Employed,,High School,Married,6900.0,Home Improvement,24.11,12,557.0,0.25,2,2,0,5500.0,2180.26,Rent,0,High Risk
74,Female,12300.0,1025.0,Retired,19.0,High School,Single,4800.0,Debt Consolidation,15.35,60,659.0,0.7,1,7,1,500.0,791.52,Rent,0,High Risk
62,Female,10100.0,841.67,Unemployed,0.0,Bachelor,Single,3100.0,Home Improvement,16.88,36,653.0,0.22,0,5,1,500.0,1251.68,Mortgage,1,High Risk
18,Non-Binary,9300.0,775.0,Unemployed,0.0,Associate,Married,4200.0,Debt Consolidation,20.26,24,545.0,0.64,1,1,1,700.0,1459.73,Rent,1,High Risk
37,Male,53800.0,4483.33,Employed,12.2,High School,Single,12200.0,Home Improvement,14.6,60,690.0,0.09,0,1,0,23200.0,2231.3,Mortgage,0,Low Risk
57,Male,134000.0,11166.67,Employed,34.0,Bachelor,Married,5500.0,Debt Consolidation,9.04,24,789.0,0.08,0,6,0,37200.0,4925.37,Mortgage,0,Low Risk
66,Female,34100.0,2841.67,Retired,42.0,Bachelor,Married,16400.0,Education,11.54,24,715.0,0.17,0,6,1,900.0,1443.16,Rent,0,High Risk
42,Female,55000.0,4583.33,Employed,19.1,Associate,Single,5700.0,Education,9.12,36,721.0,0.2,2,2,0,5900.0,2175.63,Own,2,Low Risk
31,Male,49400.0,4116.67,Employed,5.9,Bachelor,Widowed,15000.0,Debt Consolidation,8.88,36,782.0,0.1,0,3,0,15900.0,3237.17,Own,2,Low Risk
42,Female,12900.0,1075.0,Unemployed,0.0,Bachelor,Single,4100.0,Business,19.6,36,533.0,0.5,2,3,1,1100.0,1001.79,Mortgage,0,High Risk
47,Female,65100.0,5425.0,Employed,16.1,Bachelor,Single,8100.0,Debt Consolidation,17.55,12,603.0,0.07,0,2,0,4100.0,3068.63,Mortgage,1,Medium Risk
41,Male,161800.0,13483.33,Employed,13.3,Bachelor,Single,21200.0,Home Improvement,13.74,36,617.0,0.09,0,5,0,6400.0,5523.69,Own,1,Medium Risk
18,Male,107900.0,8991.67,Employed,0.0,Doctorate,Single,28600.0,Education,10.04,60,734.0,0.23,2,7,0,3800.0,4151.51,Rent,0,Medium Risk
45,Male,197400.0,16450.0,Self-Employed,3.7,Master,Married,47500.0,Debt Consolidation,16.97,36,620.0,0.09,1,6,0,100000.0,8070.61,Own,1,Low Risk
62,Male,92200.0,7683.33,Employed,24.5,Bachelor,Single,16400.0,Home Improvement,24.34,12,531.0,0.11,0,6,1,12500.0,2163.15,Mortgage,0,High Risk
30,Female,137400.0,11450.0,Employed,9.6,Bachelor,Single,8600.0,Debt Consolidation,12.74,36,732.0,0.08,0,3,0,6100.0,4968.04,Mortgage,2,Low Risk
53,Female,78400.0,6533.33,Employed,8.0,Bachelor,Married,26000.0,Debt Consolidation,16.41,12,,0.1,0,1,0,2700.0,3892.53,Rent,1,Medium Risk
26,Male,26200.0,2183.33,Self-Employed,6.8,High School,Married,9800.0,Home Improvement,17.38,12,586.0,0.13,0,4,1,4500.0,1678.17,Rent,3,High Risk
56,Female,133800.0,11150.0,Employed,19.6,Bachelor,Divorced,26300.0,Debt Consolidation,13.98,12,622.0,0.07,0,1,0,21200.0,5629.23,Mortgage,0,Medium Risk
42,Female,66500.0,5541.67,Self-Employed,23.7,Bachelor,Married,2600.0,Home Improvement,11.27,24,733.0,0.13,0,4,0,10200.0,3098.87,Rent,1,Low Risk
38,Male,32800.0,2733.33,Employed,18.4,High School,Married,14800.0,Debt Consolidation,17.3,60,648.0,0.31,2,1,0,2700.0,2087.08,Own,3,Medium Risk
36,Female,107300.0,8941.67,Employed,13.6,Doctorate,Divorced,12000.0,Education,18.44,24,573.0,0.2,3,2,0,2800.0,3248.74,Own,0,Medium Risk
28,Female,129500.0,10791.67,Employed,7.5,Master,Married,21500.0,Debt Consolidation,9.63,36,673.0,0.11,1,5,1,1000.0,5065.4,Own,0,Medium Risk
19,Male,44700.0,3725.0,Self-Employed,0.7,Associate,Married,3200.0,Debt Consolidation,17.62,36,639.0,0.25,2,2,0,15300.0,1659.49,Rent,1,Medium Risk
65,Non-Binary,20200.0,1683.33,Employed,28.0,High School,Married,6500.0,Education,23.77,60,517.0,0.37,1,6,0,500.0,1243.27,Rent,0,High Risk
46,Male,12000.0,1000.0,Unemployed,0.0,Bachelor,Divorced,2200.0,Business,10.53,60,746.0,0.4,1,3,0,1800.0,1286.99,Mortgage,1,Medium Risk
74,Female,28600.0,2383.33,Retired,37.0,Bachelor,Married,2800.0,Home Improvement,12.97,12,686.0,0.42,2,7,0,8400.0,1602.23,Own,1,Medium Risk
47,Female,76700.0,6391.67,Retired,17.0,Master,Married,6000.0,Home Improvement,18.17,24,564.0,0.22,2,4,0,15800.0,3164.01,Rent,0,Medium Risk
29,Female,34500.0,2875.0,Employed,9.7,High School,Single,3200.0,Debt Consolidation,16.61,60,584.0,0.25,1,5,0,5400.0,1912.54,Mortgage,3,Medium Risk
35,Female,40900.0,3408.33,Employed,6.5,High School,Single,4300.0,Home Improvement,17.31,60,670.0,0.13,0,4,0,6800.0,1694.02,Rent,0,Low Risk
22,Male,47900.0,3991.67,Employed,1.4,High School,Single,14500.0,Debt Consolidation,21.2,60,516.0,0.26,2,4,1,1900.0,2172.39,Rent,0,High Risk
58,Male,308200.0,25683.33,Employed,32.3,Doctorate,Married,105500.0,Debt Consolidation,10.46,60,743.0,0.09,2,6,0,,10766.52,Rent,2,Low Risk
18,Male,66900.0,5575.0,Employed,,Associate,Single,20400.0,Debt Consolidation,11.65,36,674.0,0.13,0,4,1,2100.0,3202.98,Rent,0,Medium Risk
18,Female,11900.0,991.67,Unemployed,0.0,Master,Married,2000.0,Business,19.03,36,543.0,0.7,2,7,2,2500.0,1073.19,Rent,0,High Risk
60,Male,114500.0,9541.67,Employed,15.3,Bachelor,Single,21500.0,Home Improvement,10.93,60,713.0,0.06,1,3,0,15700.0,3720.72,Mortgage,0,Medium Risk
42,Male,136400.0,11366.67,Self-Employed,23.2,Bachelor,Married,3800.0,Home Improvement,25.78,60,571.0,0.1,0,5,1,29700.0,4341.13,Mortgage,2,High Risk
50,Female,7500.0,625.0,Unemployed,,High School,Single,2300.0,Business,24.83,12,552.0,0.48,1,3,0,200.0,1603.06,Rent,1,High Risk
37,Male,59200.0,4933.33,Employed,0.5,Bachelor,Divorced,5300.0,Home Improvement,18.11,24,659.0,0.12,0,3,0,5900.0,2873.47,Rent,2,Low Risk
40,Male,61900.0,5158.33,Employed,22.0,High School,Married,7800.0,Personal,15.32,60,586.0,0.14,0,7,0,6600.0,3714.85,Mortgage,3,Medium Risk
46,Male,55200.0,4600.0,Employed,15.2,High School,Single,20800.0,Personal,17.81,12,653.0,0.05,0,3,0,3500.0,2666.89,Own,0,Medium Risk
73,Female,92700.0,7725.0,Self-Employed,40.5,Bachelor,Married,15900.0,Business,5.74,36,829.0,0.12,0,5,0,24300.0,3909.23,Own,0,Low Risk
54,Female,154700.0,12891.67,Employed,20.6,Bachelor,Married,9500.0,Education,6.26,36,757.0,0.11,1,6,0,24400.0,6596.27,Own,2,Low Risk
20,Male,98400.0,8200.0,Employed,1.1,Bachelor,Single,10600.0,Personal,20.45,12,574.0,0.13,0,6,0,25100.0,3539.16,Rent,0,Medium Risk
36,Female,39600.0,3300.0,Employed,8.4,Associate,Married,2400.0,Education,11.82,36,714.0,0.19,2,1,0,300.0,1792.68,Mortgage,0,Low Risk
41,Female,137000.0,11416.67,Employed,20.4,Bachelor,Married,24400.0,Auto,8.6,36,777.0,0.1,2,10,0,56700.0,4315.15,Own,2,Low Risk
32,Male,118000.0,9833.33,Employed,11.4,Bachelor,Married,16800.0,Education,10.11,36,728.0,0.05,0,3,0,13900.0,4473.27,Own,2,Low Risk
18,Female,10100.0,841.67,Unemployed,0.0,Associate,Single,4800.0,Debt Consolidation,16.04,60,603.0,0.17,0,2,0,,1522.17,Rent,0,High Risk
31,Male,6400.0,533.33,Unemployed,0.0,Master,Married,2100.0,Debt Consolidation,9.12,36,689.0,0.7,3,6,0,400.0,1414.15,Rent,2,High Risk
26,Female,73700.0,6141.67,Employed,1.0,Associate,Single,17600.0,Debt Consolidation,17.02,12,646.0,0.13,0,3,0,8500.0,2964.82,Rent,2,Medium Risk
32,Female,130300.0,10858.33,Employed,2.7,Bachelor,Married,35400.0,Auto,16.78,12,595.0,0.05,0,2,2,3200.0,4944.78,Own,4,High Risk
68,Male,27300.0,2275.0,Retired,27.0,Bachelor,Single,5400.0,Debt Consolidation,8.15,36,779.0,0.7,4,5,0,5300.0,1898.0,Rent,0,Medium Risk
68,Male,73700.0,6141.67,Retired,22.0,Master,Married,8400.0,Home Improvement,13.69,60,715.0,0.29,4,2,0,3700.0,2587.39,Own,0,Medium Risk
62,Male,37900.0,3158.33,Retired,29.0,Bachelor,Single,2800.0,Debt Consolidation,17.31,36,638.0,0.22,1,3,0,14500.0,1775.46,Rent,0,Medium Risk
70,Male,14600.0,1216.67,Retired,37.0,Associate,Divorced,2000.0,Auto,12.86,36,686.0,0.32,0,5,0,2200.0,1268.15,Rent,1,Low Risk
40,Female,134400.0,11200.0,Employed,3.7,Bachelor,Single,14000.0,Home Improvement,16.45,36,634.0,0.08,0,3,2,44800.0,5767.24,Mortgage,1,High Risk
71,Male,21800.0,1816.67,Retired,40.0,Bachelor,Single,3100.0,Auto,10.35,24,673.0,0.11,0,1,0,2800.0,1452.07,Rent,0,Medium Risk
65,Female,6900.0,575.0,Unemployed,0.0,High School,Single,2800.0,Debt Consolidation,17.69,60,619.0,0.66,1,2,0,800.0,1305.29,Rent,0,High Risk
32,Male,62300.0,5191.67,Employed,11.2,Associate,Married,18100.0,Education,18.05,24,632.0,0.3,3,1,1,11200.0,2199.35,Own,1,High Risk
62,Female,40900.0,3408.33,Employed,36.2,Associate,Married,15500.0,Business,7.89,12,755.0,0.23,1,6,0,12400.0,1878.3,Mortgage,0,Low Risk
53,Female,63000.0,5250.0,Employed,8.7,Bachelor,Married,6000.0,Home Improvement,13.04,12,644.0,0.16,1,4,0,15000.0,2726.84,Mortgage,1,Low Risk
46,Female,135200.0,11266.67,Self-Employed,,Bachelor,Divorced,5400.0,Personal,14.83,24,608.0,0.1,1,7,0,5600.0,5029.9,Mortgage,3,Low Risk
27,Female,53100.0,4425.0,Employed,1.7,High School,Married,5300.0,Debt Consolidation,18.28,60,624.0,0.33,3,5,0,53600.0,2989.92,Own,1,Low Risk
29,Female,29700.0,2475.0,Employed,10.0,High School,Married,7300.0,Debt Consolidation,19.65,24,516.0,,0,3,1,400.0,2216.86,Mortgage,0,High Risk
58,Female,5100.0,425.0,Unemployed,0.0,Bachelor,Single,3900.0,Auto,19.71,60,588.0,0.7,1,7,1,1000.0,636.48,Own,0,High Risk
29,Female,36800.0,3066.67,Employed,1.0,High School,Married,11100.0,Education,17.11,36,606.0,0.09,0,1,1,10400.0,1561.14,Mortgage,0,High Risk
56,Male,45300.0,3775.0,Employed,0.6,Associate,Married,9800.0,Debt Consolidation,8.34,60,755.0,0.25,1,9,0,14300.0,2329.63,Mortgage,0,Low Risk
39,Male,6100.0,508.33,Unemployed,0.0,High School,Married,4800.0,Education,16.14,36,584.0,0.7,1,3,0,400.0,1619.21,Mortgage,2,High Risk
27,Female,132900.0,11075.0,Employed,1.7,Bachelor,Divorced,4700.0,Debt Consolidation,16.03,12,625.0,0.05,0,5,0,6700.0,3576.91,Own,2,Low Risk
52,Female,125000.0,10416.67,Employed,33.9,Bachelor,Divorced,4100.0,Debt Consolidation,8.7,60,741.0,0.08,2,6,0,1000.0,4426.02,Own,0,Low Risk
55,Female,135800.0,11316.67,Self-Employed,6.4,Bachelor,Widowed,11700.0,Education,14.7,24,606.0,0.05,0,2,0,,3856.71,Own,1,Medium Risk
31,Female,54800.0,4566.67,Employed,5.5,High School,Single,11300.0,Debt Consolidation,13.93,36,608.0,0.15,0,4,0,500.0,2979.58,Own,1,Medium Risk
63,Female,110000.0,9166.67,Employed,16.2,Bachelor,Divorced,41400.0,Auto,11.17,24,699.0,0.11,1,3,0,60300.0,2986.75,Rent,0,Low Risk
39,Male,38900.0,3241.67,Employed,5.9,High School,Married,2000.0,Home Improvement,24.48,24,565.0,0.11,0,7,0,4600.0,2440.35,Rent,2,Medium Risk
27,Female,108500.0,9041.67,Employed,5.2,Bachelor,Single,16100.0,Debt Consolidation,23.15,24,578.0,0.05,0,2,0,14600.0,4677.04,Mortgage,0,High Risk
41,Male,60700.0,5058.33,Self-Employed,20.3,Bachelor,Single,8700.0,Debt Consolidation,16.49,12,642.0,0.05,0,1,1,,2880.94,Rent,0,High Risk
64,Female,37700.0,3141.67,Employed,4.0,High School,Single,6200.0,Debt Consolidation,6.88,36,749.0,0.29,2,2,0,8500.0,1173.38,Mortgage,0,Low Risk
57,Male,6000.0,500.0,Unemployed,0.0,Master,Married,2400.0,Home Improvement,18.45,24,596.0,0.7,3,4,1,600.0,1343.64,Mortgage,0,High Risk
43,Male,94700.0,7891.67,Employed,0.5,Bachelor,Married,6900.0,Auto,15.64,60,653.0,0.1,0,5,0,70600.0,3824.07,Mortgage,2,Low Risk
45,Male,63300.0,5275.0,Employed,14.4,High School,Single,4900.0,Home Improvement,13.38,36,730.0,0.14,3,3,0,28200.0,3492.61,Rent,2,Low Risk
46,Male,171100.0,14258.33,Self-Employed,16.6,Bachelor,Single,19000.0,Debt Consolidation,11.67,24,681.0,0.08,0,5,0,26200.0,8203.72,Rent,2,Low Risk
25,Female,76900.0,6408.33,Employed,5.1,Bachelor,Divorced,19100.0,Personal,19.49,24,487.0,0.08,1,0,1,2500.0,2913.13,Rent,2,High Risk
25,Male,87300.0,7275.0,Employed,4.6,Master,Married,4800.0,Debt Consolidation,9.37,36,703.0,0.1,0,2,0,38400.0,2877.79,Mortgage,1,Low Risk
52,Male,16500.0,1375.0,Retired,19.0,High School,Divorced,3400.0,Business,11.57,12,727.0,0.37,1,5,0,4600.0,1588.63,Rent,0,Medium Risk
45,Male,111800.0,9316.67,Self-Employed,10.8,Master,Married,20300.0,Personal,7.16,36,759.0,0.14,1,8,0,51400.0,2733.38,Mortgage,0,Low Risk
27,Male,27300.0,2275.0,Employed,3.1,High School,Single,2800.0,Debt Consolidation,16.42,36,584.0,0.25,1,4,1,6900.0,1295.54,Rent,0,Medium Risk
65,Female,53900.0,4491.67,Employed,8.2,High School,Single,13300.0,Auto,11.65,60,722.0,0.11,0,4,0,5800.0,2186.07,Rent,1,Medium Risk
57,Female,120900.0,10075.0,Employed,10.1,Bachelor,Divorced,28700.0,Business,3.96,36,821.0,0.11,1,9,0,42800.0,3633.88,Mortgage,2,Low Risk
64,Male,267600.0,22300.0,Self-Employed,13.2,Doctorate,Single,63100.0,Home Improvement,12.3,36,,0.05,1,4,0,172700.0,7563.79,Mortgage,0,Low Risk
50,Female,16700.0,1391.67,Retired,23.0,High School,Single,4900.0,Debt Consolidation,13.02,24,638.0,0.7,3,7,0,2600.0,1031.56,Rent,0,High Risk
59,Female,89300.0,7441.67,Self-Employed,19.0,Bachelor,Single,11700.0,Auto,22.47,36,543.0,0.09,0,4,0,3800.0,4489.55,Own,0,High Risk
50,Male,50800.0,4233.33,Employed,30.4,Associate,Single,16000.0,Auto,10.59,12,703.0,0.1,1,1,0,17600.0,3533.33,Mortgage,3,Low Risk
46,Female,8300.0,691.67,Unemployed,0.0,Bachelor,Married,4600.0,Personal,16.71,24,608.0,0.68,1,3,0,200.0,2018.99,Rent,4,High Risk
40,Female,61400.0,5116.67,Employed,20.1,Bachelor,Divorced,6100.0,Auto,13.4,60,682.0,0.05,0,7,0,9800.0,3274.13,Mortgage,2,Low Risk
36,Female,318500.0,26541.67,Employed,1.4,Doctorate,Married,88300.0,Auto,9.88,60,746.0,0.05,0,2,0,26200.0,6941.55,Mortgage,0,Low Risk
69,Male,22900.0,1908.33,Retired,34.0,High School,Single,5100.0,Home Improvement,14.12,60,689.0,0.2,0,5,3,1200.0,845.65,Mortgage,0,High Risk
58,Male,25200.0,2100.0,Employed,22.5,High School,Single,5300.0,Auto,15.37,36,606.0,0.3,1,5,1,8600.0,1537.88,Rent,1,Medium Risk
67,Male,65300.0,5441.67,Retired,15.0,Master,Divorced,20400.0,Debt Consolidation,10.57,12,724.0,0.23,2,2,0,3900.0,3241.27,Mortgage,0,Medium Risk
72,Male,20800.0,1733.33,Retired,35.0,Bachelor,Single,7900.0,Business,9.63,60,763.0,0.22,0,10,0,5000.0,1527.63,Mortgage,0,Low Risk
19,Male,48600.0,4050.0,Employed,0.6,High School,Divorced,24700.0,Debt Consolidation,9.14,36,748.0,0.28,2,3,0,800.0,2316.66,Rent,1,Medium Risk
72,Male,32800.0,2733.33,Retired,44.0,Bachelor,Married,4900.0,Personal,8.2,60,771.0,0.24,1,7,0,4000.0,1908.31,Mortgage,0,Low Risk
22,Male,120300.0,10025.0,Self-Employed,3.3,Master,Married,46600.0,Education,16.83,60,583.0,0.12,1,6,2,32200.0,4904.96,Rent,0,High Risk
73,Female,10900.0,908.33,Retired,26.0,High School,Married,3500.0,Personal,18.47,60,665.0,0.7,1,5,0,0.0,1412.58,Own,0,High Risk
30,Female,107500.0,8958.33,Employed,5.5,Bachelor,Single,5100.0,Personal,17.94,24,634.0,0.15,2,3,2,6600.0,3188.59,Mortgage,0,High Risk
75,Female,36600.0,3050.0,Retired,,Doctorate,Single,3300.0,Home Improvement,16.81,36,628.0,0.18,1,3,0,6100.0,1161.84,Mortgage,0,Low Risk
36,Male,41400.0,3450.0,Retired,16.0,Bachelor,Married,2000.0,Debt Consolidation,9.22,36,726.0,0.1,0,5,0,,2274.81,Mortgage,2,Low Risk
24,Male,105600.0,8800.0,Employed,2.3,Bachelor,Divorced,4900.0,Home Improvement,10.01,36,676.0,0.08,0,2,0,8500.0,3969.06,Rent,0,Low Risk
49,Male,31800.0,2650.0,Employed,7.6,High School,Divorced,4900.0,Debt Consolidation,12.57,12,697.0,0.17,1,1,0,8500.0,2287.97,Mortgage,2,Low Risk
73,Male,8500.0,708.33,Retired,38.0,High School,Single,2400.0,Home Improvement,13.92,12,664.0,0.36,1,1,1,1100.0,644.53,Own,0,High Risk
61,Female,84700.0,7058.33,Employed,41.3,Master,Divorced,25700.0,Home Improvement,10.38,36,733.0,0.18,1,6,1,200.0,3200.97,Rent,0,Medium Risk
58,Female,91100.0,7591.67,Employed,13.5,Master,Single,12200.0,Debt Consolidation,8.25,36,792.0,0.1,0,4,0,31000.0,3234.66,Mortgage,2,Low Risk
52,Female,184200.0,15350.0,Employed,31.3,Master,Married,26200.0,Debt Consolidation,11.75,12,695.0,0.07,1,5,0,8300.0,5804.2,Mortgage,0,Low Risk
52,Female,31100.0,2591.67,Employed,6.8,High School,Single,6600.0,Business,17.51,24,655.0,0.18,0,4,0,200.0,2018.14,Mortgage,4,Medium Risk
18,Male,69600.0,5800.0,Employed,0.0,Bachelor,Married,4300.0,Debt Consolidation,16.72,60,615.0,0.1,0,7,0,15400.0,2404.17,Rent,0,Medium Risk
40,Female,80200.0,6683.33,Self-Employed,17.3,Master,Married,26800.0,Debt Consolidation,7.71,24,789.0,0.14,2,5,0,18400.0,3177.74,Own,0,Low Risk
35,Male,104200.0,8683.33,Self-Employed,3.4,Bachelor,Divorced,9800.0,Business,13.75,24,634.0,0.05,0,6,0,17000.0,3391.92,Mortgage,2,Low Risk
62,Male,71800.0,5983.33,Employed,42.2,Associate,Single,13400.0,Debt Consolidation,7.43,60,823.0,0.13,1,8,0,10700.0,2718.44,Rent,0,Low Risk
71,Male,26600.0,2216.67,Retired,,Bachelor,Single,9700.0,Debt Consolidation,19.96,36,548.0,0.2,0,7,1,0.0,1622.1,Rent,1,High Risk
72,Female,26900.0,2241.67,Retired,36.0,Bachelor,Divorced,3700.0,Debt Consolidation,10.39,36,681.0,0.26,1,1,0,3000.0,1217.89,Mortgage,0,Medium Risk
24,Female,72700.0,6058.33,Employed,5.8,Bachelor,Married,8700.0,Education,21.12,24,485.0,0.08,0,0,1,4000.0,2491.48,Rent,0,High Risk
66,Non-Binary,51400.0,4283.33,Retired,28.0,Bachelor,Single,6100.0,Education,11.57,36,718.0,0.22,2,3,0,9900.0,2303.31,Own,0,Low Risk
60,Female,58300.0,4858.33,Self-Employed,11.1,High School,Single,24600.0,Personal,11.33,36,687.0,0.11,1,6,0,16200.0,2557.35,Mortgage,0,Medium Risk
33,Female,54500.0,4541.67,Employed,6.4,Bachelor,Widowed,8000.0,Debt Consolidation,15.37,24,634.0,0.13,1,3,0,5300.0,2164.78,Rent,1,Medium Risk
66,Female,47800.0,3983.33,Retired,22.0,Master,Single,18500.0,Business,18.49,60,667.0,0.09,0,2,0,500.0,2702.44,Mortgage,2,Medium Risk
36,Female,60400.0,5033.33,Employed,14.6,High School,Married,5300.0,Debt Consolidation,14.86,36,617.0,0.09,0,4,0,2900.0,3849.05,Mortgage,3,Medium Risk
23,Male,102200.0,8516.67,Employed,4.7,Master,Single,26600.0,Auto,18.21,36,659.0,0.14,2,2,0,24500.0,3313.52,Rent,0,Medium Risk
69,Female,62400.0,5200.0,Retired,34.0,Master,Single,5700.0,Debt Consolidation,6.2,24,833.0,0.1,0,8,0,12400.0,2842.03,Rent,0,Low Risk
20,Male,9300.0,775.0,Unemployed,0.0,Doctorate,Divorced,4300.0,Auto,13.34,36,585.0,0.31,0,4,0,2500.0,1044.16,Rent,2,High Risk
54,Female,153700.0,12808.33,Employed,26.9,Bachelor,Divorced,9000.0,Auto,8.08,24,779.0,0.08,1,5,0,52200.0,5247.38,Own,3,Low Risk
29,Male,153200.0,12766.67,Employed,8.1,Master,Single,43800.0,Debt Consolidation,13.37,12,709.0,0.08,0,5,0,3000.0,6606.78,Own,1,Medium Risk
22,Female,101400.0,8450.0,Employed,0.5,Bachelor,Single,22800.0,Business,9.73,24,707.0,0.2,5,7,0,10200.0,3428.93,Rent,2,Medium Risk
66,Male,26600.0,2216.67,Retired,30.0,Associate,Single,3200.0,Debt Consolidation,13.4,60,688.0,0.18,0,7,1,1900.0,1514.73,Rent,0,Medium Risk
24,Female,81600.0,6800.0,Employed,2.4,Bachelor,Married,11100.0,Education,13.89,12,664.0,0.11,0,7,0,16200.0,3819.66,Mortgage,2,Low Risk
39,Female,7700.0,641.67,Unemployed,0.0,Associate,Divorced,2500.0,Education,20.26,24,515.0,0.7,1,7,1,600.0,1786.68,Rent,2,High Risk
40,Female,49600.0,4133.33,Employed,9.7,Associate,Divorced,21100.0,Auto,10.74,24,722.0,0.22,3,2,0,6400.0,1517.34,Rent,0,Medium Risk
37,Female,123900.0,10325.0,Employed,6.8,Bachelor,Single,18200.0,Home Improvement,15.72,36,647.0,0.08,1,5,0,49400.0,4744.14,Own,1,Low Risk
65,Male,163800.0,13650.0,Employed,2.4,Doctorate,Single,3200.0,Debt Consolidation,11.85,36,671.0,0.07,1,1,0,109500.0,4259.51,Own,0,Low Risk
66,Male,69800.0,5816.67,Retired,35.0,Master,Married,3800.0,Debt Consolidation,7.23,36,780.0,0.23,3,7,0,61200.0,2627.16,Mortgage,0,Low Risk
47,Male,78700.0,6558.33,Employed,16.5,Bachelor,Single,13100.0,Home Improvement,8.09,60,756.0,0.1,0,4,0,34900.0,2268.8,Mortgage,1,Low Risk
19,Male,104300.0,8691.67,Self-Employed,0.7,Master,Married,6100.0,Auto,20.09,36,564.0,0.09,1,5,2,6300.0,2605.47,Rent,0,High Risk
51,Female,67200.0,5600.0,Self-Employed,28.7,High School,Single,37600.0,Debt Consolidation,16.78,24,621.0,0.11,0,7,0,600.0,3058.52,Mortgage,1,High Risk
59,Female,64100.0,5341.67,Employed,5.1,Bachelor,Married,5700.0,Debt Consolidation,19.51,60,600.0,0.15,1,4,0,20400.0,2911.58,Mortgage,0,Low Risk
28,Female,66000.0,5500.0,Employed,7.1,Master,Married,19300.0,Education,13.92,24,655.0,0.09,0,5,0,3600.0,2393.23,Mortgage,0,Medium Risk
75,Female,34900.0,2908.33,Retired,31.0,Bachelor,Married,4900.0,Home Improvement,21.61,60,557.0,0.33,1,7,0,1000.0,1577.6,Mortgage,0,High Risk
60,Male,61700.0,5141.67,Employed,10.8,Associate,Married,9500.0,Education,17.09,24,607.0,0.09,0,1,0,300.0,3057.17,Rent,2,Medium Risk
43,Male,156700.0,13058.33,Employed,2.5,Bachelor,Married,23700.0,Auto,19.38,24,546.0,0.13,1,2,1,4400.0,4936.3,Mortgage,0,High Risk
64,Male,288900.0,24075.0,Self-Employed,43.1,Doctorate,Married,48600.0,Education,5.37,24,850.0,0.09,2,6,0,45300.0,7448.66,Rent,0,Low Risk
54,Female,49500.0,4125.0,Employed,17.5,High School,Married,2700.0,Debt Consolidation,10.22,24,686.0,0.12,1,5,0,1400.0,1926.89,Mortgage,0,Low Risk
46,Female,89800.0,7483.33,Employed,10.5,Bachelor,Widowed,36800.0,Home Improvement,10.23,12,726.0,0.14,1,5,0,1700.0,3226.41,Own,0,Medium Risk
47,Female,58000.0,4833.33,Employed,2.6,High School,Single,12300.0,Auto,17.99,12,584.0,0.05,0,2,0,6000.0,2088.07,Rent,1,Medium Risk
24,Male,59900.0,4991.67,Employed,2.8,Associate,Married,12500.0,Home Improvement,15.32,36,647.0,0.12,1,5,1,9600.0,2334.95,Rent,0,High Risk
28,Male,79100.0,6591.67,Self-Employed,2.7,Bachelor,Married,14100.0,Debt Consolidation,21.65,36,480.0,0.08,0,3,1,3300.0,3276.12,Mortgage,1,High Risk
74,Male,100600.0,8383.33,Retired,25.0,Doctorate,Married,2700.0,Home Improvement,6.34,24,775.0,0.12,1,6,0,,3691.07,Mortgage,1,Low Risk
49,Female,226800.0,18900.0,Employed,12.7,Doctorate,Married,17800.0,Education,11.53,24,695.0,0.12,3,4,0,19800.0,9060.44,Mortgage,2,Low Risk
29,Male,33000.0,2750.0,Self-Employed,4.4,Associate,Single,11900.0,Home Improvement,12.06,24,736.0,0.16,1,3,0,5100.0,2209.47,Rent,2,Medium Risk
21,Female,14500.0,1208.33,Unemployed,0.0,High School,Married,6300.0,Auto,19.52,24,552.0,0.05,0,1,0,200.0,1092.97,Rent,0,High Risk
48,Female,178700.0,14891.67,Employed,7.4,Bachelor,Married,50600.0,Debt Consolidation,18.84,60,621.0,0.08,2,4,0,57100.0,5032.3,Mortgage,3,Low Risk
53,Male,68300.0,5691.67,Employed,23.0,Bachelor,Single,16300.0,Education,10.36,60,729.0,0.19,3,3,0,3500.0,3114.8,Rent,1,Medium Risk
37,Female,121600.0,10133.33,Employed,4.8,Master,Married,8100.0,Education,16.36,36,620.0,0.07,1,1,0,34600.0,4639.89,Rent,1,Low Risk
37,Female,213900.0,17825.0,Employed,6.4,Master,Married,105800.0,Education,14.41,36,609.0,0.09,1,2,0,73400.0,5331.59,Mortgage,0,Medium Risk
64,Male,116200.0,9683.33,Self-Employed,44.8,Master,Divorced,58900.0,Education,14.21,24,606.0,0.09,1,2,1,27400.0,3042.15,Mortgage,0,High Risk
70,Male,7300.0,608.33,Retired,42.0,High School,Single,2200.0,Home Improvement,14.43,36,644.0,0.7,1,7,0,300.0,678.41,Mortgage,0,High Risk
40,Female,64500.0,5375.0,Self-Employed,4.9,Associate,Married,10600.0,Education,12.6,60,688.0,,3,1,0,300.0,1957.17,Mortgage,0,Medium Risk
37,Male,144200.0,12016.67,Employed,3.0,Master,Divorced,14700.0,Home Improvement,15.49,24,601.0,0.09,1,3,1,5500.0,3313.78,Own,0,Medium Risk
68,Female,27000.0,2250.0,Retired,30.0,Bachelor,Single,2900.0,Auto,4.57,36,810.0,0.33,1,9,0,8400.0,1461.72,Rent,1,Low Risk
47,Female,88300.0,7358.33,Self-Employed,17.2,Bachelor,Married,13400.0,Home Improvement,8.43,36,750.0,0.08,1,1,0,7900.0,2870.88,Mortgage,0,Low Risk
31,Male,74100.0,6175.0,Self-Employed,9.0,Bachelor,Single,17800.0,Home Improvement,13.57,36,617.0,0.05,0,2,0,22600.0,2479.93,Rent,0,Medium Risk
32,Male,130600.0,10883.33,Employed,4.0,Doctorate,Married,47000.0,Home Improvement,18.19,24,630.0,0.1,1,1,1,5600.0,5491.21,Own,4,Medium Risk
72,Female,22800.0,1900.0,Retired,,Associate,Single,6400.0,Home Improvement,11.51,36,715.0,0.56,2,7,0,2100.0,1599.01,Rent,0,High Risk
71,Male,7200.0,600.0,Retired,19.0,High School,Married,3900.0,Home Improvement,21.9,36,512.0,0.7,1,6,2,0.0,1245.41,Mortgage,0,High Risk
52,Male,117500.0,9791.67,Employed,1.6,Bachelor,Single,13500.0,Debt Consolidation,22.2,36,543.0,0.12,1,3,0,1700.0,4615.17,Own,0,Medium Risk
32,Female,58000.0,4833.33,Employed,8.3,Associate,Married,19200.0,Personal,13.04,24,,,1,6,0,5100.0,2485.8,Mortgage,1,Low Risk
49,Male,159000.0,13250.0,Employed,1.8,Master,Married,5100.0,Home Improvement,12.56,36,740.0,0.14,1,7,0,26700.0,5068.2,Own,0,Low Risk
48,Female,104900.0,8741.67,Employed,23.7,Bachelor,Single,9100.0,Home Improvement,15.79,36,,0.08,0,2,0,46100.0,2676.62,Mortgage,0,Low Risk
72,Female,77400.0,6450.0,Retired,35.0,Doctorate,Married,17400.0,Debt Consolidation,10.62,12,674.0,0.1,0,4,0,2800.0,2974.55,Mortgage,0,Low Risk
18,Male,11500.0,958.33,Unemployed,0.0,Associate,Divorced,2700.0,Auto,23.04,60,495.0,0.18,0,2,1,0.0,1576.89,Rent,0,High Risk
45,Male,156900.0,13075.0,Employed,21.9,Bachelor,Married,15700.0,Home Improvement,13.24,36,594.0,0.11,1,4,0,136300.0,4603.39,Mortgage,2,Low Risk
75,Female,45300.0,3775.0,Retired,43.0,Bachelor,Married,10100.0,Education,16.19,12,589.0,0.11,1,3,0,4600.0,1721.5,Rent,0,High Risk
38,Female,39300.0,3275.0,Employed,13.7,High School,Married,4600.0,Auto,16.27,12,647.0,0.19,1,4,1,1100.0,2380.6,Own,2,Medium Risk
31,Female,258000.0,21500.0,Employed,7.5,Doctorate,Married,7500.0,Debt Consolidation,13.8,24,594.0,0.1,1,3,0,69600.0,8789.85,Own,3,Low Risk
23,Male,98600.0,8216.67,Employed,4.4,Doctorate,Married,38600.0,Personal,16.58,36,658.0,0.09,0,4,0,7700.0,3041.83,Rent,0,Medium Risk
36,Female,45600.0,3800.0,Employed,2.8,High School,Married,9800.0,Debt Consolidation,16.37,60,644.0,0.11,0,7,0,7700.0,2522.38,Mortgage,1,Medium Risk
64,Female,56700.0,4725.0,Employed,34.2,Bachelor,Married,6900.0,Personal,6.89,24,770.0,0.11,0,9,0,23100.0,2656.38,Rent,0,Low Risk
61,Female,67900.0,5658.33,Employed,2.9,Associate,Single,17400.0,Home Improvement,10.17,24,734.0,0.16,1,7,0,8000.0,2729.28,Rent,0,Medium Risk
42,Male,122800.0,10233.33,Self-Employed,18.3,Bachelor,Widowed,21100.0,Debt Consolidation,12.15,36,725.0,0.12,1,1,0,4100.0,4259.4,Mortgage,2,Low Risk
26,Male,57200.0,4766.67,Employed,1.3,Bachelor,Married,17300.0,Auto,10.72,36,672.0,0.13,1,3,0,5400.0,3746.9,Rent,3,Medium Risk
52,Female,61900.0,5158.33,Employed,4.8,Bachelor,Married,6800.0,Debt Consolidation,13.4,36,695.0,0.16,0,7,0,12900.0,1708.23,Mortgage,0,Low Risk
51,Non-Binary,27500.0,2291.67,Employed,21.2,High School,Married,5000.0,Business,17.39,36,585.0,0.26,1,7,1,1000.0,1695.09,Rent,2,High Risk
49,Male,203600.0,16966.67,Employed,18.9,Doctorate,Single,58100.0,Debt Consolidation,14.87,60,693.0,,1,5,0,62300.0,5121.69,Own,2,Low Risk
45,Male,241200.0,20100.0,Employed,9.4,Master,Divorced,42100.0,Debt Consolidation,12.58,60,703.0,0.05,0,4,1,11600.0,5938.15,Mortgage,0,Medium Risk
61,Female,149400.0,12450.0,Self-Employed,5.1,Master,Married,16400.0,Education,16.73,60,626.0,0.06,1,5,0,10900.0,4449.68,Mortgage,0,Medium Risk
26,Female,86600.0,7216.67,Employed,6.8,Bachelor,Married,15500.0,Debt Consolidation,9.89,24,697.0,0.08,0,1,0,4900.0,3875.8,Own,0,Low Risk
36,Female,133200.0,11100.0,Employed,10.5,Master,Single,5700.0,Education,12.88,24,687.0,0.11,1,2,0,8900.0,3756.54,Mortgage,2,Low Risk
29,Male,77700.0,6475.0,Employed,1.6,Bachelor,Divorced,24000.0,Personal,13.54,60,710.0,0.07,0,5,0,7700.0,2861.54,Mortgage,1,Low Risk
47,Female,83300.0,6941.67,Employed,6.8,Bachelor,Single,12700.0,Home Improvement,13.76,36,657.0,0.14,1,4,0,17800.0,4099.34,Mortgage,3,Low Risk
53,Male,73700.0,6141.67,Employed,9.0,Bachelor,Single,21500.0,Business,15.45,36,662.0,0.13,1,4,0,16400.0,3268.06,Mortgage,2,Medium Risk
54,Female,24100.0,2008.33,Employed,9.6,High School,Married,2900.0,Auto,21.17,24,551.0,0.33,2,5,0,8100.0,1678.71,Mortgage,4,Medium Risk
47,Female,33400.0,2783.33,Employed,1.2,High School,Divorced,2500.0,Business,13.43,36,,0.2,1,1,3,8300.0,2098.69,Rent,4,High Risk
31,Female,29800.0,2483.33,Employed,11.3,High School,Married,5300.0,Education,16.4,24,642.0,0.25,1,3,0,1100.0,1796.53,Mortgage,3,Medium Risk
58,Female,45700.0,3808.33,Employed,36.6,Associate,Divorced,4000.0,Home Improvement,23.43,36,537.0,0.17,1,3,2,1800.0,2219.26,Mortgage,0,High Risk
48,Female,102200.0,8516.67,Employed,21.9,Bachelor,Married,4900.0,Home Improvement,14.87,36,623.0,0.08,1,3,0,18800.0,5219.29,Mortgage,1,Low Risk
64,Female,115100.0,9591.67,Employed,18.0,Bachelor,Single,41200.0,Home Improvement,12.68,12,733.0,0.05,0,3,0,6900.0,3516.58,Mortgage,0,Low Risk
46,Male,78100.0,6508.33,Employed,26.9,Bachelor,Divorced,36400.0,Personal,9.58,36,686.0,0.09,1,4,0,8500.0,4409.91,Rent,4,Low Risk
52,Male,162600.0,13550.0,Employed,11.5,Bachelor,Married,67800.0,Debt Consolidation,16.9,60,621.0,0.07,0,1,0,45800.0,7443.29,Own,1,Medium Risk
31,Female,9200.0,766.67,Unemployed,0.0,Bachelor,Married,2400.0,Auto,24.36,36,468.0,0.33,1,1,2,100.0,1051.04,Mortgage,1,High Risk
64,Female,42100.0,3508.33,Employed,27.6,High School,Married,8100.0,Home Improvement,13.71,60,721.0,0.26,1,6,0,4000.0,1485.85,Own,0,Low Risk
65,Female,5100.0,425.0,Unemployed,0.0,High School,Married,2800.0,Debt Consolidation,16.42,60,598.0,0.7,1,5,1,600.0,589.68,Own,0,High Risk
42,Female,146700.0,12225.0,Self-Employed,14.0,Bachelor,Single,24300.0,Personal,11.83,36,701.0,0.16,2,4,0,16800.0,3483.12,Rent,0,Medium Risk
32,Female,8900.0,741.67,Unemployed,0.0,Bachelor,Single,3800.0,Personal,12.2,12,687.0,0.23,0,4,0,700.0,1177.17,Mortgage,0,High Risk
56,Male,93700.0,7808.33,Employed,36.3,Bachelor,Single,27300.0,Auto,17.88,36,614.0,0.14,1,7,0,15400.0,3360.89,Mortgage,0,Medium Risk
19,Male,8200.0,683.33,Unemployed,0.0,Bachelor,Married,4700.0,Debt Consolidation,17.32,24,588.0,0.43,1,3,3,400.0,1196.64,Rent,0,High Risk
39,Female,10100.0,841.67,Unemployed,0.0,Bachelor,Married,4700.0,Debt Consolidation,15.23,36,643.0,0.55,0,7,0,5900.0,1217.39,Own,1,High Risk
33,Male,25300.0,2108.33,Employed,1.0,High School,Single,3900.0,Home Improvement,16.47,60,593.0,0.1,0,3,0,2900.0,1518.17,Rent,0,Medium Risk
25,Female,30500.0,2541.67,Employed,6.7,High School,Married,4100.0,Home Improvement,20.02,60,519.0,0.57,3,7,1,,1982.72,Rent,2,High Risk
24,Male,29000.0,2416.67,Employed,3.0,High School,Married,4500.0,Debt Consolidation,24.16,12,564.0,0.17,1,4,0,1000.0,2174.22,Mortgage,0,Medium Risk
75,Female,36700.0,3058.33,Retired,15.0,Bachelor,Single,10100.0,Debt Consolidation,12.72,60,733.0,0.35,3,4,0,3400.0,1652.34,Mortgage,0,Medium Risk
54,Female,179300.0,14941.67,Employed,2.6,Master,Married,8700.0,Personal,9.96,24,739.0,0.11,1,4,0,69000.0,5310.75,Mortgage,0,Low Risk
54,Male,72400.0,6033.33,Self-Employed,6.0,Associate,Single,8400.0,Auto,12.94,36,694.0,0.19,2,2,0,0.0,3156.35,Mortgage,0,Medium Risk
72,Female,40300.0,3358.33,Retired,25.0,Bachelor,Single,14900.0,Personal,7.69,36,766.0,0.4,2,8,0,9500.0,1828.54,Mortgage,0,Medium Risk
45,Male,341800.0,28483.33,Employed,8.5,Doctorate,Married,10100.0,Home Improvement,7.96,36,800.0,0.08,0,3,0,53900.0,10809.14,Own,2,Low Risk
51,Female,75300.0,6275.0,Employed,1.7,Bachelor,Single,19300.0,Debt Consolidation,10.36,60,742.0,0.06,0,4,0,10500.0,2814.15,Mortgage,3,Low Risk
35,Male,146200.0,12183.33,Employed,12.5,Bachelor,Married,49300.0,Business,17.84,36,619.0,0.05,0,2,0,36000.0,5770.43,Mortgage,4,Medium Risk
50,Female,173700.0,14475.0,Employed,1.6,Bachelor,Single,33600.0,Debt Consolidation,11.12,12,673.0,0.07,0,7,0,20100.0,5648.22,Mortgage,0,Medium Risk
73,Male,65800.0,5483.33,Retired,36.0,Master,Married,8900.0,Debt Consolidation,7.7,24,742.0,0.11,1,2,0,0.0,2217.82,Mortgage,0,Low Risk
47,Male,314400.0,26200.0,Employed,9.3,Doctorate,Single,7700.0,Personal,7.24,24,772.0,0.11,1,9,0,78400.0,12157.76,Mortgage,2,Low Risk
20,Female,27700.0,2308.33,Self-Employed,1.1,High School,Married,6400.0,Debt Consolidation,15.91,36,581.0,0.09,0,6,1,3000.0,1593.59,Mortgage,0,High Risk
74,Male,17700.0,1475.0,Retired,24.0,High School,Single,7900.0,Debt Consolidation,10.46,24,698.0,0.19,1,1,3,2200.0,1320.36,Rent,0,High Risk
23,Female,41800.0,3483.33,Employed,4.9,Associate,Divorced,7300.0,Personal,18.25,60,640.0,0.13,0,6,0,4900.0,1767.8,Rent,0,Medium Risk
32,Female,56900.0,4741.67,Employed,4.7,Associate,Single,18100.0,Debt Consolidation,18.1,36,,0.16,1,5,0,800.0,1935.82,Mortgage,0,Medium Risk
27,Female,8200.0,683.33,Unemployed,0.0,High School,Married,2800.0,Home Improvement,21.76,36,509.0,0.7,2,4,1,100.0,1670.26,Rent,3,High Risk
75,Female,30100.0,2508.33,Retired,25.0,Bachelor,Divorced,5900.0,Home Improvement,15.79,36,652.0,0.24,1,7,0,8700.0,1668.27,Rent,1,Medium Risk
67,Male,27300.0,2275.0,Retired,24.0,Associate,Married,8300.0,Personal,13.71,24,658.0,0.18,0,3,0,400.0,1526.21,Mortgage,0,Medium Risk
43,Female,60900.0,5075.0,Employed,16.1,Bachelor,Married,4300.0,Debt Consolidation,13.77,24,649.0,0.24,2,7,0,1100.0,3531.31,Rent,1,High Risk
69,Male,71500.0,5958.33,Retired,18.0,Master,Married,24900.0,Auto,14.87,36,633.0,0.2,2,2,0,8400.0,3102.55,Rent,0,Medium Risk
72,Female,23700.0,1975.0,Self-Employed,35.9,High School,Single,8700.0,Personal,10.95,12,683.0,0.42,1,6,0,8600.0,1455.36,Mortgage,0,Medium Risk
64,Female,36500.0,3041.67,Employed,7.5,High School,Married,2800.0,Home Improvement,14.95,36,651.0,0.11,0,2,0,6700.0,1488.57,Own,0,Low Risk
55,Male,189800.0,15816.67,Employed,23.3,Doctorate,Married,39000.0,Education,18.48,36,594.0,0.08,2,3,1,5800.0,9079.8,Mortgage,3,High Risk
50,Non-Binary,102100.0,8508.33,Employed,25.5,Bachelor,Married,42600.0,Education,6.43,24,839.0,0.15,1,7,0,29200.0,2908.02,Own,2,Low Risk
69,Female,43800.0,3650.0,Retired,27.0,Bachelor,Married,13400.0,Auto,11.66,24,709.0,0.23,1,4,0,8300.0,1295.61,Mortgage,0,Medium Risk
26,Female,173900.0,14491.67,Employed,7.0,Doctorate,Married,21300.0,Personal,7.96,36,780.0,0.12,3,8,0,22200.0,4979.38,Own,1,Low Risk
72,Female,9900.0,825.0,Retired,31.0,High School,Single,4300.0,Home Improvement,19.46,60,653.0,0.27,0,4,0,500.0,1346.42,Mortgage,0,Medium Risk
39,Male,70900.0,5908.33,Employed,17.0,Bachelor,Single,18700.0,Education,15.36,36,638.0,0.07,0,4,0,41200.0,4015.95,Rent,2,Low Risk
43,Male,69700.0,5808.33,Employed,12.8,Associate,Single,14200.0,Debt Consolidation,10.01,36,732.0,0.17,2,2,0,1900.0,2201.8,Mortgage,1,Medium Risk
35,Male,91700.0,7641.67,Employed,4.8,Bachelor,Single,8300.0,Auto,9.14,36,678.0,0.09,1,1,0,1000.0,3262.52,Rent,1,Medium Risk
74,Female,19800.0,1650.0,Retired,35.0,High School,Single,6300.0,Business,3.77,24,833.0,0.52,2,4,0,2500.0,1305.52,Rent,0,Medium Risk
44,Female,37200.0,3100.0,Employed,3.5,Associate,Married,9400.0,Business,19.84,60,663.0,0.23,0,7,1,8900.0,1419.12,Mortgage,0,High Risk
45,Female,45200.0,3766.67,Employed,6.3,High School,Married,6100.0,Debt Consolidation,9.53,36,676.0,0.16,1,3,0,5500.0,2767.52,Mortgage,0,Medium Risk
66,Male,38900.0,3241.67,Retired,34.0,Bachelor,Married,5000.0,Business,10.12,36,719.0,0.18,1,2,0,1100.0,2141.3,Mortgage,0,Medium Risk
54,Male,111100.0,9258.33,Employed,14.9,Bachelor,Divorced,38600.0,Auto,9.22,12,741.0,0.13,0,7,0,10800.0,3561.19,Own,1,Low Risk
42,Male,80400.0,6700.0,Employed,22.4,Bachelor,Married,21200.0,Education,11.94,36,682.0,0.15,3,7,0,16200.0,3925.32,Own,2,Low Risk
73,Female,27000.0,2250.0,Retired,18.0,Associate,Married,3500.0,Business,14.31,60,729.0,0.17,0,4,0,2800.0,1286.38,Mortgage,0,Low Risk
56,Male,34800.0,2900.0,Employed,13.1,High School,Single,19000.0,Debt Consolidation,16.58,60,590.0,0.18,1,1,1,4500.0,1717.36,Own,0,High Risk
45,Female,48500.0,4041.67,Self-Employed,8.8,High School,Widowed,13700.0,Home Improvement,9.61,36,717.0,0.11,0,2,0,9100.0,2034.62,Mortgage,1,Medium Risk
48,Male,167300.0,13941.67,Employed,16.8,Bachelor,Single,57100.0,Debt Consolidation,11.23,36,674.0,0.14,1,5,1,12100.0,5859.25,Own,4,Medium Risk
37,Male,223600.0,18633.33,Employed,13.8,Doctorate,Single,12300.0,Debt Consolidation,11.57,36,724.0,0.05,1,3,0,3400.0,10368.62,Mortgage,4,Medium Risk
35,Female,41500.0,3458.33,Retired,16.0,Bachelor,Married,20400.0,Auto,10.03,36,684.0,0.18,1,3,0,2400.0,2429.82,Mortgage,3,Medium Risk
59,Non-Binary,109600.0,9133.33,Employed,30.7,Bachelor,Single,14900.0,Debt Consolidation,15.44,36,585.0,0.11,1,7,0,18600.0,3416.34,Mortgage,0,Low Risk
30,Male,67900.0,5658.33,Employed,5.9,Bachelor,Single,7900.0,Education,17.98,24,628.0,0.07,1,2,0,800.0,4138.16,Mortgage,4,Low Risk
75,Female,32900.0,2741.67,Retired,35.0,Bachelor,Single,5200.0,Debt Consolidation,9.0,36,790.0,0.42,3,3,0,2900.0,1836.29,Mortgage,1,Medium Risk
60,Female,153900.0,12825.0,Self-Employed,29.6,Bachelor,Single,19100.0,Business,17.27,60,625.0,0.08,1,3,1,43700.0,5535.27,Mortgage,0,High Risk
40,Non-Binary,265800.0,22150.0,Employed,4.0,Doctorate,Single,9500.0,Debt Consolidation,9.81,36,720.0,0.06,1,5,0,36800.0,10442.51,Own,3,Low Risk
24,Male,10800.0,900.0,Unemployed,0.0,Associate,Single,1600.0,Debt Consolidation,21.77,36,473.0,0.15,0,3,0,300.0,1463.53,Rent,2,High Risk
61,Female,69400.0,5783.33,Employed,18.2,Associate,Married,15900.0,Auto,11.75,24,676.0,0.17,1,3,0,6700.0,2143.95,Mortgage,0,Low Risk
19,Female,19200.0,1600.0,Self-Employed,0.7,High School,Single,2000.0,Personal,13.2,24,592.0,0.27,1,3,1,1500.0,1167.75,Rent,0,High Risk
51,Male,162900.0,13575.0,Employed,29.9,Bachelor,Married,16500.0,Debt Consolidation,6.22,24,769.0,0.14,1,8,0,70700.0,7794.93,Mortgage,4,Low Risk
59,Female,8400.0,700.0,Unemployed,0.0,Associate,Married,3800.0,Home Improvement,14.4,60,668.0,0.7,2,4,0,1500.0,1262.27,Own,0,High Risk
68,Female,23000.0,1916.67,Retired,37.0,High School,Married,4500.0,Personal,8.01,36,762.0,0.7,4,9,0,6900.0,1232.3,Rent,0,Medium Risk
26,Male,48700.0,4058.33,Employed,4.4,High School,Married,11200.0,Home Improvement,20.05,24,525.0,0.19,2,1,0,700.0,2742.74,Mortgage,2,High Risk
58,Male,76300.0,6358.33,Self-Employed,24.8,Bachelor,Married,17000.0,Personal,18.06,60,629.0,0.15,1,1,2,4000.0,3864.32,Own,2,High Risk
38,Male,100400.0,8366.67,Employed,9.5,Bachelor,Single,8100.0,Home Improvement,15.82,24,592.0,0.05,0,2,0,3100.0,5209.72,Mortgage,2,Medium Risk
42,Male,71100.0,5925.0,Employed,16.3,Bachelor,Single,9700.0,Business,14.46,36,601.0,0.12,1,1,1,22800.0,2801.78,Own,2,Medium Risk
34,Male,44800.0,3733.33,Employed,5.9,Associate,Widowed,15300.0,Personal,15.87,24,603.0,0.21,2,1,0,3200.0,2374.82,Rent,2,Medium Risk
57,Male,52000.0,4333.33,Employed,25.7,High School,Married,8800.0,Auto,13.23,36,737.0,0.05,0,4,0,1400.0,2021.12,Rent,0,Low Risk
43,Female,178800.0,14900.0,Employed,12.0,Master,Single,14000.0,Debt Consolidation,10.27,60,763.0,0.12,2,8,0,58700.0,4934.01,Own,0,Low Risk
73,Male,97500.0,8125.0,Retired,35.0,Doctorate,Divorced,10400.0,Debt Consolidation,16.9,12,591.0,0.14,1,2,0,6800.0,3782.48,Mortgage,1,Medium Risk
58,Male,77000.0,6416.67,Employed,20.7,Bachelor,Married,5000.0,Debt Consolidation,17.97,36,616.0,0.11,0,6,0,11500.0,3097.76,Rent,0,Medium Risk
45,Female,40100.0,3341.67,Employed,7.6,Associate,Divorced,4700.0,Debt Consolidation,11.52,24,717.0,0.22,1,5,0,16700.0,2574.69,Rent,2,Low Risk
55,Female,162600.0,13550.0,Employed,15.7,Master,Married,34900.0,Debt Consolidation,14.71,36,627.0,0.13,4,6,0,15600.0,5946.8,Mortgage,0,Medium Risk
50,Female,77000.0,6416.67,Employed,21.5,Associate,Single,20200.0,Home Improvement,8.98,60,759.0,0.23,1,8,0,10100.0,3020.26,Mortgage,2,Medium Risk
39,Female,127400.0,10616.67,Employed,19.7,Bachelor,Married,14800.0,Debt Consolidation,19.3,36,533.0,0.07,0,5,1,100.0,5208.28,Own,4,High Risk
43,Female,55700.0,4641.67,Employed,18.9,Associate,Single,13100.0,Debt Consolidation,18.88,24,572.0,0.09,0,5,0,300.0,2211.71,Mortgage,0,High Risk
50,Male,50000.0,4166.67,Employed,23.4,Associate,Married,3100.0,Debt Consolidation,13.05,60,729.0,0.32,2,5,0,22500.0,1712.58,Mortgage,1,Low Risk
24,Male,38200.0,3183.33,Employed,2.6,High School,Single,10200.0,Auto,9.31,12,753.0,0.33,1,10,0,8700.0,2384.5,Rent,1,Low Risk
23,Female,10000.0,833.33,Unemployed,0.0,Bachelor,Married,3000.0,Debt Consolidation,23.32,36,541.0,,0,6,0,100.0,1055.4,Rent,0,High Risk
58,Male,63300.0,5275.0,Employed,6.6,High School,Married,13500.0,Home Improvement,13.5,24,701.0,0.07,0,4,0,11800.0,2241.07,Mortgage,0,Low Risk
54,Female,22500.0,1875.0,Employed,4.6,High School,Single,3500.0,Debt Consolidation,15.54,36,649.0,0.68,3,7,0,2000.0,1497.54,Mortgage,1,High Risk
58,Male,140600.0,11716.67,Employed,26.3,Bachelor,Married,6500.0,Home Improvement,10.5,60,763.0,0.11,0,10,0,31800.0,5136.6,Mortgage,0,Low Risk
44,Male,79300.0,6608.33,Employed,17.2,Associate,Single,5900.0,Personal,23.6,12,470.0,0.07,0,0,0,3100.0,3611.08,Mortgage,2,Medium Risk
63,Female,50700.0,4225.0,Employed,33.8,Bachelor,Married,11000.0,Auto,16.07,24,667.0,0.09,0,1,0,2500.0,2459.75,Mortgage,0,Low Risk
71,Male,18900.0,1575.0,Retired,28.0,Bachelor,Single,4800.0,Home Improvement,6.52,24,745.0,0.37,1,4,0,100.0,1216.12,Mortgage,1,Medium Risk
55,Female,7000.0,583.33,Unemployed,0.0,Master,Single,5000.0,Education,18.25,12,612.0,0.68,1,7,0,100.0,1151.93,Rent,0,High Risk
34,Female,149900.0,12491.67,Employed,5.2,Bachelor,Widowed,5400.0,Home Improvement,15.5,36,635.0,0.06,1,2,1,7800.0,5621.16,Mortgage,2,Medium Risk
21,Male,6900.0,575.0,Unemployed,0.0,Master,Married,2500.0,Education,14.09,12,604.0,0.39,1,1,0,100.0,1443.21,Rent,1,High Risk
62,Male,142200.0,11850.0,Employed,17.7,Master,Married,22600.0,Auto,6.11,24,788.0,0.13,2,10,0,51900.0,4991.9,Mortgage,0,Low Risk
37,Female,35200.0,2933.33,Employed,18.5,High School,Married,7800.0,Auto,19.9,60,665.0,0.34,2,6,0,6300.0,2429.59,Mortgage,2,Medium Risk
23,Male,73700.0,6141.67,Self-Employed,3.4,Associate,Single,8700.0,Debt Consolidation,16.56,60,637.0,0.2,2,4,0,100.0,3047.93,Rent,0,High Risk
30,Male,120500.0,10041.67,Employed,9.8,Bachelor,Single,9900.0,Education,18.62,36,572.0,0.1,1,3,1,5100.0,5301.27,Rent,3,High Risk
29,Female,252900.0,21075.0,Employed,0.8,Doctorate,Married,45600.0,Debt Consolidation,16.42,36,669.0,0.08,1,3,0,4700.0,6915.93,Rent,3,Medium Risk
28,Male,37700.0,3141.67,Employed,7.2,High School,Divorced,10000.0,Education,12.48,24,693.0,0.06,0,7,0,100.0,2160.31,Mortgage,1,Medium Risk
64,Female,96200.0,8016.67,Employed,44.1,Bachelor,Single,2400.0,Education,12.52,12,,0.14,0,5,0,1500.0,2859.03,Own,0,Low Risk
39,Female,6400.0,533.33,Unemployed,0.0,High School,Single,1500.0,Education,18.69,24,489.0,0.7,2,1,0,100.0,1618.22,Rent,1,High Risk
35,Female,120900.0,10075.0,Employed,1.0,Bachelor,Single,30900.0,Debt Consolidation,8.72,12,773.0,0.15,2,4,0,,3767.18,Mortgage,1,Low Risk
41,Female,37100.0,3091.67,Employed,16.2,High School,Married,10800.0,Debt Consolidation,18.07,60,647.0,0.69,5,4,0,2700.0,2511.38,Mortgage,2,High Risk
75,Female,33500.0,2791.67,Retired,18.0,Bachelor,Married,2500.0,Debt Consolidation,7.61,60,784.0,0.22,0,9,0,10100.0,2203.41,Mortgage,2,Low Risk
74,Female,58300.0,4858.33,Retired,22.0,Master,Married,7400.0,Personal,12.89,36,695.0,0.14,1,3,0,,2694.12,Mortgage,0,Low Risk
49,Female,243800.0,20316.67,Self-Employed,27.8,Master,Married,17300.0,Debt Consolidation,10.84,36,723.0,0.05,0,4,0,,6602.37,Mortgage,2,Low Risk
52,Non-Binary,68200.0,5683.33,Employed,28.2,High School,Divorced,26100.0,Debt Consolidation,15.8,12,604.0,0.19,2,5,0,1100.0,2963.88,Mortgage,0,High Risk
39,Female,82800.0,6900.0,Self-Employed,16.8,Bachelor,Single,26800.0,Debt Consolidation,24.97,36,579.0,0.16,1,2,0,21400.0,2389.63,Rent,2,High Risk
55,Male,84000.0,7000.0,Employed,10.2,Associate,Married,17200.0,Business,18.08,36,,0.11,1,6,0,600.0,3815.34,Mortgage,1,High Risk
56,Female,14800.0,1233.33,Unemployed,0.0,High School,Married,5400.0,Debt Consolidation,12.9,36,713.0,0.46,1,5,0,1100.0,1664.29,Mortgage,1,High Risk
53,Male,31100.0,2591.67,Employed,18.5,High School,Single,7100.0,Personal,13.19,36,730.0,0.15,0,7,0,6100.0,2091.82,Rent,1,Low Risk
41,Male,46100.0,3841.67,Employed,17.9,High School,Single,7000.0,Auto,10.22,60,748.0,0.12,1,3,0,18400.0,2512.7,Mortgage,0,Low Risk
53,Male,164400.0,13700.0,Employed,26.3,Bachelor,Married,7600.0,Home Improvement,4.41,36,825.0,0.09,0,4,0,24400.0,4149.24,Mortgage,1,Low Risk
67,Non-Binary,10300.0,858.33,Retired,18.0,High School,Widowed,2100.0,Auto,13.18,36,725.0,0.19,0,3,1,1400.0,1477.28,Mortgage,0,Medium Risk
32,Female,88200.0,7350.0,Employed,2.1,Bachelor,Married,7500.0,Auto,7.66,36,749.0,0.19,2,1,0,29300.0,3891.87,Own,1,Low Risk
20,Male,7900.0,658.33,Unemployed,0.0,Master,Married,4000.0,Personal,15.4,12,581.0,0.21,0,2,0,1400.0,733.3,Rent,0,High Risk
54,Male,13400.0,1116.67,Unemployed,0.0,High School,Divorced,4400.0,Auto,15.49,36,660.0,0.49,1,6,0,100.0,2343.55,Mortgage,3,High Risk
45,Male,14200.0,1183.33,Unemployed,0.0,Bachelor,Married,2700.0,Auto,18.89,60,624.0,0.15,0,6,0,1900.0,1404.22,Mortgage,0,High Risk
64,Female,39000.0,3250.0,Self-Employed,4.7,High School,Single,8300.0,Home Improvement,13.15,60,676.0,0.2,1,2,0,6900.0,1289.74,Own,0,Medium Risk
21,Female,104000.0,8666.67,Employed,0.8,Doctorate,Married,51900.0,Personal,16.48,24,583.0,,2,6,0,9800.0,3897.01,Rent,0,Medium Risk
49,Male,49100.0,4091.67,Self-Employed,25.3,High School,Single,4900.0,Education,14.51,24,637.0,0.12,1,1,1,700.0,2646.91,Rent,1,High Risk
26,Male,37700.0,3141.67,Employed,4.1,High School,Married,5900.0,Business,17.27,60,644.0,0.07,0,3,0,3300.0,2119.76,Own,1,Medium Risk
69,Male,50200.0,4183.33,Retired,21.0,Bachelor,Married,6100.0,Education,10.36,12,725.0,0.13,0,6,0,13700.0,2121.73,Own,0,Low Risk
20,Female,7000.0,583.33,Unemployed,0.0,Bachelor,Married,2600.0,Home Improvement,20.73,12,458.0,0.33,0,3,0,300.0,1212.2,Rent,0,High Risk
70,Female,11100.0,925.0,Retired,35.0,High School,Divorced,4300.0,Auto,11.26,60,768.0,0.63,1,6,0,2200.0,1050.75,Rent,0,Medium Risk
39,Female,162800.0,13566.67,Employed,9.7,Master,Married,5300.0,Home Improvement,10.76,24,726.0,0.14,1,5,0,2300.0,5582.06,Mortgage,2,Low Risk
60,Female,39600.0,3300.0,Employed,38.5,Associate,Married,2800.0,Home Improvement,20.19,60,533.0,0.09,0,2,1,3100.0,2583.22,Own,2,Medium Risk
24,Female,47300.0,3941.67,Employed,3.5,Associate,Divorced,5300.0,Debt Consolidation,13.63,60,676.0,0.26,2,6,0,2300.0,2289.76,Rent,1,Medium Risk
65,Female,140600.0,11716.67,Employed,20.2,Bachelor,Married,3000.0,Debt Consolidation,19.66,60,664.0,0.12,1,4,0,15400.0,4604.22,Mortgage,0,Low Risk
34,Non-Binary,202400.0,16866.67,Employed,0.8,Master,Married,6800.0,Home Improvement,17.51,24,653.0,0.08,0,7,2,200.0,7436.59,Mortgage,2,High Risk
68,Male,21500.0,1791.67,Retired,16.0,High School,Single,4200.0,Debt Consolidation,7.12,60,741.0,0.13,0,4,0,300.0,1150.35,Mortgage,0,Low Risk
42,Male,42700.0,3558.33,Employed,3.5,High School,Married,3700.0,Education,10.61,60,698.0,0.08,0,4,0,900.0,2758.89,Rent,1,Low Risk
55,Female,199400.0,16616.67,Employed,7.0,Master,Married,33400.0,Debt Consolidation,6.25,12,833.0,0.05,0,7,0,158000.0,6588.04,Mortgage,2,Low Risk
72,Female,11800.0,983.33,Retired,33.0,High School,Single,3500.0,Debt Consolidation,9.18,24,755.0,0.59,1,6,0,2500.0,1247.32,Mortgage,0,Medium Risk
26,Male,25500.0,2125.0,Self-Employed,7.7,High School,Married,2900.0,Debt Consolidation,21.52,36,553.0,0.06,0,3,0,3400.0,1700.78,Own,1,Medium Risk
21,Female,12400.0,1033.33,Unemployed,0.0,Bachelor,Married,2600.0,Debt Consolidation,14.98,24,598.0,0.59,1,6,0,1300.0,860.18,Rent,0,High Risk
42,Non-Binary,50800.0,4233.33,Employed,21.0,High School,Married,3300.0,Personal,10.26,60,674.0,0.12,1,1,0,2800.0,2266.14,Mortgage,2,Low Risk
43,Male,36300.0,3025.0,Self-Employed,17.3,High School,Single,3500.0,Home Improvement,14.99,24,670.0,0.47,3,1,0,700.0,2024.85,Mortgage,1,Medium Risk
22,Male,261700.0,21808.33,Employed,3.1,Doctorate,Single,53700.0,Home Improvement,17.34,36,605.0,0.08,2,2,1,47800.0,6804.0,Rent,0,High Risk
68,Female,11600.0,966.67,Retired,41.0,High School,Married,3000.0,Education,18.48,36,558.0,0.15,0,2,0,1700.0,1233.9,Own,1,Medium Risk
46,Female,45300.0,3775.0,Employed,13.9,Associate,Single,8000.0,Personal,17.12,24,,0.06,0,3,0,2100.0,2497.94,Mortgage,3,Medium Risk
65,Female,118500.0,9875.0,Employed,24.9,Bachelor,Single,16800.0,Home Improvement,10.18,24,734.0,0.1,2,1,0,15800.0,4195.89,Mortgage,0,Low Risk
74,Female,49700.0,4141.67,Retired,38.0,Bachelor,Married,16100.0,Debt Consolidation,10.27,60,709.0,0.14,2,1,0,4400.0,1863.06,Rent,0,Medium Risk
40,Female,48500.0,4041.67,Retired,17.0,Doctorate,Divorced,3400.0,Home Improvement,13.2,36,664.0,0.13,0,3,0,900.0,2774.66,Mortgage,4,Medium Risk
50,Female,118000.0,9833.33,Employed,18.8,Master,Married,4700.0,Business,12.68,36,685.0,0.07,0,5,0,1700.0,4265.8,Mortgage,1,Low Risk
53,Male,7900.0,658.33,Unemployed,0.0,Bachelor,Divorced,4400.0,Home Improvement,23.85,36,548.0,0.7,1,4,1,200.0,1508.84,Mortgage,2,High Risk
67,Female,12700.0,1058.33,Retired,16.0,High School,Married,5000.0,Debt Consolidation,24.78,36,550.0,0.59,1,6,1,3300.0,1542.35,Mortgage,0,High Risk
75,Female,23600.0,1966.67,Retired,19.0,Bachelor,Married,10100.0,Debt Consolidation,13.56,36,622.0,0.17,0,4,0,4700.0,1518.16,Rent,1,Medium Risk
51,Female,147200.0,12266.67,Self-Employed,4.2,Bachelor,Single,41200.0,Home Improvement,23.46,24,529.0,0.11,1,4,1,2200.0,4796.99,Mortgage,1,High Risk
68,Female,76900.0,6408.33,Retired,24.0,Master,Married,5100.0,Education,17.38,60,642.0,0.05,0,4,0,4100.0,3028.73,Rent,0,Medium Risk
21,Male,14600.0,1216.67,Unemployed,0.0,High School,Single,4700.0,Home Improvement,25.08,60,507.0,0.51,1,4,0,600.0,738.15,Mortgage,0,High Risk
54,Female,73400.0,6116.67,Employed,8.1,Bachelor,Single,21200.0,Home Improvement,5.25,36,850.0,0.13,0,7,0,29200.0,3313.23,Rent,1,Low Risk
65,Female,30200.0,2516.67,Employed,22.5,High School,Single,6100.0,Education,14.63,12,613.0,0.39,2,4,0,700.0,1250.02,Rent,0,High Risk
67,Male,50300.0,4191.67,Retired,33.0,Bachelor,Married,5700.0,Home Improvement,3.96,12,821.0,0.18,1,4,0,19300.0,2676.37,Mortgage,0,Low Risk
34,Female,85500.0,7125.0,Employed,7.5,Bachelor,Single,5400.0,Auto,22.65,24,523.0,0.07,0,4,0,8600.0,3302.06,Own,1,Medium Risk
61,Female,217600.0,18133.33,Self-Employed,8.3,Master,Married,23700.0,Home Improvement,8.56,12,789.0,0.09,1,9,0,35900.0,8388.29,Mortgage,0,Low Risk
39,Male,6000.0,500.0,Unemployed,0.0,Bachelor,Divorced,2500.0,Business,17.57,24,640.0,0.7,1,3,0,1000.0,1621.2,Rent,1,High Risk
57,Female,73400.0,6116.67,Employed,,Bachelor,Single,7700.0,Debt Consolidation,13.05,36,670.0,0.08,1,1,0,7300.0,3260.54,Own,0,Low Risk
71,Male,52300.0,4358.33,Employed,16.3,High School,Divorced,14600.0,Business,15.5,24,660.0,0.14,0,4,0,14600.0,2340.53,Mortgage,0,Medium Risk
60,Male,37600.0,3133.33,Employed,23.4,High School,Single,4100.0,Personal,19.88,36,522.0,0.12,1,1,0,900.0,1862.1,Mortgage,0,Medium Risk
24,Male,56500.0,4708.33,Self-Employed,1.3,Bachelor,Divorced,19300.0,Education,14.7,24,602.0,0.12,0,3,0,8800.0,2641.64,Rent,1,Medium Risk
74,Male,28500.0,2375.0,Retired,42.0,Associate,Single,5500.0,Home Improvement,6.03,12,792.0,0.15,0,7,0,18600.0,1388.45,Own,0,Low Risk
20,Male,86700.0,7225.0,Employed,1.8,Bachelor,Married,46300.0,Business,14.32,12,644.0,0.09,1,1,0,20900.0,2318.73,Rent,0,Medium Risk
47,Male,52500.0,4375.0,Employed,19.3,High School,Married,3100.0,Debt Consolidation,20.87,36,577.0,0.12,0,4,1,3900.0,2541.38,Own,2,Medium Risk
74,Female,18000.0,1500.0,Retired,29.0,High School,Divorced,2200.0,Home Improvement,12.89,36,703.0,0.18,0,2,0,2100.0,1247.87,Own,0,Low Risk
48,Male,72500.0,6041.67,Self-Employed,11.0,High School,Single,2800.0,Home Improvement,14.67,24,607.0,0.14,1,4,1,0.0,3321.33,Mortgage,0,High Risk
56,Male,153100.0,12758.33,Employed,1.9,Bachelor,Single,34800.0,Debt Consolidation,15.23,36,647.0,0.13,3,4,0,,3798.32,Own,0,Medium Risk
71,Male,11500.0,958.33,Retired,31.0,Associate,Divorced,2800.0,Home Improvement,20.3,24,556.0,0.12,0,1,0,700.0,1168.99,Mortgage,0,High Risk
22,Male,79600.0,6633.33,Employed,1.2,Bachelor,Single,5400.0,Home Improvement,13.37,36,618.0,0.25,3,4,1,59300.0,3360.99,Rent,0,Medium Risk
62,Female,11900.0,991.67,Unemployed,0.0,Bachelor,Single,5000.0,Auto,20.58,60,569.0,0.38,0,6,0,1500.0,1037.39,Rent,0,High Risk
35,Female,61600.0,5133.33,Employed,1.8,High School,Married,17800.0,Auto,10.74,24,689.0,0.21,2,7,0,18100.0,3403.35,Mortgage,2,Low Risk
18,Male,54200.0,4516.67,Self-Employed,0.0,Bachelor,Single,15700.0,Debt Consolidation,23.38,36,484.0,0.3,3,2,0,4200.0,2336.24,Rent,0,High Risk
49,Female,48000.0,4000.0,Retired,17.0,Bachelor,Married,17200.0,Home Improvement,9.49,12,688.0,0.12,0,6,0,9300.0,2400.37,Rent,3,Medium Risk
27,Male,63200.0,5266.67,Employed,4.2,Associate,Single,14800.0,Personal,17.1,12,618.0,0.07,1,1,0,24900.0,2238.57,Rent,0,Medium Risk
20,Male,10800.0,900.0,Unemployed,0.0,High School,Married,2200.0,Auto,18.57,36,446.0,0.52,1,3,1,1200.0,1328.22,Rent,0,High Risk
37,Male,7500.0,625.0,Unemployed,0.0,Associate,Married,3600.0,Debt Consolidation,17.82,24,581.0,0.14,0,1,1,0.0,1276.35,Rent,2,High Risk
52,Female,161800.0,13483.33,Employed,6.5,Bachelor,Married,9600.0,Business,11.45,24,732.0,0.14,2,7,0,15600.0,6329.26,Own,2,Low Risk
63,Female,56000.0,4666.67,Employed,9.8,Associate,Married,17000.0,Debt Consolidation,5.95,36,837.0,0.14,0,8,0,19200.0,2419.8,Mortgage,0,Low Risk
30,Male,21600.0,1800.0,Employed,1.0,High School,Married,5600.0,Debt Consolidation,14.84,12,630.0,0.4,1,5,1,1700.0,1591.38,Mortgage,0,High Risk
69,Male,18800.0,1566.67,Retired,17.0,High School,Widowed,2800.0,Business,7.71,36,768.0,0.52,2,4,0,6700.0,1165.51,Own,0,Low Risk
44,Female,165000.0,13750.0,Employed,3.1,Bachelor,Divorced,15800.0,Education,11.82,12,710.0,0.07,1,1,0,36300.0,5971.48,Own,2,Low Risk
27,Female,99500.0,8291.67,Employed,1.7,Bachelor,Widowed,17100.0,Home Improvement,17.52,60,656.0,0.05,0,1,0,6300.0,4500.87,Mortgage,2,Medium Risk
31,Female,32900.0,2741.67,Employed,9.7,Associate,Single,11300.0,Education,18.48,36,592.0,0.27,1,7,1,2100.0,1975.67,Rent,1,High Risk
49,Non-Binary,254000.0,21166.67,Self-Employed,27.6,Doctorate,Married,64100.0,Home Improvement,18.14,36,628.0,0.13,1,7,1,800.0,8389.82,Mortgage,0,High Risk
26,Male,103200.0,8600.0,Employed,6.8,Bachelor,Married,14300.0,Debt Consolidation,9.6,24,711.0,0.05,0,1,0,20300.0,4303.73,Mortgage,1,Low Risk
61,Female,35300.0,2941.67,Employed,23.9,Associate,Married,14700.0,Debt Consolidation,8.08,12,741.0,0.18,1,3,0,5300.0,1911.22,Own,0,Low Risk
69,Female,84300.0,7025.0,Employed,14.8,Bachelor,Single,22100.0,Education,4.57,36,835.0,0.11,1,3,0,25500.0,2211.36,Rent,0,Low Risk
44,Female,142500.0,11875.0,Employed,1.3,Bachelor,Divorced,19700.0,Home Improvement,14.27,12,620.0,0.08,2,4,0,20800.0,5356.96,Mortgage,1,Low Risk
44,Male,148600.0,12383.33,Employed,16.2,Master,Married,79300.0,Home Improvement,13.99,36,626.0,0.1,1,3,1,29600.0,4655.27,Mortgage,2,High Risk
56,Female,105600.0,8800.0,Self-Employed,31.4,Bachelor,Single,26600.0,Debt Consolidation,4.87,36,826.0,0.07,0,6,0,37300.0,4163.15,Own,0,Low Risk
20,Male,11500.0,958.33,Unemployed,0.0,High School,Divorced,2100.0,Business,18.95,36,578.0,0.7,2,5,1,1000.0,1731.71,Rent,1,High Risk
18,Female,8900.0,741.67,Unemployed,0.0,Bachelor,Married,3000.0,Debt Consolidation,19.73,24,547.0,0.53,0,7,1,100.0,1300.54,Rent,0,High Risk
40,Female,37000.0,3083.33,Employed,6.4,High School,Married,3200.0,Debt Consolidation,10.36,60,698.0,0.17,0,6,0,2600.0,2074.69,Rent,2,Medium Risk
47,Female,45100.0,3758.33,Employed,20.3,High School,Married,16500.0,Debt Consolidation,12.98,36,711.0,0.15,1,2,0,14300.0,1885.38,Rent,0,Low Risk
31,Female,27500.0,2291.67,Employed,5.3,High School,Single,8200.0,Debt Consolidation,24.34,36,568.0,0.12,0,2,0,1600.0,1341.51,Mortgage,2,Medium Risk
33,Female,64300.0,5358.33,Self-Employed,14.9,Bachelor,Single,3100.0,Debt Consolidation,16.29,36,594.0,0.17,1,7,0,8900.0,2431.41,Mortgage,0,Low Risk
61,Male,80000.0,6666.67,Employed,15.5,Associate,Divorced,3700.0,Business,14.59,36,645.0,0.08,0,3,0,19200.0,3361.26,Mortgage,0,Low Risk
34,Female,268900.0,22408.33,Employed,8.4,Doctorate,Married,23900.0,Education,4.26,36,823.0,0.13,5,3,0,66800.0,9638.85,Mortgage,2,Low Risk
46,Female,68100.0,5675.0,Employed,5.4,High School,Married,8300.0,Debt Consolidation,6.48,24,764.0,0.19,1,7,0,4400.0,3099.96,Mortgage,3,Low Risk
20,Male,51600.0,4300.0,Self-Employed,1.0,High School,Single,5900.0,Education,20.14,36,536.0,0.12,1,2,0,2000.0,2967.8,Rent,2,High Risk
19,Female,58900.0,4908.33,Employed,1.0,Bachelor,Married,16000.0,Personal,18.36,36,598.0,0.2,2,5,2,7700.0,2857.0,Rent,2,High Risk
32,Male,130900.0,10908.33,Employed,5.5,Bachelor,Single,20600.0,Home Improvement,12.33,24,676.0,0.1,1,4,0,2100.0,3718.29,Own,0,Low Risk
57,Male,5300.0,441.67,Unemployed,0.0,Associate,Married,4600.0,Personal,23.07,24,576.0,0.3,0,4,0,800.0,1408.53,Mortgage,1,High Risk
56,Female,130500.0,10875.0,Employed,7.8,Bachelor,Married,22400.0,Home Improvement,9.32,36,752.0,0.14,1,9,0,117600.0,4132.9,Own,2,Low Risk
25,Female,127400.0,10616.67,Employed,2.0,Bachelor,Single,24100.0,Education,8.82,36,781.0,0.13,1,8,0,43200.0,3001.75,Rent,0,Low Risk
24,Female,97500.0,8125.0,Employed,4.4,Bachelor,Married,6400.0,Debt Consolidation,13.79,36,589.0,0.15,1,6,0,500.0,3298.93,Rent,1,Medium Risk
25,Female,41300.0,3441.67,Employed,3.8,High School,Widowed,6100.0,Debt Consolidation,18.96,36,546.0,0.05,0,2,0,0.0,2388.4,Rent,0,High Risk
25,Male,124300.0,10358.33,Employed,3.8,Bachelor,Single,10700.0,Education,19.11,60,604.0,0.07,0,4,0,27000.0,4116.37,Rent,4,Medium Risk
30,Female,21000.0,1750.0,Employed,1.8,High School,Married,4900.0,Debt Consolidation,12.58,36,685.0,0.36,1,3,0,500.0,1441.36,Mortgage,4,Medium Risk
62,Male,58400.0,4866.67,Employed,15.0,Bachelor,Single,14600.0,Debt Consolidation,12.79,60,717.0,0.16,1,2,0,400.0,1610.59,Rent,0,Medium Risk
23,Male,38600.0,3216.67,Self-Employed,1.8,Associate,Married,4900.0,Business,13.67,36,650.0,0.12,0,7,0,3500.0,2040.44,Own,0,Medium Risk
65,Male,31400.0,2616.67,Employed,2.5,Associate,Single,6100.0,Home Improvement,7.76,12,763.0,0.28,0,10,0,12300.0,2002.47,Mortgage,0,Low Risk
58,Female,91300.0,7608.33,Employed,8.4,Associate,Divorced,7300.0,Education,14.36,36,649.0,0.13,1,2,0,3900.0,3117.99,Mortgage,0,Low Risk
35,Non-Binary,41000.0,3416.67,Self-Employed,7.2,High School,Divorced,7100.0,Education,18.76,60,589.0,0.17,0,5,0,4900.0,1855.34,Mortgage,0,Medium Risk
43,Female,7200.0,600.0,Unemployed,0.0,Bachelor,Divorced,2500.0,Education,18.79,24,443.0,0.32,0,3,0,100.0,1267.04,Mortgage,2,High Risk
45,Male,70300.0,5858.33,Employed,8.3,Bachelor,Divorced,4700.0,Debt Consolidation,16.58,24,617.0,0.12,0,3,2,16800.0,2558.08,Rent,0,High Risk
75,Female,31300.0,2608.33,Retired,16.0,Master,Single,3500.0,Home Improvement,15.84,12,618.0,0.14,0,3,0,6800.0,1307.62,Mortgage,0,Medium Risk
45,Female,44800.0,3733.33,Employed,19.7,High School,Married,8200.0,Debt Consolidation,15.37,24,602.0,0.24,1,5,0,400.0,2210.74,Mortgage,0,High Risk
66,Female,104500.0,8708.33,Employed,38.4,Bachelor,Married,32400.0,Debt Consolidation,11.88,60,710.0,0.12,3,7,1,41100.0,3305.53,Own,0,Low Risk
71,Female,75300.0,6275.0,Employed,30.2,Associate,Single,17700.0,Debt Consolidation,5.65,36,850.0,0.13,0,10,0,15400.0,3839.3,Mortgage,0,Low Risk
53,Female,61300.0,5108.33,Employed,0.7,Bachelor,Married,3600.0,Education,16.2,24,647.0,0.07,0,2,0,1600.0,2476.6,Rent,1,Medium Risk
24,Male,67200.0,5600.0,Employed,2.6,Associate,Married,9900.0,Auto,25.27,60,516.0,0.09,0,3,3,,2802.98,Rent,1,High Risk
54,Male,111400.0,9283.33,Employed,2.7,Bachelor,Married,6400.0,Debt Consolidation,18.17,60,644.0,0.23,3,4,0,3100.0,5015.28,Own,2,Medium Risk
58,Male,39800.0,3316.67,Employed,30.7,High School,Married,3200.0,Debt Consolidation,15.68,36,626.0,0.11,0,1,0,2200.0,2531.74,Mortgage,0,Medium Risk
50,Male,143000.0,11916.67,Employed,14.9,Bachelor,Married,35300.0,Home Improvement,17.02,60,638.0,0.1,0,3,0,7700.0,4951.77,Own,3,Medium Risk
37,Male,44100.0,3675.0,Employed,15.2,High School,Single,3400.0,Personal,6.73,36,758.0,0.2,1,7,0,19700.0,2453.88,Own,1,Low Risk
38,Female,156500.0,13041.67,Employed,0.9,Master,Single,17500.0,Auto,9.39,60,741.0,0.11,1,7,0,31300.0,4543.9,Mortgage,1,Low Risk
64,Female,43800.0,3650.0,Employed,26.6,High School,Married,14300.0,Debt Consolidation,10.09,36,685.0,0.12,0,5,0,9400.0,1782.62,Mortgage,0,Low Risk
70,Male,104100.0,8675.0,Self-Employed,43.9,Bachelor,Widowed,9500.0,Debt Consolidation,14.9,24,602.0,0.11,0,6,0,5600.0,3459.35,Rent,0,Medium Risk
18,Male,24000.0,2000.0,Self-Employed,0.0,High School,Married,5900.0,Home Improvement,18.18,12,610.0,0.53,2,4,0,6600.0,1262.05,Own,0,High Risk
29,Male,51500.0,4291.67,Employed,4.1,Associate,Married,2500.0,Business,13.47,36,693.0,0.08,0,4,0,3200.0,2614.33,Own,0,Low Risk
25,Female,98700.0,8225.0,Employed,0.7,Master,Divorced,25100.0,Debt Consolidation,10.82,36,676.0,0.06,0,5,0,43200.0,2967.14,Rent,0,Low Risk
66,Female,15900.0,1325.0,Retired,15.0,High School,Single,2500.0,Business,15.67,36,643.0,0.17,0,4,1,200.0,1470.89,Mortgage,0,High Risk
22,Male,54100.0,4508.33,Employed,3.2,Associate,Married,7500.0,Debt Consolidation,13.2,12,627.0,0.16,2,2,2,,2199.48,Rent,0,High Risk
21,Male,11100.0,925.0,Unemployed,0.0,Bachelor,Single,2100.0,Education,21.01,24,385.0,0.15,0,1,1,600.0,1089.6,Rent,0,High Risk
70,Male,23900.0,1991.67,Retired,41.0,Bachelor,Married,8600.0,Home Improvement,12.67,12,715.0,0.21,0,7,0,300.0,1714.91,Own,0,Medium Risk
46,Female,62700.0,5225.0,Employed,2.5,Bachelor,Married,23700.0,Personal,13.11,24,692.0,0.17,1,4,0,7300.0,3716.35,Mortgage,3,Medium Risk
47,Male,39300.0,3275.0,Employed,2.7,Associate,Single,12800.0,Debt Consolidation,16.81,12,600.0,0.11,0,2,0,3500.0,1856.69,Mortgage,1,Medium Risk
22,Female,41800.0,3483.33,Employed,1.9,High School,Divorced,9400.0,Debt Consolidation,13.13,24,735.0,0.08,1,2,0,1100.0,2437.1,Rent,2,Low Risk
49,Male,31800.0,2650.0,Employed,7.6,High School,Divorced,4900.0,Debt Consolidation,12.57,12,697.0,0.17,1,1,0,8500.0,2287.97,Mortgage,2,Low Risk
60,Female,145900.0,12158.33,Employed,19.7,Bachelor,Married,52800.0,Debt Consolidation,8.72,60,769.0,0.13,1,8,0,92600.0,5051.37,Own,1,Low Risk
54,Male,24000.0,2000.0,Employed,18.9,High School,Single,4300.0,Home Improvement,17.33,36,650.0,0.11,0,3,0,300.0,1287.98,Own,0,Medium Risk
25,Male,30000.0,2500.0,Employed,,Associate,Married,4600.0,Auto,21.37,12,569.0,0.09,0,1,0,1700.0,1661.15,Own,0,Medium Risk
75,Female,76500.0,6375.0,Employed,8.3,Master,Widowed,11100.0,Personal,14.85,36,628.0,0.09,1,3,0,2100.0,2930.42,Mortgage,0,Medium Risk
64,Female,121100.0,10091.67,Self-Employed,7.6,Bachelor,Single,19500.0,Personal,11.2,36,720.0,0.12,1,4,0,4000.0,3121.83,Own,0,Medium Risk
50,Male,89100.0,7425.0,Retired,20.0,Master,Single,2600.0,Home Improvement,12.37,60,676.0,0.14,0,6,0,10000.0,3481.42,Mortgage,0,Low Risk
24,Female,54200.0,4516.67,Employed,3.9,Associate,Divorced,28200.0,Auto,22.09,36,507.0,0.16,0,7,0,1100.0,1694.27,Rent,0,High Risk
51,Female,108100.0,9008.33,Employed,,Bachelor,Married,58600.0,Debt Consolidation,10.98,24,710.0,0.15,1,4,0,13200.0,2930.79,Mortgage,0,Low Risk
51,Female,61100.0,5091.67,Employed,0.7,Bachelor,Married,29000.0,Auto,22.6,12,572.0,0.21,2,4,0,5200.0,3891.5,Mortgage,2,High Risk
58,Male,221000.0,18416.67,Employed,23.5,Master,Single,79600.0,Personal,8.43,36,753.0,0.06,0,5,0,34400.0,7074.65,Mortgage,0,Low Risk
26,Female,58700.0,4891.67,Employed,7.7,Bachelor,Married,5500.0,Debt Consolidation,11.76,24,684.0,0.06,0,5,0,27700.0,2617.59,Mortgage,2,Low Risk
47,Male,37600.0,3133.33,Self-Employed,7.3,High School,Single,19100.0,Home Improvement,19.77,60,565.0,0.2,1,5,1,1600.0,2700.0,Mortgage,1,High Risk
57,Male,20400.0,1700.0,Employed,23.1,High School,Married,3200.0,Education,20.67,24,550.0,0.21,0,5,1,4500.0,1325.63,Mortgage,0,High Risk
54,Female,29600.0,2466.67,Self-Employed,11.4,High School,Married,3300.0,Debt Consolidation,23.25,12,,0.11,0,2,1,700.0,1973.36,Rent,1,High Risk
57,Non-Binary,183300.0,15275.0,Employed,36.7,Doctorate,Single,4500.0,Home Improvement,5.86,36,850.0,0.09,2,3,0,51600.0,5424.17,Own,0,Low Risk
31,Female,72600.0,6050.0,Employed,10.2,Associate,Single,8200.0,Education,16.76,24,629.0,0.08,1,3,0,1400.0,3482.29,Rent,1,Medium Risk
18,Female,86700.0,7225.0,Employed,0.0,Bachelor,Divorced,10300.0,Business,11.44,36,705.0,0.09,1,3,0,9200.0,3300.65,Rent,1,Medium Risk
64,Female,96900.0,8075.0,Employed,32.6,Bachelor,Married,10700.0,Home Improvement,6.48,36,790.0,0.13,1,3,0,63200.0,3869.17,Rent,0,Low Risk
39,Male,285300.0,23775.0,Employed,3.4,Doctorate,Divorced,30700.0,Business,4.65,12,815.0,0.09,0,7,0,111400.0,6261.85,Mortgage,0,Low Risk
50,Male,7600.0,633.33,Unemployed,0.0,High School,Married,2600.0,Auto,9.08,36,672.0,0.7,2,2,0,100.0,1639.82,Rent,4,High Risk
54,Female,50300.0,4191.67,Self-Employed,16.7,High School,Single,3500.0,Debt Consolidation,13.14,12,654.0,0.12,1,5,0,,2134.2,Mortgage,1,Medium Risk
46,Male,22400.0,1866.67,Employed,25.0,High School,Single,7400.0,Personal,13.87,24,640.0,0.25,1,3,0,3300.0,1371.55,Mortgage,0,Medium Risk
41,Female,147100.0,12258.33,Employed,2.5,Bachelor,Single,5400.0,Debt Consolidation,8.34,12,745.0,0.09,1,6,0,24900.0,5426.67,Mortgage,3,Low Risk
55,Male,64400.0,5366.67,Employed,32.8,High School,Divorced,11600.0,Debt Consolidation,18.46,24,661.0,0.11,1,4,0,300.0,2300.13,Rent,1,High Risk
25,Female,63800.0,5316.67,Employed,3.9,Bachelor,Married,15400.0,Education,19.49,36,580.0,0.16,1,1,1,17900.0,2218.75,Rent,1,Medium Risk
33,Male,37600.0,3133.33,Employed,11.1,High School,Single,9700.0,Debt Consolidation,12.69,12,671.0,0.08,0,1,0,9700.0,2511.19,Mortgage,1,Medium Risk
64,Male,36600.0,3050.0,Employed,19.8,High School,Single,13200.0,Debt Consolidation,13.26,36,738.0,0.11,0,5,0,500.0,1933.62,Rent,1,Medium Risk
65,Male,92400.0,7700.0,Employed,40.0,Bachelor,Single,15400.0,Home Improvement,9.93,36,689.0,0.14,1,7,1,13800.0,4457.38,Mortgage,1,Medium Risk
66,Female,22200.0,1850.0,Retired,37.0,High School,Married,3500.0,Home Improvement,13.36,36,664.0,0.44,2,2,0,900.0,1412.67,Rent,0,Medium Risk
19,Male,27500.0,2291.67,Employed,0.6,High School,Married,6800.0,Home Improvement,21.99,60,539.0,0.23,1,1,0,500.0,1356.1,Rent,0,High Risk
61,Male,202100.0,16841.67,Employed,20.8,Master,Single,28300.0,Debt Consolidation,16.44,24,600.0,0.05,0,6,1,1200.0,6777.12,Own,0,High Risk
25,Female,141700.0,11808.33,Employed,6.8,Doctorate,Single,10200.0,Home Improvement,15.12,60,593.0,0.13,3,5,0,11400.0,6454.71,Rent,1,Medium Risk
37,Male,47000.0,3916.67,Employed,6.7,High School,Single,12300.0,Debt Consolidation,16.12,24,629.0,0.07,0,3,0,1700.0,2139.0,Mortgage,1,Medium Risk
68,Male,36800.0,3066.67,Retired,32.0,Bachelor,Married,5400.0,Home Improvement,14.8,12,658.0,0.06,0,2,0,7800.0,2330.08,Rent,0,Low Risk
25,Male,72900.0,6075.0,Employed,2.4,Bachelor,Married,15000.0,Debt Consolidation,15.8,36,652.0,0.12,1,2,0,200.0,3089.33,Rent,0,Medium Risk
65,Male,162100.0,13508.33,Self-Employed,12.7,Master,Single,13200.0,Business,8.97,12,798.0,0.1,0,3,0,70400.0,3414.61,Mortgage,0,Low Risk
46,Male,156500.0,13041.67,Employed,22.3,Master,Married,38200.0,Home Improvement,12.92,36,672.0,0.06,1,5,0,35500.0,4771.32,Own,1,Low Risk
57,Male,68000.0,5666.67,Employed,15.9,Associate,Divorced,8100.0,Business,11.29,60,739.0,0.11,1,2,0,2000.0,2841.53,Own,0,Low Risk
56,Female,56400.0,4700.0,Employed,2.8,Associate,Married,11700.0,Debt Consolidation,11.12,12,719.0,0.14,0,6,0,16300.0,2893.76,Rent,0,Low Risk
55,Female,27300.0,2275.0,Employed,35.9,High School,Single,3600.0,Debt Consolidation,19.62,60,657.0,0.18,1,1,0,1100.0,1756.11,Mortgage,2,Medium Risk
52,Male,122700.0,10225.0,Employed,29.6,Bachelor,Married,12800.0,Education,21.62,24,569.0,0.07,1,6,1,5100.0,6145.25,Mortgage,2,High Risk
20,Male,7100.0,591.67,Unemployed,0.0,Bachelor,Married,2300.0,Auto,24.45,24,474.0,0.68,1,2,2,0.0,1362.05,Rent,0,High Risk
35,Non-Binary,59300.0,4941.67,Self-Employed,3.8,High School,Single,23900.0,Education,20.75,36,545.0,0.11,0,1,1,1000.0,3481.16,Mortgage,4,High Risk
19,Female,64100.0,5341.67,Employed,,Bachelor,Single,7900.0,Auto,15.71,24,640.0,0.07,0,3,0,100.0,2376.61,Mortgage,0,Medium Risk
30,Male,133700.0,11141.67,Employed,11.8,Bachelor,Single,25900.0,Home Improvement,17.57,60,624.0,0.08,0,7,0,22000.0,4847.41,Mortgage,1,Medium Risk
40,Male,94500.0,7875.0,Employed,7.5,Bachelor,Married,8200.0,Debt Consolidation,19.25,60,621.0,0.16,1,7,1,4500.0,3232.45,Mortgage,0,Medium Risk
50,Male,111800.0,9316.67,Employed,17.1,Bachelor,Married,6900.0,Business,11.35,36,694.0,0.1,0,5,0,27800.0,4502.92,Mortgage,2,Low Risk
20,Male,13700.0,1141.67,Unemployed,0.0,High School,Married,2500.0,Home Improvement,19.89,60,400.0,0.12,0,3,1,400.0,932.77,Rent,0,High Risk
73,Male,24900.0,2075.0,Retired,39.0,Bachelor,Divorced,3000.0,Education,9.12,60,754.0,0.3,1,5,0,6200.0,1160.73,Own,0,Low Risk
26,Male,78400.0,6533.33,Employed,1.4,Bachelor,Married,10100.0,Debt Consolidation,18.43,12,591.0,0.15,1,5,0,9400.0,2277.31,Rent,1,Medium Risk
63,Male,46000.0,3833.33,Self-Employed,36.2,Associate,Married,14600.0,Debt Consolidation,24.36,12,539.0,0.08,0,7,0,2800.0,2157.1,Mortgage,0,High Risk
34,Male,105200.0,8766.67,Employed,,Bachelor,Single,23100.0,Debt Consolidation,19.76,36,578.0,0.09,0,2,0,2500.0,4138.0,Own,2,Medium Risk
23,Female,35300.0,2941.67,Self-Employed,4.0,High School,Single,5500.0,Personal,20.81,12,543.0,0.09,0,2,0,300.0,1714.23,Rent,0,High Risk
46,Female,41100.0,3425.0,Employed,23.4,High School,Divorced,15700.0,Auto,9.04,12,736.0,0.06,0,3,0,7300.0,1822.02,Mortgage,0,Medium Risk
69,Male,25400.0,2116.67,Retired,16.0,Bachelor,Married,5000.0,Debt Consolidation,13.13,36,701.0,0.29,1,4,0,2600.0,1794.15,Own,1,Medium Risk
52,Female,225000.0,18750.0,Employed,33.3,Master,Single,22500.0,Business,10.31,12,690.0,0.09,0,1,0,104700.0,6669.53,Own,1,Low Risk
19,Male,172300.0,14358.33,Employed,,Master,Married,35900.0,Debt Consolidation,16.11,60,582.0,0.08,0,4,1,58400.0,5997.8,Rent,0,Medium Risk
44,Female,212200.0,17683.33,Employed,11.4,Master,Single,5800.0,Personal,8.21,36,761.0,0.1,0,5,0,14200.0,7848.0,Own,1,Low Risk
64,Female,40300.0,3358.33,Self-Employed,25.2,High School,Single,9100.0,Debt Consolidation,17.03,24,663.0,0.06,0,1,0,2400.0,2119.98,Mortgage,0,Medium Risk
23,Female,25100.0,2091.67,Self-Employed,3.5,High School,Married,5500.0,Personal,19.67,60,477.0,0.06,0,1,1,100.0,1537.05,Mortgage,1,High Risk
30,Female,90900.0,7575.0,Self-Employed,6.7,Bachelor,Single,16400.0,Debt Consolidation,18.75,36,571.0,0.09,0,2,0,4200.0,3978.88,Mortgage,1,High Risk
26,Male,129200.0,10766.67,Employed,0.6,Master,Married,2800.0,Education,15.22,60,646.0,0.06,1,1,0,11600.0,5879.37,Mortgage,4,Low Risk
32,Female,77100.0,6425.0,Employed,3.4,Bachelor,Single,11700.0,Personal,24.37,12,527.0,0.06,0,1,0,10200.0,3249.99,Mortgage,0,Medium Risk
41,Male,88700.0,7391.67,Employed,6.1,Bachelor,Divorced,12600.0,Home Improvement,9.74,12,679.0,0.2,2,1,0,103800.0,3201.32,Mortgage,1,Low Risk
24,Female,113100.0,9425.0,Employed,1.9,Bachelor,Married,21200.0,Personal,18.34,24,661.0,0.12,1,6,1,32300.0,3710.07,Rent,2,Medium Risk
52,Female,163400.0,13616.67,Employed,18.6,Master,Married,11300.0,Business,11.24,36,707.0,0.08,0,2,0,8700.0,5748.35,Mortgage,1,Low Risk
47,Female,24200.0,2016.67,Employed,26.5,High School,Married,3000.0,Debt Consolidation,21.11,36,492.0,0.32,2,0,0,1400.0,1314.62,Mortgage,0,Medium Risk
45,Female,132100.0,11008.33,Employed,20.0,Bachelor,Single,6500.0,Personal,9.56,36,695.0,0.06,0,7,1,13000.0,3361.66,Own,0,Low Risk
47,Female,8500.0,708.33,Unemployed,0.0,Bachelor,Single,3000.0,Auto,21.09,24,558.0,0.24,0,3,0,100.0,878.85,Rent,0,High Risk
23,Male,29200.0,2433.33,Employed,4.4,Associate,Single,2900.0,Debt Consolidation,11.56,60,720.0,0.21,1,2,0,10300.0,1370.85,Own,0,Low Risk
31,Male,116200.0,9683.33,Employed,7.5,Bachelor,Single,6200.0,Business,16.97,36,603.0,0.09,2,2,0,18100.0,5185.26,Own,1,Low Risk
52,Female,51700.0,4308.33,Employed,14.5,Associate,Single,17800.0,Auto,13.52,36,651.0,0.2,1,4,0,9300.0,2787.36,Own,0,Medium Risk
65,Male,70500.0,5875.0,Employed,12.1,Master,Divorced,25100.0,Education,4.97,36,850.0,0.17,1,7,0,31500.0,2656.63,Mortgage,0,Low Risk
33,Female,170200.0,14183.33,Employed,7.7,Master,Married,80900.0,Debt Consolidation,9.42,12,686.0,0.13,2,4,0,6300.0,5122.54,Mortgage,1,Medium Risk
36,Female,6200.0,516.67,Unemployed,0.0,High School,Single,2300.0,Home Improvement,19.66,60,566.0,0.2,0,1,0,300.0,1582.86,Rent,1,High Risk
32,Male,130700.0,10891.67,Employed,13.1,Bachelor,Single,36200.0,Education,13.01,36,654.0,0.09,0,4,0,18300.0,4006.38,Mortgage,1,Medium Risk
37,Female,196500.0,16375.0,Employed,1.9,Master,Single,7800.0,Home Improvement,9.4,60,755.0,0.12,1,4,0,70000.0,3965.05,Mortgage,0,Low Risk
27,Female,98900.0,8241.67,Employed,7.8,Bachelor,Single,38500.0,Home Improvement,13.73,36,617.0,0.1,0,5,1,42300.0,5110.94,Rent,4,Medium Risk
64,Male,98600.0,8216.67,Employed,40.2,Bachelor,Single,18900.0,Debt Consolidation,18.4,36,638.0,0.15,1,4,0,9400.0,3580.24,Own,0,Medium Risk
38,Male,32300.0,2691.67,Employed,4.8,High School,Single,3800.0,Education,16.68,60,659.0,0.19,0,7,0,5100.0,1662.97,Mortgage,0,Low Risk
73,Female,69700.0,5808.33,Retired,22.0,Master,Single,6800.0,Education,14.85,60,709.0,0.13,0,5,3,7800.0,3032.73,Mortgage,2,Medium Risk
24,Male,74700.0,6225.0,Self-Employed,1.7,Bachelor,Single,12900.0,Auto,18.85,60,647.0,0.17,1,6,2,12200.0,2979.19,Rent,0,High Risk
26,Male,26100.0,2175.0,Retired,,Bachelor,Married,3000.0,Auto,22.07,36,539.0,0.14,0,6,0,100.0,1565.03,Rent,2,High Risk
67,Male,46800.0,3900.0,Retired,35.0,Bachelor,Married,9400.0,Education,19.41,60,546.0,0.16,1,3,1,100.0,2289.4,Rent,0,High Risk
34,Female,127000.0,10583.33,Employed,11.2,Bachelor,Married,12200.0,Home Improvement,12.66,60,697.0,0.06,0,3,0,25800.0,5413.47,Own,1,Low Risk
31,Female,123400.0,10283.33,Employed,6.0,Bachelor,Married,28100.0,Debt Consolidation,13.04,36,613.0,0.12,0,7,0,25200.0,4379.49,Mortgage,4,Medium Risk
29,Female,79800.0,6650.0,Employed,1.8,Associate,Divorced,23100.0,Home Improvement,18.96,60,598.0,0.11,0,3,1,3400.0,3552.69,Rent,1,High Risk
18,Male,48400.0,4033.33,Employed,0.0,Associate,Married,7400.0,Debt Consolidation,14.8,60,648.0,0.05,0,3,0,3200.0,1803.18,Rent,0,Medium Risk
51,Male,145200.0,12100.0,Employed,8.2,Master,Single,32500.0,Auto,15.18,36,665.0,0.09,0,7,0,25800.0,5798.09,Own,0,Medium Risk
46,Female,49900.0,4158.33,Employed,8.8,High School,Married,5000.0,Auto,21.98,24,565.0,0.06,0,1,0,7400.0,2645.42,Mortgage,0,Medium Risk
29,Female,9800.0,816.67,Unemployed,0.0,Master,Single,2800.0,Business,24.39,36,534.0,0.37,1,1,1,0.0,1572.86,Mortgage,2,High Risk
32,Female,46600.0,3883.33,Employed,7.8,High School,Single,3100.0,Education,14.26,24,648.0,0.17,1,7,0,3500.0,2057.76,Mortgage,0,Low Risk
72,Female,30100.0,2508.33,Retired,15.0,Bachelor,Married,2500.0,Debt Consolidation,10.33,60,712.0,0.32,1,4,0,300.0,1648.09,Rent,0,Medium Risk
25,Female,92200.0,7683.33,Employed,1.7,Master,Single,8400.0,Debt Consolidation,11.51,60,701.0,0.07,0,6,0,6000.0,4447.05,Rent,3,Low Risk
32,Female,35900.0,2991.67,Employed,8.9,Associate,Single,2900.0,Education,15.16,60,661.0,0.07,0,3,0,7300.0,2161.13,Rent,1,Low Risk
70,Male,20800.0,1733.33,Retired,18.0,Bachelor,Single,4800.0,Debt Consolidation,6.19,36,766.0,0.35,0,8,0,2800.0,1349.54,Rent,0,Medium Risk
22,Male,86900.0,7241.67,Self-Employed,2.9,Master,Married,9500.0,Debt Consolidation,15.44,60,637.0,0.1,0,3,0,300.0,2932.37,Rent,0,High Risk
42,Male,69400.0,5783.33,Employed,15.2,Associate,Divorced,6900.0,Business,16.02,36,665.0,0.11,1,3,0,7200.0,3117.56,Own,3,Medium Risk
68,Male,45400.0,3783.33,Retired,27.0,Bachelor,Married,3600.0,Debt Consolidation,15.18,24,662.0,0.12,1,1,0,5500.0,2474.43,Mortgage,0,Medium Risk
56,Male,138900.0,11575.0,Employed,8.5,Master,Single,34800.0,Debt Consolidation,11.44,36,726.0,0.14,2,3,0,43400.0,5565.33,Own,0,Low Risk
36,Male,125000.0,10416.67,Employed,17.3,Bachelor,Single,3300.0,Debt Consolidation,17.7,36,601.0,0.09,0,4,0,38800.0,5049.78,Own,1,Low Risk
46,Female,11300.0,941.67,Unemployed,0.0,Bachelor,Single,3500.0,Home Improvement,13.29,24,602.0,0.7,2,2,0,5700.0,842.39,Mortgage,0,High Risk
33,Female,75800.0,6316.67,Self-Employed,9.4,Bachelor,Divorced,13300.0,Auto,23.46,36,570.0,0.1,0,7,1,25500.0,2318.79,Mortgage,0,High Risk
52,Female,135700.0,11308.33,Employed,31.8,Bachelor,Single,6400.0,Home Improvement,10.22,24,680.0,0.11,0,4,0,2300.0,4637.96,Own,3,Low Risk
54,Male,64500.0,5375.0,Employed,12.3,Bachelor,Widowed,2400.0,Debt Consolidation,17.3,36,645.0,0.09,0,5,0,4600.0,2839.92,Own,1,Low Risk
46,Female,43400.0,3616.67,Employed,25.4,High School,Single,15200.0,Debt Consolidation,17.5,60,630.0,0.17,1,3,0,14000.0,2909.61,Mortgage,1,Medium Risk
27,Male,127000.0,10583.33,Employed,7.8,Bachelor,Married,10300.0,Debt Consolidation,21.65,12,561.0,0.05,0,1,2,8800.0,4331.07,Own,2,High Risk
38,Female,49300.0,4108.33,Employed,5.0,High School,Widowed,25600.0,Education,10.95,60,708.0,0.22,1,6,0,11300.0,1638.38,Rent,0,Medium Risk
29,Female,56500.0,4708.33,Self-Employed,10.9,High School,Single,13900.0,Debt Consolidation,23.36,24,501.0,0.14,0,6,0,500.0,1911.1,Rent,1,High Risk
61,Male,35900.0,2991.67,Self-Employed,3.6,Associate,Divorced,5200.0,Education,16.4,60,583.0,0.19,1,2,0,4300.0,2063.5,Mortgage,0,Medium Risk
18,Female,140500.0,11708.33,Employed,0.0,Master,Married,40700.0,Auto,16.71,24,667.0,0.08,0,3,0,21700.0,3082.25,Rent,0,Medium Risk
49,Male,14800.0,1233.33,Unemployed,0.0,Bachelor,Single,3200.0,Debt Consolidation,15.9,24,637.0,0.7,2,5,0,200.0,1348.45,Rent,1,High Risk
50,Female,30600.0,2550.0,Self-Employed,26.5,High School,Married,6300.0,Home Improvement,17.11,36,643.0,0.17,0,5,0,,1680.07,Mortgage,0,Medium Risk
32,Female,104200.0,8683.33,Employed,5.4,Master,Married,10400.0,Debt Consolidation,18.25,60,612.0,0.1,0,3,0,8400.0,3980.34,Mortgage,2,Medium Risk
52,Male,134300.0,11191.67,Employed,25.6,Bachelor,Widowed,32800.0,Auto,11.63,36,713.0,0.13,2,4,0,2300.0,4559.28,Own,2,Medium Risk
57,Male,123100.0,10258.33,Employed,9.8,Bachelor,Married,15000.0,Personal,13.43,24,594.0,0.09,0,2,0,5000.0,5140.56,Mortgage,0,Medium Risk
58,Male,120300.0,10025.0,Self-Employed,11.5,Master,Married,58000.0,Education,11.53,12,717.0,0.08,1,6,0,11000.0,3563.83,Own,0,Low Risk
42,Non-Binary,156700.0,13058.33,Employed,,Doctorate,Married,44800.0,Debt Consolidation,16.89,12,606.0,0.05,0,6,0,156500.0,4878.91,Mortgage,1,Low Risk
46,Male,88900.0,7408.33,Employed,26.0,Bachelor,Single,14800.0,Debt Consolidation,18.1,24,663.0,0.16,2,5,1,20700.0,3266.03,Rent,2,Medium Risk
48,Male,48000.0,4000.0,Employed,16.9,High School,Married,4400.0,Home Improvement,15.89,36,616.0,0.21,1,5,0,5000.0,2900.17,Mortgage,1,Low Risk
42,Male,68000.0,5666.67,Employed,19.8,Bachelor,Divorced,4000.0,Home Improvement,18.91,12,,0.1,1,0,1,600.0,2661.45,Mortgage,1,High Risk
55,Female,84000.0,7000.0,Retired,31.0,Master,Widowed,24100.0,Personal,17.24,12,617.0,0.11,1,3,1,1700.0,3867.16,Own,3,High Risk
75,Female,7400.0,616.67,Retired,32.0,High School,Married,3800.0,Auto,9.05,12,729.0,0.7,2,3,0,1800.0,828.32,Mortgage,0,Medium Risk
29,Male,52700.0,4391.67,Self-Employed,5.4,Associate,Divorced,12600.0,Home Improvement,18.0,36,658.0,0.1,0,1,0,700.0,2970.69,Rent,1,High Risk
27,Female,69000.0,5750.0,Self-Employed,6.2,Bachelor,Divorced,16200.0,Home Improvement,12.18,24,703.0,0.08,0,4,0,28100.0,3921.77,Mortgage,2,Low Risk
62,Female,114000.0,9500.0,Employed,25.7,Bachelor,Single,26500.0,Home Improvement,12.41,36,697.0,0.13,1,1,0,29200.0,3326.76,Mortgage,0,Low Risk
57,Non-Binary,13900.0,1158.33,Unemployed,0.0,Master,Married,2400.0,Debt Consolidation,11.99,24,687.0,0.25,1,5,0,100.0,1027.1,Mortgage,0,High Risk
23,Non-Binary,82300.0,6858.33,Employed,0.8,Bachelor,Single,16700.0,Auto,14.48,60,723.0,0.06,0,3,0,20100.0,2693.69,Rent,0,Low Risk
66,Female,46400.0,3866.67,Retired,17.0,Bachelor,Single,5100.0,Education,15.04,60,620.0,0.31,3,2,1,2000.0,2290.51,Own,0,High Risk
42,Female,77600.0,6466.67,Employed,11.6,Bachelor,Married,21600.0,Debt Consolidation,16.61,24,629.0,0.07,0,4,0,15600.0,3401.57,Mortgage,0,Medium Risk
50,Male,167600.0,13966.67,Employed,3.5,Master,Married,4500.0,Debt Consolidation,14.25,60,690.0,0.06,1,4,1,55300.0,6369.18,Own,1,Medium Risk
50,Female,101700.0,8475.0,Employed,9.2,Associate,Married,10800.0,Debt Consolidation,13.32,60,735.0,0.1,0,4,1,6800.0,3799.9,Mortgage,1,Medium Risk
59,Male,188800.0,15733.33,Employed,30.9,Master,Married,29400.0,Education,9.25,12,746.0,0.09,2,2,0,1800.0,7089.11,Mortgage,0,Low Risk
53,Non-Binary,118000.0,9833.33,Employed,18.9,Bachelor,Single,13000.0,Home Improvement,15.12,36,635.0,0.09,0,2,0,16100.0,4850.18,Own,1,Low Risk
61,Male,216600.0,18050.0,Employed,26.2,Doctorate,Married,33400.0,Debt Consolidation,6.14,12,789.0,0.1,1,3,0,83900.0,6671.52,Mortgage,0,Low Risk
54,Male,156000.0,13000.0,Employed,16.9,Bachelor,Single,2100.0,Debt Consolidation,6.07,36,805.0,0.06,1,7,1,40100.0,5845.33,Rent,0,Low Risk
23,Female,10900.0,908.33,Unemployed,0.0,Bachelor,Married,5400.0,Debt Consolidation,18.51,36,559.0,0.56,1,3,0,600.0,938.85,Rent,1,High Risk
22,Male,52900.0,4408.33,Employed,1.9,Bachelor,Married,10600.0,Education,9.9,24,685.0,0.16,1,4,0,1100.0,2748.22,Rent,1,Medium Risk
55,Female,77600.0,6466.67,Employed,17.9,Bachelor,Married,5400.0,Business,10.83,60,730.0,0.12,2,1,0,23400.0,2973.46,Rent,0,Low Risk
63,Female,45500.0,3791.67,Retired,27.0,Bachelor,Single,11300.0,Debt Consolidation,8.17,60,768.0,0.28,1,9,0,6200.0,2546.33,Mortgage,1,Low Risk
69,Female,22400.0,1866.67,Retired,20.0,High School,Married,4300.0,Business,8.48,12,769.0,0.33,1,8,0,3400.0,1008.16,Rent,0,Low Risk
39,Female,213100.0,17758.33,Self-Employed,6.8,Master,Single,33200.0,Debt Consolidation,18.27,12,669.0,0.08,1,4,0,32000.0,4514.86,Rent,1,Medium Risk
39,Male,119900.0,9991.67,Employed,1.6,Bachelor,Single,41300.0,Auto,14.65,36,631.0,0.11,0,3,0,1700.0,5184.67,Own,1,Medium Risk
41,Female,58100.0,4841.67,Employed,19.6,Associate,Single,10000.0,Debt Consolidation,16.59,24,618.0,0.07,1,1,0,100.0,1948.14,Rent,1,Medium Risk
47,Male,69300.0,5775.0,Employed,20.9,High School,Married,37700.0,Debt Consolidation,16.75,60,601.0,0.09,0,3,0,10600.0,2517.38,Own,0,Medium Risk
57,Female,70400.0,5866.67,Employed,10.1,Associate,Married,8700.0,Education,19.87,24,560.0,0.28,3,4,0,6600.0,2284.65,Mortgage,0,High Risk
22,Male,53200.0,4433.33,Employed,1.6,Associate,Divorced,3100.0,Debt Consolidation,19.11,36,527.0,0.1,0,2,2,5000.0,2879.2,Rent,0,High Risk
52,Male,133600.0,11133.33,Employed,19.6,Bachelor,Married,21900.0,Education,10.85,12,724.0,0.06,0,5,0,,3655.49,Own,1,Low Risk
25,Female,64800.0,5400.0,Employed,3.6,Associate,Divorced,7500.0,Debt Consolidation,21.77,36,539.0,0.17,1,5,2,300.0,3071.95,Rent,3,High Risk
40,Male,77300.0,6441.67,Employed,19.5,Bachelor,Married,13800.0,Auto,12.62,24,679.0,0.05,0,2,0,6700.0,2357.41,Mortgage,0,Low Risk
74,Female,42400.0,3533.33,Self-Employed,13.1,High School,Divorced,14800.0,Debt Consolidation,12.5,36,737.0,0.35,2,7,0,3900.0,1942.01,Mortgage,0,Medium Risk
70,Female,127200.0,10600.0,Self-Employed,17.5,Bachelor,Married,15600.0,Auto,10.85,12,731.0,0.13,1,5,0,9500.0,4898.53,Mortgage,0,Medium Risk
30,Male,25000.0,2083.33,Employed,2.9,High School,Single,4300.0,Home Improvement,21.59,12,558.0,0.17,0,6,0,1500.0,1573.88,Mortgage,4,Medium Risk
27,Male,51700.0,4308.33,Employed,2.8,Associate,Single,5400.0,Debt Consolidation,10.27,60,674.0,0.31,3,1,0,28400.0,3418.58,Mortgage,2,Low Risk
72,Female,22700.0,1891.67,Retired,31.0,Bachelor,Single,3700.0,Business,12.38,36,740.0,0.1,0,1,0,1300.0,1471.86,Mortgage,0,Low Risk
65,Female,68200.0,5683.33,Employed,5.2,Bachelor,Married,29200.0,Home Improvement,11.65,60,720.0,0.05,0,3,0,22400.0,1988.97,Own,0,Low Risk
41,Male,48800.0,4066.67,Self-Employed,11.2,High School,Single,3200.0,Personal,21.38,36,491.0,0.18,2,1,0,800.0,3248.51,Rent,3,High Risk
34,Male,61200.0,5100.0,Employed,11.9,High School,Single,28300.0,Personal,10.25,24,677.0,0.12,0,4,0,1600.0,2728.21,Mortgage,1,Medium Risk
57,Female,144200.0,12016.67,Self-Employed,24.5,Bachelor,Married,8600.0,Personal,15.57,12,629.0,0.09,0,6,0,26500.0,4060.11,Rent,0,Medium Risk
46,Male,10900.0,908.33,Unemployed,0.0,Associate,Married,2400.0,Debt Consolidation,17.05,36,646.0,0.16,0,1,0,2600.0,1008.53,Mortgage,1,Medium Risk
64,Female,75300.0,6275.0,Self-Employed,5.5,Bachelor,Single,2000.0,Auto,11.01,12,689.0,0.15,1,6,0,6100.0,2783.43,Mortgage,0,Low Risk
33,Male,42700.0,3558.33,Employed,4.4,Associate,Single,2600.0,Debt Consolidation,25.49,60,519.0,0.19,1,2,1,1500.0,2216.79,Mortgage,2,High Risk
70,Male,69900.0,5825.0,Retired,27.0,Master,Single,8600.0,Auto,13.15,24,678.0,0.06,0,4,0,25600.0,3266.81,Rent,0,Low Risk
44,Female,157500.0,13125.0,Employed,8.6,Bachelor,Single,33100.0,Home Improvement,9.51,36,736.0,0.13,1,3,0,40300.0,4326.71,Own,0,Low Risk
30,Female,74600.0,6216.67,Employed,1.9,Bachelor,Divorced,16000.0,Education,10.31,12,679.0,0.15,0,7,0,0.0,4120.06,Rent,2,Medium Risk
25,Male,95000.0,7916.67,Employed,6.3,Bachelor,Married,2500.0,Debt Consolidation,19.95,24,495.0,0.12,1,0,0,13900.0,3430.63,Rent,2,Medium Risk
46,Male,60800.0,5066.67,Employed,20.0,Bachelor,Single,6300.0,Debt Consolidation,13.49,12,656.0,0.06,0,1,0,6300.0,3705.28,Own,4,Low Risk
72,Male,25000.0,2083.33,Retired,36.0,Bachelor,Married,9300.0,Business,17.9,36,640.0,0.7,3,5,1,6800.0,1364.3,Rent,0,High Risk
42,Male,44000.0,3666.67,Employed,2.4,Associate,Single,6100.0,Business,14.91,24,618.0,0.17,0,7,0,1100.0,1950.43,Mortgage,1,Medium Risk
41,Female,64400.0,5366.67,Self-Employed,19.2,High School,Divorced,33400.0,Business,19.61,36,552.0,0.22,2,2,2,32600.0,3220.43,Mortgage,1,High Risk
65,Male,78200.0,6516.67,Employed,3.9,Bachelor,Single,34700.0,Debt Consolidation,6.84,12,787.0,0.2,1,10,0,36700.0,2776.79,Mortgage,0,Low Risk
75,Male,37400.0,3116.67,Retired,39.0,Master,Single,6700.0,Auto,10.46,36,684.0,0.14,0,4,0,2900.0,1909.16,Rent,0,Medium Risk
49,Male,46100.0,3841.67,Employed,24.2,Associate,Married,2900.0,Home Improvement,13.72,24,608.0,0.1,0,2,0,10100.0,3171.43,Mortgage,2,Low Risk
59,Male,12600.0,1050.0,Retired,21.0,High School,Single,2400.0,Business,11.88,36,698.0,0.23,0,3,0,2000.0,971.69,Own,0,Medium Risk
56,Non-Binary,132100.0,11008.33,Employed,23.5,Bachelor,Divorced,7800.0,Debt Consolidation,14.31,24,624.0,0.11,1,3,0,33000.0,4055.38,Own,0,Low Risk
48,Male,99400.0,8283.33,Self-Employed,23.2,Master,Married,22800.0,Auto,16.44,36,647.0,0.14,1,4,0,10200.0,4186.81,Rent,1,Medium Risk
41,Female,6300.0,525.0,Unemployed,0.0,High School,Married,4700.0,Home Improvement,12.68,60,677.0,0.33,0,7,0,600.0,1955.9,Rent,2,High Risk
53,Male,106400.0,8866.67,Employed,20.8,Bachelor,Widowed,23400.0,Debt Consolidation,17.69,12,663.0,0.08,0,1,0,14000.0,3298.1,Mortgage,1,Medium Risk
41,Male,64700.0,5391.67,Employed,9.9,Associate,Single,2500.0,Personal,16.19,36,657.0,0.14,1,3,0,5100.0,4325.58,Mortgage,2,Medium Risk
41,Female,158200.0,13183.33,Employed,16.7,Bachelor,Married,13400.0,Personal,13.45,24,715.0,0.09,2,3,0,29900.0,6835.96,Own,1,Low Risk
45,Male,173800.0,14483.33,Employed,18.0,Bachelor,Married,40500.0,Personal,10.11,60,683.0,0.11,2,3,0,12100.0,6375.8,Own,2,Low Risk
70,Male,29000.0,2416.67,Retired,23.0,Associate,Married,4300.0,Education,13.47,24,714.0,0.17,0,4,0,2000.0,1542.15,Mortgage,0,Medium Risk
44,Male,234200.0,19516.67,Employed,18.3,Master,Single,5400.0,Home Improvement,11.92,24,724.0,0.09,1,4,0,1800.0,6062.95,Mortgage,0,Low Risk
35,Male,87300.0,7275.0,Employed,3.9,Bachelor,Divorced,3300.0,Business,17.3,24,607.0,0.19,3,4,0,31400.0,1993.68,Rent,0,Medium Risk
54,Male,92100.0,7675.0,Employed,30.8,Associate,Married,10700.0,Debt Consolidation,13.01,24,701.0,0.12,1,3,0,17800.0,3159.57,Mortgage,2,Low Risk
24,Female,40300.0,3358.33,Employed,2.7,High School,Married,2200.0,Home Improvement,11.8,36,733.0,0.25,1,5,0,11800.0,1911.59,Rent,0,Low Risk
46,Male,23000.0,1916.67,Employed,5.3,High School,Married,3700.0,Personal,18.0,24,670.0,0.26,1,1,0,7600.0,1350.92,Rent,2,Low Risk
31,Male,58000.0,4833.33,Employed,11.4,Bachelor,Married,10900.0,Education,24.83,36,551.0,0.15,1,2,0,600.0,3454.11,Rent,2,High Risk
24,Male,144000.0,12000.0,Employed,4.0,Master,Widowed,84100.0,Debt Consolidation,15.07,36,621.0,0.09,0,1,0,65100.0,4849.59,Rent,0,Medium Risk
64,Female,55500.0,4625.0,Self-Employed,12.2,High School,Married,4500.0,Auto,7.57,36,798.0,0.23,1,10,0,16200.0,2546.38,Mortgage,1,Low Risk
69,Female,40900.0,3408.33,Retired,37.0,Doctorate,Single,7000.0,Debt Consolidation,9.25,36,727.0,0.22,1,6,1,19300.0,1393.44,Rent,0,Medium Risk
28,Male,50100.0,4175.0,Self-Employed,8.9,Bachelor,Married,12300.0,Debt Consolidation,24.6,12,488.0,0.15,1,3,1,1400.0,2435.16,Rent,2,High Risk
42,Male,86400.0,7200.0,Employed,10.8,Associate,Single,11300.0,Home Improvement,16.49,24,657.0,0.13,0,5,0,3600.0,2917.08,Own,1,Medium Risk
43,Female,57900.0,4825.0,Employed,9.1,Associate,Married,11100.0,Debt Consolidation,15.45,12,639.0,0.1,0,1,0,20300.0,2982.47,Rent,0,Low Risk
19,Male,9600.0,800.0,Unemployed,0.0,Master,Married,4500.0,Personal,18.05,36,532.0,0.41,1,3,3,100.0,969.35,Rent,0,High Risk
62,Male,125500.0,10458.33,Self-Employed,1.7,Bachelor,Married,14600.0,Debt Consolidation,7.72,24,752.0,0.1,0,9,0,45800.0,4101.61,Own,1,Low Risk
45,Female,170200.0,14183.33,Employed,11.1,Doctorate,Single,59800.0,Business,7.47,12,745.0,,1,4,0,80600.0,5099.45,Mortgage,2,Low Risk
56,Male,103000.0,8583.33,Employed,12.9,Bachelor,Single,10600.0,Debt Consolidation,10.35,36,717.0,0.18,2,5,0,35900.0,3943.75,Rent,0,Low Risk
65,Female,58700.0,4891.67,Self-Employed,40.2,High School,Married,13900.0,Debt Consolidation,12.82,36,708.0,0.21,2,5,0,13500.0,2125.92,Mortgage,1,Medium Risk
69,Female,9200.0,766.67,Retired,16.0,High School,Married,2600.0,Education,12.3,12,711.0,0.7,2,6,0,,1311.51,Own,0,High Risk
46,Male,225600.0,18800.0,Employed,0.8,Master,Single,13200.0,Debt Consolidation,10.75,24,711.0,0.08,0,6,0,40900.0,9341.14,Own,3,Low Risk
28,Female,39000.0,3250.0,Employed,5.6,Associate,Single,5300.0,Business,13.62,12,620.0,0.19,1,2,1,1500.0,2483.52,Rent,4,High Risk
31,Male,46800.0,3900.0,Employed,3.4,High School,Married,6500.0,Auto,11.6,60,720.0,0.06,0,2,0,10400.0,2972.68,Rent,2,Low Risk
51,Male,13600.0,1133.33,Unemployed,0.0,High School,Single,2400.0,Home Improvement,24.49,12,558.0,0.3,1,3,0,2900.0,1066.69,Mortgage,1,High Risk
51,Male,100100.0,8341.67,Employed,22.3,Master,Married,10500.0,Debt Consolidation,9.12,36,782.0,0.06,0,4,0,60900.0,3886.87,Rent,2,Low Risk
40,Female,5200.0,433.33,Unemployed,0.0,Bachelor,Married,2900.0,Personal,25.1,60,560.0,0.7,0,7,0,300.0,1401.31,Mortgage,2,High Risk
43,Male,167900.0,13991.67,Employed,7.7,Bachelor,Single,16900.0,Debt Consolidation,17.78,36,668.0,0.05,0,1,0,17500.0,5338.78,Rent,2,Medium Risk
59,Male,42000.0,3500.0,Employed,40.7,Associate,Married,2300.0,Education,11.11,12,691.0,0.12,0,3,0,4800.0,2335.94,Own,0,Low Risk
51,Male,139400.0,11616.67,Employed,20.9,Bachelor,Single,8700.0,Debt Consolidation,10.73,12,682.0,0.07,0,5,0,39600.0,4095.18,Own,2,Low Risk
47,Non-Binary,176600.0,14716.67,Employed,9.8,Bachelor,Single,36700.0,Business,6.17,24,748.0,0.13,2,7,0,11300.0,5425.81,Own,0,Low Risk
47,Female,38400.0,3200.0,Employed,6.5,High School,Married,8100.0,Business,8.4,36,752.0,0.23,1,9,0,8800.0,1964.45,Rent,0,Low Risk
20,Male,77200.0,6433.33,Self-Employed,0.6,Bachelor,Divorced,3400.0,Auto,17.6,36,655.0,0.37,4,7,2,3400.0,2834.56,Rent,0,High Risk
75,Male,45400.0,3783.33,Retired,21.0,Master,Single,10100.0,Business,9.1,12,780.0,0.16,0,10,0,13500.0,1475.56,Rent,0,Low Risk
69,Male,32200.0,2683.33,Retired,20.0,Bachelor,Married,11400.0,Home Improvement,14.3,36,660.0,0.16,0,4,0,5300.0,1723.15,Rent,0,Medium Risk
74,Female,16500.0,1375.0,Retired,34.0,High School,Married,2700.0,Business,11.97,12,710.0,0.5,1,7,0,2200.0,1275.49,Rent,0,Medium Risk
40,Female,72600.0,6050.0,Employed,16.4,Bachelor,Married,4400.0,Debt Consolidation,19.15,60,589.0,0.13,1,1,0,4400.0,3028.2,Mortgage,2,Medium Risk
29,Male,173200.0,14433.33,Employed,10.7,Master,Divorced,87400.0,Debt Consolidation,14.98,60,689.0,0.11,1,6,0,10000.0,3963.74,Rent,1,Medium Risk
63,Female,173400.0,14450.0,Employed,23.0,Doctorate,Divorced,6000.0,Debt Consolidation,12.8,36,677.0,0.05,0,2,0,45800.0,7348.79,Mortgage,0,Low Risk
68,Female,13400.0,1116.67,Retired,15.0,High School,Single,3700.0,Personal,14.95,60,639.0,0.68,1,5,0,5400.0,833.59,Mortgage,0,Medium Risk
52,Female,134400.0,11200.0,Employed,2.5,Bachelor,Single,65500.0,Home Improvement,9.44,24,731.0,0.11,1,6,0,22300.0,3714.53,Own,0,Low Risk
64,Male,53500.0,4458.33,Employed,43.3,Bachelor,Married,10000.0,Home Improvement,16.69,24,635.0,0.13,1,2,0,900.0,2785.04,Own,0,Medium Risk
42,Female,84800.0,7066.67,Employed,18.3,Associate,Married,10800.0,Debt Consolidation,7.69,24,,0.08,1,1,0,5900.0,3389.77,Mortgage,1,Low Risk
73,Female,10300.0,858.33,Retired,24.0,High School,Married,4800.0,Debt Consolidation,4.55,12,850.0,0.7,2,3,0,4200.0,1353.01,Mortgage,1,Low Risk
53,Male,84500.0,7041.67,Employed,2.2,Master,Married,25500.0,Education,12.01,24,706.0,0.09,1,1,0,9300.0,3308.93,Rent,1,Medium Risk
31,Male,115600.0,9633.33,Employed,3.8,Bachelor,Single,3700.0,Auto,17.01,24,641.0,0.11,1,7,1,11500.0,5010.72,Mortgage,3,Medium Risk
72,Female,46600.0,3883.33,Retired,20.0,Bachelor,Married,5300.0,Debt Consolidation,12.08,24,711.0,0.33,4,2,0,7400.0,1435.44,Own,0,Low Risk
35,Female,123500.0,10291.67,Employed,1.8,Bachelor,Single,43300.0,Home Improvement,16.09,36,654.0,0.12,1,4,0,5600.0,4995.48,Rent,0,Medium Risk
37,Female,126700.0,10558.33,Self-Employed,18.3,Bachelor,Married,20400.0,Education,17.46,36,626.0,0.13,0,7,1,13200.0,4806.22,Mortgage,4,High Risk
71,Male,17800.0,1483.33,Retired,28.0,Associate,Divorced,4000.0,Business,8.63,12,746.0,0.32,1,1,0,1000.0,1260.34,Rent,0,Low Risk
53,Male,6900.0,575.0,Unemployed,0.0,High School,Single,3400.0,Business,16.13,12,632.0,0.7,0,7,0,600.0,663.63,Rent,0,High Risk
73,Male,33400.0,2783.33,Retired,33.0,Bachelor,Single,3000.0,Business,18.88,24,576.0,0.38,2,7,0,12700.0,1815.14,Mortgage,0,High Risk
64,Non-Binary,83500.0,6958.33,Employed,26.3,Bachelor,Single,5000.0,Home Improvement,10.49,12,714.0,0.09,2,3,0,600.0,3118.7,Mortgage,0,Low Risk
30,Female,91700.0,7641.67,Employed,1.4,Bachelor,Single,7600.0,Education,19.72,12,544.0,0.12,0,6,0,1300.0,2596.85,Rent,0,High Risk
39,Female,204200.0,17016.67,Employed,14.3,Master,Married,88700.0,Debt Consolidation,13.67,12,664.0,0.11,3,3,0,19000.0,6696.6,Mortgage,4,Medium Risk
55,Female,91500.0,7625.0,Self-Employed,18.9,Bachelor,Married,2100.0,Business,9.47,36,755.0,0.13,0,8,0,25900.0,4339.98,Mortgage,1,Low Risk
60,Female,71400.0,5950.0,Employed,10.3,Bachelor,Married,15500.0,Education,15.76,24,648.0,0.11,0,4,1,800.0,2527.14,Mortgage,0,High Risk
54,Female,71800.0,5983.33,Employed,3.8,Bachelor,Married,24500.0,Personal,14.55,24,603.0,0.11,1,4,0,900.0,3478.63,Mortgage,2,Medium Risk
49,Female,54100.0,4508.33,Employed,16.1,Associate,Widowed,3700.0,Business,17.14,12,664.0,0.23,1,6,0,13500.0,2480.61,Own,0,Low Risk
21,Female,11000.0,916.67,Unemployed,0.0,High School,Single,2000.0,Debt Consolidation,20.91,36,549.0,0.56,2,2,0,600.0,1372.39,Mortgage,0,High Risk
63,Female,59100.0,4925.0,Self-Employed,38.1,High School,Married,20500.0,Education,12.38,36,718.0,0.18,1,3,0,11200.0,2109.62,Mortgage,0,Medium Risk
28,Male,40300.0,3358.33,Self-Employed,9.1,High School,Single,3300.0,Debt Consolidation,18.03,24,513.0,0.17,1,3,1,3500.0,2487.1,Own,1,High Risk
54,Male,126100.0,10508.33,Employed,7.6,Master,Divorced,20300.0,Debt Consolidation,7.87,24,775.0,0.05,0,3,0,64900.0,5084.21,Rent,1,Low Risk
28,Female,47000.0,3916.67,Employed,1.7,High School,Married,8600.0,Debt Consolidation,10.98,60,737.0,0.08,0,1,0,9500.0,2321.42,Mortgage,1,Low Risk
53,Male,96300.0,8025.0,Self-Employed,25.5,Bachelor,Single,15200.0,Home Improvement,16.95,24,639.0,0.09,0,7,0,10800.0,4727.88,Rent,1,Medium Risk
18,Female,52300.0,4358.33,Employed,0.0,Associate,Married,12200.0,Education,16.69,12,647.0,0.11,0,1,0,11800.0,2740.62,Rent,0,Medium Risk
34,Female,71200.0,5933.33,Employed,15.3,Master,Divorced,19700.0,Home Improvement,13.92,12,650.0,0.07,0,5,0,300.0,2868.06,Mortgage,4,Medium Risk
57,Male,113600.0,9466.67,Employed,38.3,Bachelor,Married,15000.0,Debt Consolidation,10.88,60,746.0,0.13,1,1,0,10500.0,3304.0,Mortgage,0,Low Risk
25,Female,103300.0,8608.33,Employed,6.5,Doctorate,Divorced,24300.0,Personal,15.58,60,652.0,0.16,2,6,0,,3434.56,Rent,3,High Risk
42,Female,43200.0,3600.0,Employed,8.4,Associate,Married,3300.0,Debt Consolidation,17.87,60,589.0,0.12,0,4,0,12100.0,2493.97,Mortgage,1,Low Risk
36,Male,98000.0,8166.67,Self-Employed,3.4,Bachelor,Married,23400.0,Auto,10.53,12,734.0,0.1,1,3,0,6600.0,3908.73,Rent,2,Medium Risk
54,Female,123800.0,10316.67,Self-Employed,13.7,Master,Married,20100.0,Auto,22.37,36,502.0,0.05,0,6,0,2100.0,5570.13,Rent,2,High Risk
63,Female,145400.0,12116.67,Employed,43.7,Bachelor,Married,27900.0,Debt Consolidation,8.72,60,779.0,0.22,4,9,0,58300.0,6027.98,Rent,0,Low Risk
44,Female,9500.0,791.67,Unemployed,0.0,Bachelor,Married,3000.0,Personal,20.42,12,534.0,0.7,1,7,3,100.0,798.1,Mortgage,0,High Risk
23,Male,101800.0,8483.33,Employed,1.5,Bachelor,Married,51200.0,Debt Consolidation,13.77,60,686.0,0.12,1,4,0,26800.0,3122.48,Rent,0,Medium Risk
33,Female,23600.0,1966.67,Employed,0.9,High School,Married,3200.0,Auto,15.13,12,626.0,0.46,3,2,0,,1300.1,Own,0,Medium Risk
35,Female,98400.0,8200.0,Employed,3.4,Bachelor,Married,3700.0,Home Improvement,13.32,24,706.0,0.17,2,6,0,50500.0,3606.32,Mortgage,3,Low Risk
44,Male,58300.0,4858.33,Self-Employed,10.1,Associate,Married,4800.0,Auto,14.55,36,597.0,0.15,2,2,0,4900.0,2178.61,Rent,1,Medium Risk
38,Male,49400.0,4116.67,Self-Employed,8.3,High School,Divorced,4900.0,Business,21.2,36,483.0,0.09,0,1,0,6200.0,2521.5,Rent,2,High Risk
49,Male,91300.0,7608.33,Employed,7.3,Bachelor,Single,36600.0,Business,15.31,60,620.0,0.13,0,6,0,5600.0,2586.86,Rent,0,Medium Risk
28,Male,27300.0,2275.0,Employed,5.1,High School,Married,3400.0,Debt Consolidation,23.62,36,533.0,0.23,1,6,1,1100.0,1780.98,Mortgage,1,High Risk
48,Male,6300.0,525.0,Unemployed,0.0,Associate,Single,4100.0,Debt Consolidation,25.04,60,554.0,0.62,1,1,0,600.0,864.44,Rent,1,High Risk
51,Female,79600.0,6633.33,Employed,11.9,Associate,Divorced,21500.0,Business,11.94,24,675.0,0.14,1,4,0,4500.0,3605.81,Mortgage,3,Low Risk
46,Female,30100.0,2508.33,Employed,20.9,High School,Divorced,2600.0,Home Improvement,6.24,24,749.0,0.19,0,7,0,600.0,2102.64,Rent,4,Low Risk
26,Female,18300.0,1525.0,Employed,,High School,Single,3500.0,Debt Consolidation,20.62,24,556.0,0.09,0,2,0,1800.0,1190.62,Own,0,Medium Risk
69,Male,29400.0,2450.0,Retired,38.0,Associate,Divorced,6200.0,Home Improvement,12.61,12,702.0,0.1,0,4,0,5200.0,1245.79,Mortgage,0,Medium Risk
51,Female,11700.0,975.0,Unemployed,0.0,Bachelor,Married,2700.0,Debt Consolidation,17.68,24,614.0,0.68,1,7,1,400.0,1456.18,Rent,1,High Risk
72,Male,28800.0,2400.0,Retired,20.0,Bachelor,Married,9900.0,Personal,9.98,36,728.0,0.19,1,1,0,7200.0,1667.34,Own,0,Medium Risk
49,Male,147600.0,12300.0,Self-Employed,30.8,Bachelor,Divorced,11500.0,Home Improvement,11.43,36,707.0,0.05,0,4,0,11600.0,5484.24,Mortgage,2,Low Risk
35,Male,100900.0,8408.33,Self-Employed,5.7,Bachelor,Divorced,12200.0,Auto,14.14,60,703.0,0.13,1,2,0,1200.0,3904.87,Own,1,Medium Risk
42,Female,165500.0,13791.67,Employed,1.2,Bachelor,Married,3200.0,Personal,7.27,24,793.0,0.11,0,5,0,69100.0,6087.09,Own,1,Low Risk
67,Non-Binary,21100.0,1758.33,Retired,17.0,High School,Married,4700.0,Business,16.8,36,585.0,0.21,1,2,0,2200.0,1527.7,Rent,0,High Risk
62,Male,107500.0,8958.33,Employed,7.5,Bachelor,Single,30000.0,Debt Consolidation,18.69,60,648.0,0.07,1,1,3,1600.0,3455.67,Own,1,High Risk
61,Female,22500.0,1875.0,Employed,9.4,High School,Married,3500.0,Home Improvement,13.56,60,676.0,0.38,1,6,0,1200.0,1325.26,Mortgage,0,Medium Risk
71,Male,12900.0,1075.0,Unemployed,0.0,High School,Widowed,4100.0,Personal,19.02,60,635.0,0.7,2,1,3,1300.0,1752.49,Rent,1,High Risk
31,Female,190800.0,15900.0,Self-Employed,5.1,Master,Married,27800.0,Home Improvement,11.69,36,702.0,0.07,1,7,0,28200.0,7093.6,Rent,1,Low Risk
20,Female,10900.0,908.33,Unemployed,0.0,Bachelor,Married,3000.0,Home Improvement,21.08,60,544.0,0.12,0,2,1,500.0,1061.64,Rent,0,High Risk
69,Female,19800.0,1650.0,Retired,41.0,High School,Divorced,3000.0,Debt Consolidation,6.53,12,758.0,0.55,2,10,0,8100.0,1043.9,Mortgage,0,Low Risk
66,Female,22000.0,1833.33,Retired,31.0,High School,Married,8900.0,Home Improvement,13.92,36,659.0,0.31,0,6,0,5900.0,1200.79,Mortgage,0,Medium Risk
40,Male,35400.0,2950.0,Employed,14.6,High School,Single,3700.0,Debt Consolidation,14.72,24,648.0,0.12,0,3,0,,2353.34,Mortgage,1,Low Risk
71,Female,17000.0,1416.67,Retired,43.0,High School,Single,2400.0,Debt Consolidation,12.84,12,683.0,0.28,0,5,0,2400.0,864.91,Mortgage,0,Medium Risk
52,Female,88700.0,7391.67,Employed,27.7,Bachelor,Married,3200.0,Education,9.21,24,721.0,0.12,1,2,0,14200.0,4033.08,Rent,1,Low Risk
29,Female,32100.0,2675.0,Employed,2.3,High School,Married,8000.0,Debt Consolidation,10.69,36,711.0,0.28,1,7,0,10700.0,1700.77,Mortgage,0,Low Risk
63,Female,51000.0,4250.0,Employed,4.0,High School,Divorced,2900.0,Home Improvement,13.64,36,646.0,0.3,2,6,0,22100.0,1917.34,Rent,0,Medium Risk
46,Female,18200.0,1516.67,Retired,22.0,Associate,Married,4200.0,Business,10.92,60,,0.25,1,2,0,2100.0,1286.12,Mortgage,1,Medium Risk
47,Male,5800.0,483.33,Unemployed,0.0,High School,Single,2900.0,Debt Consolidation,24.39,36,516.0,0.7,1,2,0,1300.0,1067.69,Mortgage,1,High Risk
58,Male,140900.0,11741.67,Employed,2.3,Bachelor,Married,10400.0,Home Improvement,7.83,12,755.0,0.1,2,3,0,50900.0,6302.67,Rent,0,Low Risk
27,Female,31300.0,2608.33,Employed,6.3,High School,Married,2200.0,Home Improvement,11.29,60,683.0,0.32,2,4,0,,1988.63,Rent,0,Medium Risk
70,Female,131100.0,10925.0,Self-Employed,18.2,Doctorate,Single,4600.0,Education,15.43,24,654.0,0.12,1,1,0,3800.0,4390.49,Rent,0,Medium Risk
66,Female,51900.0,4325.0,Retired,23.0,Doctorate,Single,5400.0,Home Improvement,17.47,36,634.0,0.12,0,2,0,17700.0,2255.59,Mortgage,1,Low Risk
48,Female,123000.0,10250.0,Employed,16.2,Bachelor,Divorced,12000.0,Debt Consolidation,15.12,12,606.0,0.06,0,2,0,31400.0,4894.91,Mortgage,0,Low Risk
51,Male,22400.0,1866.67,Employed,30.4,High School,Married,4500.0,Education,24.5,12,572.0,0.36,2,1,0,5400.0,1438.67,Rent,0,High Risk
50,Male,151400.0,12616.67,Employed,16.1,Bachelor,Single,9800.0,Education,8.46,24,781.0,0.19,4,4,0,53800.0,6538.61,Mortgage,0,Low Risk
25,Female,13800.0,1150.0,Unemployed,0.0,Associate,Single,3200.0,Business,17.18,24,606.0,0.65,1,6,0,1800.0,800.53,Rent,0,High Risk
46,Male,195900.0,16325.0,Employed,4.1,Master,Married,17700.0,Debt Consolidation,11.2,36,706.0,0.11,0,5,1,7200.0,5933.22,Own,1,Medium Risk
72,Female,23800.0,1983.33,Retired,44.0,Bachelor,Married,4600.0,Debt Consolidation,18.29,36,624.0,0.28,1,1,0,1200.0,1537.99,Mortgage,1,Medium Risk
50,Male,122600.0,10216.67,Employed,30.8,Master,Married,45200.0,Education,9.46,24,707.0,0.1,1,5,0,13900.0,4147.66,Mortgage,0,Low Risk
68,Male,38300.0,3191.67,Retired,40.0,Bachelor,Married,16100.0,Business,7.84,24,778.0,0.27,1,6,0,20700.0,1752.5,Rent,0,Low Risk
46,Female,175700.0,14641.67,Employed,7.0,Bachelor,Single,54600.0,Debt Consolidation,4.78,36,807.0,0.08,0,4,0,68800.0,5483.28,Mortgage,1,Low Risk
30,Male,133100.0,11091.67,Employed,,Bachelor,Widowed,21200.0,Auto,19.26,60,655.0,0.06,0,6,0,600.0,5782.92,Mortgage,3,Medium Risk
43,Female,77400.0,6450.0,Employed,22.0,Associate,Divorced,28800.0,Debt Consolidation,18.58,60,604.0,0.11,0,7,0,5800.0,3210.29,Own,2,Medium Risk
68,Male,33400.0,2783.33,Retired,30.0,Bachelor,Single,10600.0,Debt Consolidation,10.94,12,698.0,0.14,1,2,0,3400.0,1430.32,Mortgage,0,Low Risk
50,Female,6200.0,516.67,Unemployed,0.0,Associate,Single,2300.0,Education,15.09,60,617.0,0.7,1,5,0,500.0,798.19,Mortgage,0,High Risk
49,Male,61700.0,5141.67,Employed,25.0,High School,Single,3200.0,Debt Consolidation,17.72,24,656.0,0.11,0,3,0,4600.0,2945.17,Rent,0,Medium Risk
32,Male,82800.0,6900.0,Self-Employed,12.0,Associate,Divorced,7000.0,Debt Consolidation,22.62,24,492.0,0.09,0,1,3,4100.0,3444.49,Mortgage,0,High Risk
51,Non-Binary,11500.0,958.33,Unemployed,0.0,Doctorate,Married,3000.0,Personal,24.43,36,508.0,0.6,1,5,1,300.0,2350.84,Own,3,High Risk
30,Male,28200.0,2350.0,Employed,9.9,High School,Married,3300.0,Debt Consolidation,13.89,36,582.0,0.13,1,3,0,12900.0,1252.7,Rent,0,Low Risk
21,Non-Binary,6000.0,500.0,Unemployed,0.0,Bachelor,Divorced,2000.0,Debt Consolidation,22.03,24,384.0,0.12,0,1,0,100.0,943.24,Rent,0,High Risk
45,Female,25900.0,2158.33,Self-Employed,23.8,High School,Married,2400.0,Home Improvement,20.31,24,535.0,0.08,0,1,0,100.0,1917.13,Mortgage,1,High Risk
22,Male,20200.0,1683.33,Self-Employed,1.6,High School,Married,3100.0,Personal,24.3,12,575.0,0.39,1,4,0,400.0,1319.0,Mortgage,0,High Risk
60,Female,62700.0,5225.0,Employed,29.2,High School,Married,3600.0,Personal,19.39,60,558.0,0.11,0,5,0,2300.0,2574.86,Own,0,Medium Risk
62,Male,25400.0,2116.67,Self-Employed,32.1,High School,Divorced,7700.0,Home Improvement,11.8,60,733.0,0.15,1,2,0,6600.0,1015.39,Mortgage,0,Medium Risk
34,Female,86000.0,7166.67,Employed,3.6,Bachelor,Married,34100.0,Education,14.6,12,602.0,0.13,1,7,0,13200.0,4185.56,Rent,4,Medium Risk
55,Male,122000.0,10166.67,Self-Employed,29.8,Bachelor,Divorced,4300.0,Education,11.79,36,671.0,0.14,1,2,0,21800.0,3591.14,Own,1,Low Risk
20,Male,45100.0,3758.33,Employed,0.6,Bachelor,Single,8900.0,Home Improvement,14.66,36,599.0,0.1,1,2,0,11800.0,1829.01,Rent,0,Low Risk
50,Female,143200.0,11933.33,Employed,10.3,Bachelor,Widowed,22500.0,Debt Consolidation,17.37,36,653.0,0.17,4,6,0,23000.0,4021.39,Own,2,Low Risk
44,Female,68600.0,5716.67,Employed,0.8,High School,Single,3500.0,Home Improvement,24.93,12,562.0,0.07,0,2,0,11500.0,3659.41,Rent,3,Medium Risk
75,Male,29300.0,2441.67,Retired,27.0,Associate,Married,6800.0,Auto,5.79,60,850.0,0.3,1,8,0,,1985.77,Mortgage,0,Low Risk
61,Male,34800.0,2900.0,Employed,35.4,Associate,Divorced,13700.0,Education,16.44,24,651.0,0.06,0,1,0,4900.0,1421.01,Rent,0,Medium Risk
50,Female,92200.0,7683.33,Self-Employed,14.1,Bachelor,Divorced,6900.0,Auto,13.56,36,646.0,0.07,1,3,1,8400.0,3675.61,Mortgage,1,Medium Risk
23,Female,33100.0,2758.33,Employed,2.4,Associate,Married,7500.0,Debt Consolidation,14.71,24,639.0,0.12,0,2,0,2700.0,1477.32,Rent,0,Medium Risk
57,Male,51200.0,4266.67,Employed,17.1,High School,Married,5700.0,Education,14.43,60,601.0,0.43,4,4,3,12000.0,1876.88,Rent,0,High Risk
23,Female,11000.0,916.67,Unemployed,0.0,High School,Divorced,2400.0,Debt Consolidation,21.19,36,561.0,0.25,0,6,0,2700.0,767.63,Rent,0,High Risk
61,Male,87000.0,7250.0,Employed,11.8,Bachelor,Divorced,29800.0,Debt Consolidation,9.32,36,707.0,0.11,2,1,0,7800.0,4273.72,Rent,0,Medium Risk
72,Female,11000.0,916.67,Retired,38.0,High School,Single,2500.0,Debt Consolidation,15.05,24,670.0,0.67,1,4,0,1600.0,939.5,Rent,0,High Risk
20,Female,5200.0,433.33,Unemployed,0.0,Bachelor,Widowed,3500.0,Education,13.64,24,624.0,0.18,0,1,0,800.0,1255.58,Rent,0,High Risk
34,Non-Binary,78900.0,6575.0,Employed,2.5,Bachelor,Single,9100.0,Education,24.82,36,377.0,0.11,0,2,0,300.0,2791.62,Rent,0,High Risk
71,Female,47300.0,3941.67,Employed,18.8,Bachelor,Single,11300.0,Auto,15.98,36,617.0,0.11,0,2,0,2100.0,1891.94,Rent,0,Medium Risk
34,Female,144100.0,12008.33,Employed,2.5,Bachelor,Married,15900.0,Debt Consolidation,19.5,60,547.0,0.1,0,7,1,800.0,5884.17,Own,1,High Risk
50,Male,68500.0,5708.33,Self-Employed,18.5,Associate,Single,9000.0,Home Improvement,17.21,24,639.0,0.15,0,7,0,700.0,2666.51,Mortgage,1,High Risk
22,Non-Binary,94500.0,7875.0,Employed,0.5,Bachelor,Married,2200.0,Home Improvement,20.96,24,578.0,0.13,1,5,1,8200.0,3330.99,Rent,0,High Risk
60,Female,43700.0,3641.67,Self-Employed,4.7,High School,Single,6600.0,Debt Consolidation,9.5,36,748.0,0.17,2,2,0,9400.0,2456.17,Mortgage,0,Low Risk
29,Non-Binary,57500.0,4791.67,Employed,4.6,Associate,Married,11700.0,Auto,25.1,60,571.0,0.15,0,7,2,2200.0,4072.06,Own,3,High Risk
39,Female,10700.0,891.67,Unemployed,0.0,Master,Single,3500.0,Personal,12.29,24,679.0,0.39,0,4,1,7400.0,2029.9,Mortgage,2,High Risk
66,Male,67900.0,5658.33,Retired,41.0,Master,Single,8400.0,Debt Consolidation,10.18,24,694.0,0.19,2,4,0,21600.0,2315.18,Rent,2,Low Risk
31,Female,12900.0,1075.0,Unemployed,0.0,High School,Married,3300.0,Education,14.85,36,608.0,0.7,3,2,1,6700.0,1662.93,Mortgage,1,High Risk
55,Male,132400.0,11033.33,Employed,34.0,Master,Married,39500.0,Education,11.94,60,716.0,0.08,1,1,1,35000.0,4510.24,Own,2,Medium Risk
35,Female,91200.0,7600.0,Employed,10.8,Bachelor,Single,6000.0,Personal,7.88,12,751.0,0.09,0,3,0,26500.0,4485.16,Rent,2,Low Risk
42,Male,31800.0,2650.0,Employed,6.7,High School,Divorced,8300.0,Home Improvement,7.89,24,745.0,0.24,1,1,2,7400.0,2158.02,Rent,1,High Risk
63,Male,84400.0,7033.33,Self-Employed,0.6,Bachelor,Single,9000.0,Home Improvement,15.46,60,668.0,0.12,0,7,0,30700.0,3007.26,Rent,0,Medium Risk
29,Male,107200.0,8933.33,Employed,2.4,Bachelor,Single,17200.0,Auto,22.34,36,455.0,0.1,1,1,1,3200.0,4381.27,Own,2,High Risk
28,Female,85700.0,7141.67,Employed,8.4,Bachelor,Married,32900.0,Debt Consolidation,7.65,36,760.0,0.13,1,7,0,39700.0,4136.23,Rent,2,Low Risk
28,Male,31200.0,2600.0,Retired,2.0,Bachelor,Married,2500.0,Debt Consolidation,13.41,60,734.0,0.18,1,1,0,2000.0,2284.19,Rent,1,Medium Risk
50,Female,95100.0,7925.0,Employed,1.2,Bachelor,Divorced,6300.0,Auto,24.99,24,557.0,0.15,1,5,0,1200.0,4422.33,Mortgage,2,Medium Risk
50,Non-Binary,103800.0,8650.0,Self-Employed,30.1,Bachelor,Married,33200.0,Education,8.67,36,799.0,0.12,0,9,0,27300.0,4859.16,Mortgage,3,Low Risk
36,Male,55800.0,4650.0,Self-Employed,7.7,Associate,Married,3400.0,Education,13.29,36,691.0,0.09,0,7,0,11800.0,3045.81,Rent,2,Low Risk
56,Female,147500.0,12291.67,Employed,7.0,Bachelor,Married,30800.0,Home Improvement,15.93,24,627.0,0.05,0,5,1,39400.0,4812.5,Own,0,Medium Risk
43,Male,191600.0,15966.67,Employed,3.7,Master,Married,57800.0,Education,9.78,12,689.0,0.09,0,6,0,13000.0,5775.65,Mortgage,3,Low Risk
21,Female,82200.0,6850.0,Employed,2.6,Master,Single,38600.0,Debt Consolidation,16.8,12,625.0,0.09,0,1,0,1100.0,2354.75,Rent,0,Medium Risk
39,Male,25200.0,2100.0,Employed,4.2,High School,Married,4900.0,Debt Consolidation,24.61,36,553.0,0.11,0,2,1,4600.0,1404.3,Mortgage,1,High Risk
43,Female,91700.0,7641.67,Employed,14.8,Bachelor,Married,20200.0,Debt Consolidation,16.34,36,635.0,0.1,1,2,1,11000.0,4032.18,Mortgage,1,High Risk
32,Female,32000.0,2666.67,Employed,3.4,High School,Divorced,7600.0,Education,15.66,12,624.0,0.08,0,4,0,1500.0,1635.79,Rent,0,Medium Risk
37,Male,53900.0,4491.67,Employed,14.7,Bachelor,Married,2700.0,Debt Consolidation,16.2,60,632.0,0.05,0,1,0,2200.0,2214.27,Rent,0,Medium Risk
31,Female,148700.0,12391.67,Employed,9.7,Master,Single,14600.0,Home Improvement,18.13,36,575.0,0.11,3,5,0,58400.0,6310.06,Rent,0,Medium Risk
68,Male,20800.0,1733.33,Retired,17.0,Associate,Single,3500.0,Education,8.97,60,775.0,0.14,0,3,0,5100.0,1454.1,Mortgage,0,Low Risk
28,Male,110800.0,9233.33,Employed,8.4,Master,Single,16100.0,Debt Consolidation,18.23,36,660.0,0.12,1,4,0,7300.0,3626.77,Own,1,Medium Risk
23,Male,103600.0,8633.33,Self-Employed,2.2,Bachelor,Single,9100.0,Home Improvement,13.87,12,595.0,0.2,3,6,0,16500.0,4507.02,Rent,1,Medium Risk
22,Female,100700.0,8391.67,Self-Employed,3.3,Doctorate,Divorced,5100.0,Debt Consolidation,16.54,36,638.0,0.07,0,2,0,4200.0,4208.45,Rent,0,Medium Risk
54,Female,113000.0,9416.67,Employed,35.7,Bachelor,Married,5400.0,Debt Consolidation,14.6,36,610.0,0.1,0,3,0,4700.0,4207.65,Mortgage,0,Medium Risk
23,Female,72200.0,6016.67,Employed,4.6,Associate,Married,2300.0,Business,23.32,36,579.0,0.19,1,7,0,600.0,2452.6,Rent,1,Medium Risk
41,Male,22100.0,1841.67,Self-Employed,6.6,High School,Married,4900.0,Debt Consolidation,21.58,60,562.0,0.33,1,3,0,200.0,1436.5,Rent,0,High Risk
68,Female,11600.0,966.67,Unemployed,0.0,Associate,Single,5000.0,Auto,18.42,36,528.0,0.7,3,1,1,,1227.35,Rent,1,High Risk
34,Female,50500.0,4208.33,Employed,3.5,High School,Married,5300.0,Debt Consolidation,14.72,60,633.0,0.1,0,6,0,15600.0,3297.15,Rent,3,Medium Risk
24,Male,136000.0,11333.33,Employed,2.9,Master,Divorced,12400.0,Home Improvement,14.87,36,611.0,0.12,1,4,0,12000.0,3757.57,Rent,0,Medium Risk
64,Male,223800.0,18650.0,Employed,23.2,Doctorate,Single,26400.0,Debt Consolidation,4.45,24,806.0,0.09,1,9,0,71300.0,6241.18,Mortgage,0,Low Risk
63,Female,122100.0,10175.0,Employed,43.5,Master,Married,19400.0,Home Improvement,9.15,24,770.0,0.08,2,3,0,39700.0,3206.22,Own,0,Low Risk
29,Female,47400.0,3950.0,Employed,1.4,Bachelor,Single,8400.0,Debt Consolidation,17.97,24,654.0,0.26,2,3,0,26800.0,2229.01,Own,2,Medium Risk
54,Male,23800.0,1983.33,Employed,25.3,High School,Single,4900.0,Auto,14.93,36,612.0,0.34,2,2,1,11600.0,1525.37,Mortgage,1,Medium Risk
39,Female,102400.0,8533.33,Self-Employed,11.8,Master,Divorced,8500.0,Home Improvement,13.51,36,648.0,0.14,2,4,1,17700.0,3080.06,Mortgage,1,High Risk
23,Male,23400.0,1950.0,Employed,0.9,High School,Divorced,5400.0,Personal,17.08,24,601.0,0.31,2,5,1,600.0,1451.52,Rent,1,High Risk
60,Female,106200.0,8850.0,Employed,16.0,Bachelor,Married,14200.0,Debt Consolidation,16.2,36,614.0,0.12,1,2,2,20600.0,4851.63,Own,0,Medium Risk
74,Male,18000.0,1500.0,Retired,19.0,High School,Single,2900.0,Debt Consolidation,11.98,36,678.0,0.08,0,1,0,500.0,1607.39,Mortgage,0,Medium Risk
62,Female,106300.0,8858.33,Employed,29.8,Bachelor,Widowed,5200.0,Auto,4.77,36,819.0,0.14,1,3,0,108100.0,4478.21,Mortgage,0,Low Risk
28,Male,11100.0,925.0,Unemployed,0.0,Master,Divorced,2800.0,Home Improvement,14.95,36,599.0,0.39,1,2,0,0.0,1402.95,Rent,1,High Risk
49,Male,43800.0,3650.0,Employed,16.0,High School,Single,3100.0,Auto,18.83,60,658.0,0.1,0,5,0,,2068.59,Mortgage,1,Medium Risk
70,Female,14700.0,1225.0,Retired,41.0,Associate,Married,3500.0,Education,15.65,36,663.0,0.7,5,4,3,4600.0,1483.58,Mortgage,1,High Risk
28,Male,23700.0,1975.0,Employed,5.6,High School,Married,9600.0,Education,13.89,24,618.0,0.29,2,2,0,100.0,1594.56,Rent,1,High Risk
25,Non-Binary,163900.0,13658.33,Employed,1.3,Master,Single,94200.0,Home Improvement,18.25,24,666.0,0.08,2,5,0,39100.0,6911.89,Rent,1,Medium Risk
40,Female,199800.0,16650.0,Employed,10.9,Master,Single,47000.0,Home Improvement,17.01,12,660.0,0.05,0,1,0,55400.0,7007.39,Mortgage,3,Low Risk
75,Male,35700.0,2975.0,Retired,23.0,Bachelor,Single,10900.0,Debt Consolidation,12.64,24,725.0,0.2,1,1,0,5700.0,1695.34,Mortgage,0,Medium Risk
62,Female,158600.0,13216.67,Employed,1.8,Master,Divorced,24600.0,Auto,12.59,60,716.0,0.08,1,5,0,17800.0,7066.21,Own,0,Low Risk
52,Male,95600.0,7966.67,Employed,6.1,Associate,Single,35100.0,Education,16.83,60,617.0,0.15,1,5,0,21700.0,3623.47,Rent,1,Medium Risk
21,Male,10300.0,858.33,Unemployed,0.0,Bachelor,Married,3400.0,Home Improvement,18.47,12,535.0,0.22,0,2,3,100.0,1362.93,Rent,0,High Risk
74,Female,23600.0,1966.67,Retired,44.0,Bachelor,Married,3500.0,Education,13.16,36,740.0,0.2,0,4,0,1000.0,1501.62,Rent,0,Medium Risk
74,Male,12500.0,1041.67,Retired,31.0,High School,Married,4100.0,Personal,14.99,36,624.0,0.7,2,5,0,600.0,1039.64,Mortgage,0,High Risk
74,Female,18900.0,1575.0,Retired,36.0,Associate,Married,4700.0,Debt Consolidation,15.04,24,664.0,0.43,2,2,0,4600.0,1101.55,Rent,0,High Risk
51,Male,68000.0,5666.67,Employed,11.8,High School,Married,9600.0,Personal,13.2,24,738.0,0.23,1,6,0,15500.0,2429.08,Rent,0,Low Risk
43,Female,14500.0,1208.33,Unemployed,0.0,Bachelor,Married,4800.0,Personal,19.12,36,536.0,0.63,1,6,0,200.0,1878.88,Rent,1,High Risk
47,Female,10700.0,891.67,Unemployed,0.0,Bachelor,Married,4700.0,Debt Consolidation,24.71,60,538.0,0.07,0,1,1,100.0,1690.27,Rent,1,High Risk
31,Female,187100.0,15591.67,Employed,12.6,Master,Widowed,12100.0,Home Improvement,15.0,12,638.0,0.06,0,5,2,8200.0,6705.83,Mortgage,0,High Risk
43,Male,93000.0,7750.0,Employed,15.9,Bachelor,Divorced,21500.0,Auto,11.64,24,694.0,0.1,0,7,0,14700.0,3824.6,Own,2,Low Risk
70,Male,36300.0,3025.0,Retired,39.0,Bachelor,Widowed,4000.0,Debt Consolidation,14.98,12,669.0,0.2,1,6,0,9100.0,2053.86,Mortgage,0,Medium Risk
54,Male,32200.0,2683.33,Employed,14.2,High School,Divorced,13000.0,Debt Consolidation,12.78,60,717.0,0.25,1,5,0,4300.0,2001.08,Rent,1,Medium Risk
23,Male,67500.0,5625.0,Self-Employed,4.2,Associate,Married,27600.0,Debt Consolidation,18.72,24,527.0,0.14,1,2,1,2100.0,3052.56,Rent,0,High Risk
47,Male,84800.0,7066.67,Employed,24.0,Associate,Divorced,19400.0,Home Improvement,18.1,12,596.0,0.27,5,5,0,3100.0,2962.26,Mortgage,1,Medium Risk
52,Female,53500.0,4458.33,Employed,16.4,Associate,Single,14100.0,Home Improvement,10.11,24,719.0,0.31,4,5,1,3700.0,2026.24,Mortgage,0,Medium Risk
44,Male,82100.0,6841.67,Employed,3.2,Associate,Single,10300.0,Personal,6.95,36,742.0,0.25,2,3,0,29800.0,4233.9,Own,1,Low Risk
19,Male,42200.0,3516.67,Employed,0.9,Bachelor,Married,2900.0,Home Improvement,15.46,60,651.0,0.18,1,2,1,3400.0,2874.19,Rent,2,Medium Risk
35,Non-Binary,43500.0,3625.0,Employed,1.2,Associate,Divorced,16000.0,Education,6.04,24,767.0,0.28,4,3,0,14000.0,2402.17,Mortgage,1,Low Risk
53,Female,79100.0,6591.67,Employed,24.0,Bachelor,Single,7800.0,Debt Consolidation,12.11,36,688.0,0.1,1,3,2,3900.0,2529.64,Mortgage,1,High Risk
36,Female,6400.0,533.33,Unemployed,0.0,Associate,Married,4100.0,Debt Consolidation,22.86,12,534.0,0.33,0,3,1,100.0,1450.17,Own,1,High Risk
68,Female,28100.0,2341.67,Retired,42.0,Bachelor,Divorced,11800.0,Education,18.18,24,664.0,0.21,1,2,0,600.0,1936.96,Rent,2,High Risk
63,Male,88600.0,7383.33,Employed,13.5,Bachelor,Married,8200.0,Auto,17.21,24,655.0,0.1,1,3,0,8600.0,2813.61,Mortgage,0,Low Risk
73,Female,20900.0,1741.67,Retired,28.0,High School,Married,7100.0,Auto,17.17,36,666.0,0.11,0,4,0,2300.0,1229.96,Rent,0,Medium Risk
75,Non-Binary,84900.0,7075.0,Retired,40.0,Doctorate,Married,16000.0,Debt Consolidation,18.39,24,648.0,0.16,2,6,0,20700.0,2456.26,Mortgage,0,Medium Risk
72,Male,52700.0,4391.67,Self-Employed,38.7,High School,Widowed,3900.0,Home Improvement,5.63,36,850.0,0.08,0,6,0,26300.0,2523.24,Rent,1,Low Risk
29,Male,51900.0,4325.0,Self-Employed,8.4,Bachelor,Single,2400.0,Business,13.59,12,628.0,0.07,0,2,0,9100.0,2229.84,Own,0,Low Risk
37,Male,71800.0,5983.33,Employed,4.1,Associate,Single,10900.0,Education,13.3,36,701.0,0.08,1,3,0,9100.0,3140.23,Rent,3,Medium Risk
75,Female,55800.0,4650.0,Retired,44.0,Master,Divorced,5700.0,Auto,13.46,36,662.0,0.09,1,1,0,14900.0,1485.84,Mortgage,0,Medium Risk
36,Female,34000.0,2833.33,Employed,4.2,High School,Married,4400.0,Education,18.63,36,513.0,0.34,2,2,1,800.0,1597.97,Rent,0,High Risk
21,Male,8900.0,741.67,Unemployed,0.0,High School,Married,1200.0,Business,22.21,24,464.0,0.7,3,0,1,500.0,737.75,Own,0,High Risk
40,Male,9000.0,750.0,Unemployed,0.0,Master,Married,3900.0,Education,20.65,24,544.0,0.4,0,4,1,200.0,1096.4,Rent,0,High Risk
46,Male,90300.0,7525.0,Employed,8.2,Associate,Married,32100.0,Debt Consolidation,6.36,12,743.0,0.15,1,6,0,4400.0,2816.11,Rent,0,Low Risk
21,Male,32200.0,2683.33,Employed,2.0,Associate,Married,5500.0,Debt Consolidation,16.15,36,619.0,0.13,1,1,0,1600.0,1925.73,Mortgage,0,Medium Risk
70,Male,30900.0,2575.0,Retired,43.0,Bachelor,Single,2200.0,Education,8.94,36,775.0,0.28,0,10,0,22200.0,1528.53,Rent,0,Low Risk
40,Female,31300.0,2608.33,Employed,5.8,High School,Married,2400.0,Home Improvement,12.75,36,725.0,0.7,5,7,0,2100.0,1852.19,Mortgage,1,High Risk
48,Male,45700.0,3808.33,Employed,19.2,High School,Married,11800.0,Education,14.74,12,650.0,0.2,1,3,0,2200.0,2224.36,Mortgage,1,Medium Risk
61,Male,121100.0,10091.67,Employed,19.7,Bachelor,Married,33800.0,Debt Consolidation,15.5,60,602.0,0.09,0,5,1,10600.0,4853.51,Own,0,Medium Risk
50,Male,108400.0,9033.33,Employed,22.4,Bachelor,Single,11800.0,Auto,4.72,36,807.0,0.11,0,5,0,30800.0,3499.02,Own,0,Low Risk
42,Male,104400.0,8700.0,Employed,16.3,Bachelor,Married,14900.0,Debt Consolidation,10.13,36,722.0,0.11,1,3,0,11100.0,4477.56,Mortgage,1,Low Risk
71,Male,16600.0,1383.33,Retired,23.0,Associate,Married,2900.0,Business,8.14,36,751.0,0.44,1,4,0,8500.0,1077.55,Mortgage,0,Low Risk
38,Male,125600.0,10466.67,Employed,10.9,Bachelor,Widowed,3500.0,Business,8.47,36,759.0,0.07,1,6,0,17200.0,3550.35,Rent,2,Low Risk
32,Female,91500.0,7625.0,Employed,7.1,Bachelor,Divorced,21800.0,Debt Consolidation,12.83,36,675.0,0.07,0,2,0,600.0,3072.62,Rent,0,Medium Risk
33,Female,106200.0,8850.0,Self-Employed,2.2,Bachelor,Single,21900.0,Personal,16.22,36,650.0,0.07,0,2,0,22400.0,3060.15,Mortgage,0,Medium Risk
57,Male,57300.0,4775.0,Employed,15.8,Associate,Married,25800.0,Education,10.31,36,686.0,0.09,0,5,0,1400.0,1754.81,Own,1,Medium Risk
48,Male,253500.0,21125.0,Employed,6.8,Master,Married,76600.0,Debt Consolidation,10.13,36,698.0,0.09,0,1,0,6100.0,5750.52,Own,0,Low Risk
45,Female,110700.0,9225.0,Employed,9.3,Bachelor,Married,3700.0,Debt Consolidation,8.91,12,755.0,0.15,1,3,0,28400.0,3408.5,Own,0,Low Risk
45,Female,27700.0,2308.33,Employed,8.8,High School,Single,7500.0,Education,14.08,60,690.0,0.16,0,5,0,6400.0,1348.97,Own,0,Low Risk
42,Male,127700.0,10641.67,Employed,3.6,Bachelor,Single,50000.0,Debt Consolidation,16.37,24,670.0,0.08,1,1,0,12100.0,4367.08,Own,3,Low Risk
63,Female,6700.0,558.33,Unemployed,0.0,Bachelor,Single,2700.0,Debt Consolidation,24.34,60,477.0,0.25,0,2,0,500.0,1354.93,Rent,1,High Risk
19,Male,8600.0,716.67,Unemployed,0.0,High School,Divorced,2600.0,Debt Consolidation,22.73,36,490.0,0.12,0,1,0,200.0,841.88,Rent,0,High Risk
66,Female,23900.0,1991.67,Retired,31.0,Bachelor,Married,4600.0,Home Improvement,9.62,24,678.0,0.07,0,1,0,7600.0,1721.7,Mortgage,2,Low Risk
73,Female,11800.0,983.33,Retired,32.0,High School,Married,3800.0,Debt Consolidation,10.49,36,674.0,0.35,1,5,0,5100.0,1270.27,Mortgage,0,Low Risk
72,Female,10200.0,850.0,Retired,26.0,High School,Single,4300.0,Auto,10.1,24,736.0,0.7,2,4,0,0.0,1502.15,Rent,0,High Risk
34,Male,33900.0,2825.0,Employed,10.2,High School,Divorced,5800.0,Home Improvement,24.07,36,504.0,0.7,5,4,0,1700.0,2518.76,Own,3,High Risk
48,Male,84700.0,7058.33,Employed,18.8,Associate,Divorced,8300.0,Home Improvement,7.44,36,760.0,0.07,0,3,0,,4065.24,Rent,1,Low Risk
68,Female,27000.0,2250.0,Retired,31.0,Associate,Single,2400.0,Home Improvement,8.12,12,773.0,0.3,1,6,0,12000.0,1691.64,Rent,1,Low Risk
62,Male,287300.0,23941.67,Employed,20.0,Doctorate,Divorced,46400.0,Personal,12.1,24,676.0,0.06,1,2,0,68800.0,11499.22,Mortgage,1,Low Risk
58,Female,67900.0,5658.33,Employed,13.0,Bachelor,Single,7400.0,Debt Consolidation,6.02,24,744.0,0.12,1,5,0,10300.0,3158.11,Mortgage,2,Low Risk
59,Male,74800.0,6233.33,Self-Employed,28.6,Bachelor,Married,6000.0,Home Improvement,13.56,36,665.0,0.16,1,5,0,16600.0,3321.51,Mortgage,0,Medium Risk
64,Female,195600.0,16300.0,Employed,39.6,Doctorate,Single,40300.0,Debt Consolidation,8.42,36,749.0,0.13,2,5,0,41800.0,7609.2,Own,0,Low Risk
39,Male,24200.0,2016.67,Employed,1.5,High School,Single,4000.0,Personal,14.53,12,619.0,0.17,0,6,0,1600.0,1579.52,Rent,2,Medium Risk
45,Female,45400.0,3783.33,Employed,14.5,High School,Divorced,4100.0,Debt Consolidation,10.35,36,687.0,0.19,0,7,0,3400.0,1488.38,Mortgage,0,Low Risk
18,Male,8300.0,691.67,Unemployed,0.0,Bachelor,Single,1800.0,Business,21.78,36,485.0,0.34,0,3,1,300.0,1078.92,Mortgage,0,High Risk
67,Female,18900.0,1575.0,Retired,20.0,High School,Married,5400.0,Home Improvement,18.55,60,632.0,0.08,0,1,0,5900.0,1166.13,Mortgage,0,Medium Risk
70,Male,18300.0,1525.0,Retired,28.0,High School,Married,4300.0,Personal,17.38,36,663.0,0.7,3,6,0,11300.0,1028.05,Mortgage,0,High Risk
32,Female,35300.0,2941.67,Employed,5.4,High School,Married,7600.0,Auto,24.52,24,503.0,0.31,1,7,0,700.0,1768.58,Mortgage,2,High Risk
35,Non-Binary,145200.0,12100.0,Employed,6.5,Master,Divorced,16500.0,Auto,15.7,36,625.0,0.11,0,4,2,2000.0,6501.02,Own,1,High Risk
20,Female,51300.0,4275.0,Employed,1.1,High School,Married,12700.0,Education,14.63,36,609.0,0.09,0,2,0,7300.0,1427.21,Mortgage,0,Medium Risk
33,Male,165700.0,13808.33,Employed,6.5,Doctorate,Married,8300.0,Auto,15.32,24,605.0,0.11,0,6,0,39000.0,4531.77,Own,0,Low Risk
45,Female,98300.0,8191.67,Employed,0.8,Associate,Married,8100.0,Debt Consolidation,12.57,36,672.0,0.06,0,6,0,2600.0,3243.08,Rent,0,Medium Risk
62,Non-Binary,158800.0,13233.33,Employed,40.0,Master,Single,31600.0,Personal,7.05,60,826.0,0.1,0,8,0,73000.0,4284.48,Mortgage,0,Low Risk
29,Male,7200.0,600.0,Unemployed,0.0,Bachelor,Married,3100.0,Debt Consolidation,18.19,36,531.0,0.7,0,7,1,400.0,1124.83,Mortgage,1,High Risk
23,Male,68600.0,5716.67,Employed,3.8,Bachelor,Single,11200.0,Debt Consolidation,18.72,24,530.0,0.09,0,2,1,1600.0,2249.85,Rent,1,High Risk
64,Female,40900.0,3408.33,Employed,32.0,Associate,Married,6400.0,Business,13.79,60,705.0,0.13,1,1,0,6500.0,1877.59,Rent,0,Low Risk
67,Female,39700.0,3308.33,Retired,22.0,Doctorate,Single,5300.0,Auto,20.01,60,657.0,0.19,1,4,0,1700.0,1906.23,Mortgage,0,Medium Risk
52,Non-Binary,150100.0,12508.33,Employed,26.9,Master,Married,57400.0,Debt Consolidation,8.11,36,750.0,0.05,0,1,0,67200.0,5745.34,Own,0,Low Risk
18,Male,51200.0,4266.67,Employed,0.0,Bachelor,Single,7900.0,Auto,20.26,36,563.0,0.23,1,7,0,6800.0,2698.96,Rent,0,High Risk
22,Female,118200.0,9850.0,Employed,3.3,Bachelor,Single,18700.0,Debt Consolidation,14.56,12,638.0,0.05,0,4,0,16800.0,3892.82,Rent,0,Medium Risk
73,Female,17900.0,1491.67,Retired,20.0,High School,Single,2600.0,Home Improvement,11.31,36,707.0,0.1,0,1,0,2000.0,1252.72,Rent,0,Medium Risk
70,Female,31600.0,2633.33,Retired,23.0,Bachelor,Married,4100.0,Debt Consolidation,22.5,36,571.0,,0,2,0,1600.0,1904.9,Rent,0,High Risk
70,Female,65800.0,5483.33,Retired,16.0,Master,Single,5200.0,Home Improvement,18.49,36,588.0,0.13,1,3,0,29300.0,2492.87,Rent,0,Medium Risk
71,Non-Binary,35700.0,2975.0,Retired,35.0,Doctorate,Married,8400.0,Home Improvement,9.27,36,751.0,0.22,1,8,0,10300.0,1499.78,Own,0,Low Risk
65,Male,18700.0,1558.33,Employed,,High School,Married,2800.0,Debt Consolidation,15.69,60,658.0,0.11,0,3,0,800.0,1169.57,Mortgage,0,Medium Risk
75,Female,35000.0,2916.67,Retired,40.0,Bachelor,Married,10600.0,Debt Consolidation,7.69,36,757.0,0.42,2,6,0,12300.0,1873.54,Mortgage,0,Low Risk
71,Male,33300.0,2775.0,Retired,16.0,Bachelor,Single,3400.0,Home Improvement,3.99,24,806.0,0.3,1,6,0,13500.0,1471.73,Own,0,Low Risk
32,Male,59600.0,4966.67,Employed,2.6,High School,Married,5900.0,Personal,10.22,36,680.0,0.11,1,2,0,10600.0,2456.11,Rent,1,Low Risk
53,Male,49500.0,4125.0,Employed,19.7,High School,Single,6600.0,Debt Consolidation,15.69,12,601.0,0.1,0,5,1,900.0,3027.62,Mortgage,1,High Risk
22,Female,67600.0,5633.33,Employed,1.9,Bachelor,Married,3500.0,Debt Consolidation,21.23,24,572.0,0.07,0,4,1,8200.0,2813.63,Rent,0,High Risk
35,Female,10000.0,833.33,Unemployed,0.0,Bachelor,Married,4200.0,Debt Consolidation,15.75,36,602.0,0.7,2,5,0,1600.0,1425.46,Mortgage,2,High Risk
71,Male,29700.0,2475.0,Retired,35.0,Bachelor,Widowed,2100.0,Personal,12.98,36,734.0,0.24,1,5,0,4000.0,1847.13,Mortgage,0,Low Risk
32,Female,24200.0,2016.67,Employed,9.5,High School,Married,4400.0,Auto,16.41,36,613.0,0.25,0,6,0,4900.0,1594.23,Mortgage,4,Medium Risk
28,Male,96500.0,8041.67,Self-Employed,1.3,Bachelor,Married,5800.0,Education,20.94,12,532.0,0.1,2,1,0,4700.0,3537.52,Own,0,High Risk
74,Female,15500.0,1291.67,Retired,39.0,High School,Single,3100.0,Debt Consolidation,11.0,36,694.0,0.07,0,1,0,3700.0,1243.94,Mortgage,0,Low Risk
74,Male,35600.0,2966.67,Retired,,Bachelor,Married,3100.0,Debt Consolidation,8.43,24,753.0,0.16,0,8,0,5200.0,2165.37,Mortgage,0,Low Risk
65,Female,101900.0,8491.67,Employed,29.1,Bachelor,Married,2700.0,Auto,10.76,12,692.0,0.06,0,2,0,3000.0,3266.92,Own,1,Low Risk
64,Male,10900.0,908.33,Unemployed,0.0,High School,Divorced,3300.0,Home Improvement,16.34,24,635.0,0.7,3,6,1,500.0,1559.64,Mortgage,1,High Risk
59,Female,70400.0,5866.67,Self-Employed,33.1,Bachelor,Married,5800.0,Home Improvement,7.69,36,771.0,0.22,3,8,0,8400.0,2276.52,Mortgage,0,Low Risk
19,Non-Binary,12000.0,1000.0,Unemployed,0.0,Bachelor,Single,1200.0,Education,21.55,60,441.0,0.35,1,0,0,100.0,1208.28,Rent,0,High Risk
21,Female,30900.0,2575.0,Self-Employed,0.9,High School,Single,5400.0,Auto,15.96,12,652.0,0.19,1,2,0,4200.0,1706.45,Mortgage,0,Medium Risk
34,Female,11300.0,941.67,Unemployed,0.0,Associate,Married,4600.0,Auto,20.46,36,533.0,0.27,0,4,3,500.0,1095.05,Mortgage,0,High Risk
46,Female,63800.0,5316.67,Employed,15.4,High School,Single,11700.0,Auto,12.51,36,724.0,0.13,1,4,0,2500.0,2566.35,Mortgage,2,Low Risk
51,Male,10900.0,908.33,Unemployed,0.0,High School,Divorced,2200.0,Auto,24.82,24,538.0,0.65,1,4,1,600.0,1330.99,Mortgage,0,High Risk
60,Male,37800.0,3150.0,Employed,25.1,High School,Divorced,6800.0,Debt Consolidation,13.19,36,678.0,0.11,0,1,0,4400.0,2287.12,Rent,1,Medium Risk
68,Male,43200.0,3600.0,Retired,34.0,Bachelor,Married,22500.0,Debt Consolidation,17.48,36,638.0,0.2,1,4,0,8000.0,2002.53,Mortgage,0,Medium Risk
48,Female,71100.0,5925.0,Employed,19.2,High School,Single,12900.0,Personal,10.54,60,754.0,0.19,1,10,0,40300.0,3150.59,Mortgage,2,Low Risk
19,Female,172200.0,14350.0,Employed,0.8,Doctorate,Single,17700.0,Debt Consolidation,12.28,24,707.0,0.11,2,1,0,77100.0,7081.9,Mortgage,0,Low Risk
48,Male,100700.0,8391.67,Employed,25.2,Master,Divorced,16400.0,Home Improvement,11.95,60,699.0,0.22,3,5,0,5100.0,4359.21,Own,2,Low Risk
35,Female,60500.0,5041.67,Employed,2.4,High School,Married,24000.0,Home Improvement,9.39,24,702.0,0.09,0,5,0,,3393.49,Rent,3,Low Risk
51,Female,63100.0,5258.33,Employed,21.7,Bachelor,Married,10700.0,Debt Consolidation,10.46,24,710.0,0.19,1,6,0,3900.0,2734.76,Mortgage,0,Medium Risk
22,Female,94500.0,7875.0,Employed,1.0,Bachelor,Married,3500.0,Debt Consolidation,24.88,60,517.0,0.05,0,1,1,9100.0,2741.12,Mortgage,0,Medium Risk
38,Male,79300.0,6608.33,Employed,11.2,Associate,Married,21000.0,Education,10.05,36,682.0,0.13,1,1,1,7100.0,3847.9,Mortgage,2,Medium Risk
37,Female,77600.0,6466.67,Employed,3.0,Bachelor,Single,26300.0,Debt Consolidation,21.93,24,549.0,0.18,2,2,3,900.0,2832.93,Mortgage,4,High Risk
38,Female,10200.0,850.0,Unemployed,0.0,Doctorate,Divorced,3000.0,Business,22.44,24,472.0,0.42,1,1,1,1600.0,1318.5,Rent,0,High Risk
53,Female,59100.0,4925.0,Employed,14.9,High School,Married,5400.0,Personal,20.6,12,564.0,0.12,0,4,0,5200.0,3070.75,Own,2,Medium Risk
30,Male,10900.0,908.33,Unemployed,0.0,Bachelor,Single,2500.0,Debt Consolidation,22.55,60,518.0,0.61,2,3,3,0.0,773.69,Rent,0,High Risk
34,Female,184200.0,15350.0,Employed,12.0,Doctorate,Single,58600.0,Debt Consolidation,17.64,60,663.0,0.05,0,3,0,15400.0,6657.19,Rent,1,Medium Risk
27,Female,69600.0,5800.0,Employed,7.7,Associate,Widowed,21700.0,Home Improvement,18.05,36,599.0,0.12,1,7,0,13200.0,2911.68,Own,2,Medium Risk
46,Male,32500.0,2708.33,Employed,4.0,High School,Married,12900.0,Education,14.12,60,735.0,0.18,0,6,0,900.0,1823.07,Rent,0,Medium Risk
31,Male,143800.0,11983.33,Employed,3.9,Master,Single,9300.0,Debt Consolidation,13.34,36,683.0,0.14,1,6,0,57200.0,5094.02,Own,2,Low Risk
35,Male,68400.0,5700.0,Employed,13.8,Bachelor,Married,31700.0,Debt Consolidation,10.55,24,723.0,0.09,0,5,1,14500.0,2353.49,Rent,1,Medium Risk
20,Male,108200.0,9016.67,Self-Employed,1.4,Master,Single,3500.0,Debt Consolidation,9.08,12,689.0,0.11,2,3,0,13100.0,3704.11,Rent,0,Medium Risk
49,Male,122400.0,10200.0,Employed,24.6,Bachelor,Single,11200.0,Education,11.6,24,739.0,0.12,1,5,0,25300.0,4547.4,Own,4,Low Risk
58,Male,41400.0,3450.0,Employed,7.4,High School,Divorced,18600.0,Debt Consolidation,15.09,36,591.0,0.15,0,7,0,19700.0,1705.08,Mortgage,0,Low Risk
43,Male,75900.0,6325.0,Employed,16.1,Bachelor,Single,12700.0,Debt Consolidation,22.25,24,556.0,0.1,0,2,0,12900.0,3965.6,Rent,1,Medium Risk
73,Male,46100.0,3841.67,Retired,33.0,Bachelor,Single,5300.0,Home Improvement,14.81,60,728.0,0.11,1,3,1,5700.0,2095.62,Rent,0,Medium Risk
72,Female,29300.0,2441.67,Retired,17.0,Associate,Married,9100.0,Home Improvement,7.58,12,744.0,0.08,0,1,0,2000.0,2086.05,Rent,0,Low Risk
30,Female,109900.0,9158.33,Employed,10.1,Bachelor,Single,12100.0,Debt Consolidation,15.1,24,608.0,0.11,1,6,0,9900.0,4758.7,Own,2,Medium Risk
40,Female,56200.0,4683.33,Retired,17.0,Bachelor,Married,2600.0,Debt Consolidation,12.8,36,695.0,0.1,1,1,0,1600.0,3384.44,Mortgage,3,Medium Risk
19,Non-Binary,102100.0,8508.33,Self-Employed,0.9,Bachelor,Single,24000.0,Debt Consolidation,12.94,36,687.0,0.28,5,1,0,2100.0,5166.22,Rent,1,High Risk
51,Male,27000.0,2250.0,Retired,27.0,Bachelor,Single,4700.0,Debt Consolidation,15.5,60,626.0,0.34,1,5,0,,1904.76,Mortgage,1,Medium Risk
53,Female,66700.0,5558.33,Self-Employed,8.1,High School,Married,7400.0,Education,6.37,36,763.0,0.16,2,9,0,19700.0,2856.85,Mortgage,1,Low Risk
45,Male,159200.0,13266.67,Employed,1.8,Bachelor,Widowed,9900.0,Business,16.83,24,594.0,0.09,0,5,1,28200.0,3498.85,Own,0,Medium Risk
68,Male,53900.0,4491.67,Retired,20.0,Bachelor,Married,5000.0,Personal,9.38,36,770.0,0.12,0,10,0,16000.0,2676.43,Rent,0,Low Risk
31,Male,99900.0,8325.0,Employed,,Bachelor,Married,45800.0,Debt Consolidation,18.25,36,665.0,0.19,2,3,0,7900.0,3149.69,Own,1,Medium Risk
36,Non-Binary,61000.0,5083.33,Employed,4.4,Bachelor,Single,20000.0,Debt Consolidation,9.53,12,681.0,0.15,1,5,0,12000.0,2315.5,Mortgage,0,Low Risk
59,Female,118100.0,9841.67,Employed,29.3,Bachelor,Married,21200.0,Education,14.05,36,607.0,0.09,0,3,1,26900.0,4160.34,Own,0,Medium Risk
34,Male,212300.0,17691.67,Employed,14.0,Master,Single,29800.0,Debt Consolidation,15.46,36,589.0,0.1,2,2,1,2800.0,5391.6,Own,0,High Risk
45,Male,110900.0,9241.67,Employed,3.9,Bachelor,Married,7300.0,Education,14.62,60,681.0,0.11,2,4,0,,4128.55,Mortgage,2,Low Risk
66,Female,76800.0,6400.0,Retired,36.0,Master,Single,34500.0,Education,8.9,12,747.0,0.16,3,5,0,5500.0,3691.38,Mortgage,2,Low Risk
60,Female,22900.0,1908.33,Employed,4.4,High School,Single,4900.0,Home Improvement,17.92,36,648.0,0.35,2,3,0,2600.0,1475.99,Mortgage,2,Medium Risk
74,Male,11400.0,950.0,Retired,22.0,High School,Married,2300.0,Debt Consolidation,13.96,60,683.0,0.47,1,4,0,1000.0,1424.36,Mortgage,0,Medium Risk
23,Male,74800.0,6233.33,Employed,3.9,Master,Single,4200.0,Debt Consolidation,18.11,60,667.0,0.09,0,7,0,13500.0,3171.25,Rent,0,Low Risk
68,Male,14000.0,1166.67,Retired,20.0,High School,Single,2200.0,Debt Consolidation,23.46,12,546.0,0.39,1,2,0,1400.0,770.2,Mortgage,0,High Risk
53,Female,11300.0,941.67,Unemployed,0.0,Associate,Divorced,2300.0,Home Improvement,23.3,24,516.0,0.62,1,4,2,400.0,1388.5,Mortgage,0,High Risk
69,Male,28900.0,2408.33,Retired,23.0,Associate,Divorced,3400.0,Education,12.15,60,,0.16,1,1,0,3000.0,2031.4,Own,0,Low Risk
22,Female,89600.0,7466.67,Self-Employed,3.5,Master,Single,9800.0,Debt Consolidation,23.39,36,557.0,0.18,2,4,0,2500.0,2626.38,Rent,0,High Risk
34,Male,53300.0,4441.67,Employed,10.4,Bachelor,Single,9500.0,Education,16.32,24,647.0,0.19,2,5,0,17700.0,2964.41,Mortgage,2,Low Risk
49,Male,107700.0,8975.0,Employed,16.4,Master,Married,8000.0,Debt Consolidation,15.41,36,625.0,0.06,0,4,0,6400.0,4825.4,Mortgage,1,Low Risk
26,Non-Binary,33100.0,2758.33,Self-Employed,2.6,High School,Married,13100.0,Debt Consolidation,17.73,60,666.0,0.2,0,6,0,2400.0,2436.18,Rent,1,High Risk
19,Female,82700.0,6891.67,Employed,0.9,Bachelor,Married,8800.0,Debt Consolidation,16.53,12,608.0,0.14,2,5,1,6200.0,3886.14,Rent,0,High Risk
21,Female,73400.0,6116.67,Self-Employed,2.7,Associate,Single,7500.0,Education,15.08,36,610.0,0.14,2,1,0,800.0,2498.06,Rent,1,Medium Risk
62,Male,52900.0,4408.33,Self-Employed,4.9,Bachelor,Divorced,26700.0,Auto,15.2,36,593.0,0.06,0,2,0,3800.0,2671.83,Own,0,Medium Risk
32,Female,93400.0,7783.33,Employed,3.1,Master,Single,3400.0,Business,9.02,24,776.0,0.18,1,7,0,19300.0,3500.11,Mortgage,0,Low Risk
56,Female,52600.0,4383.33,Employed,29.1,High School,Single,20900.0,Education,15.21,12,602.0,0.09,0,4,1,11500.0,1817.93,Mortgage,0,High Risk
27,Female,145000.0,12083.33,Employed,1.5,Master,Single,13900.0,Debt Consolidation,14.43,36,607.0,0.09,2,5,0,6200.0,7033.35,Own,2,Medium Risk
72,Female,23700.0,1975.0,Employed,7.0,High School,Married,11400.0,Auto,13.09,12,701.0,0.34,1,5,0,800.0,1467.16,Mortgage,0,Medium Risk
60,Female,64400.0,5366.67,Employed,25.0,High School,Divorced,13800.0,Home Improvement,12.56,24,683.0,0.19,1,7,0,1500.0,3527.94,Rent,1,Low Risk
30,Male,47600.0,3966.67,Employed,1.0,High School,Divorced,5100.0,Business,14.68,36,593.0,0.16,0,4,1,30800.0,3167.11,Mortgage,2,Medium Risk
19,Male,9900.0,825.0,Unemployed,0.0,Bachelor,Single,2100.0,Education,25.79,60,520.0,0.57,1,6,1,300.0,863.31,Rent,0,High Risk
67,Male,19400.0,1616.67,Retired,19.0,High School,Married,5400.0,Debt Consolidation,6.06,24,784.0,0.31,1,7,0,6000.0,1345.61,Rent,2,Low Risk
21,Male,102900.0,8575.0,Employed,,Bachelor,Single,32300.0,Home Improvement,19.27,60,670.0,0.05,0,3,0,8400.0,3445.87,Rent,0,Low Risk
33,Male,105800.0,8816.67,Self-Employed,12.3,Bachelor,Divorced,8200.0,Personal,9.9,36,672.0,0.2,2,6,0,28300.0,3635.19,Own,1,Low Risk
51,Female,37400.0,3116.67,Employed,10.0,High School,Single,18100.0,Home Improvement,17.16,36,668.0,0.2,0,7,0,500.0,1879.85,Mortgage,1,High Risk
22,Female,68000.0,5666.67,Self-Employed,2.0,Associate,Single,11900.0,Debt Consolidation,17.2,24,584.0,0.17,1,7,0,8800.0,2108.77,Rent,0,High Risk
50,Male,173600.0,14466.67,Employed,18.5,Bachelor,Divorced,29500.0,Auto,10.03,36,680.0,0.05,0,5,0,28600.0,5934.11,Mortgage,1,Low Risk
30,Female,85100.0,7091.67,Employed,8.2,Bachelor,Married,8900.0,Business,20.08,24,544.0,0.13,1,3,0,5900.0,4180.72,Own,1,Medium Risk
50,Female,46400.0,3866.67,Employed,26.5,Associate,Married,10300.0,Auto,14.19,24,666.0,0.12,0,6,0,5500.0,2674.32,Mortgage,1,Medium Risk
70,Female,60900.0,5075.0,Retired,37.0,Master,Divorced,16600.0,Auto,17.08,36,661.0,0.14,0,5,0,6900.0,2087.17,Rent,0,Medium Risk
62,Male,86900.0,7241.67,Employed,17.4,Bachelor,Single,13600.0,Personal,7.05,36,784.0,0.13,0,5,0,24500.0,3091.91,Mortgage,0,Low Risk
56,Male,82900.0,6908.33,Employed,10.7,Associate,Married,18400.0,Education,11.42,36,690.0,0.18,2,3,0,7500.0,3512.98,Rent,0,Low Risk
48,Female,50900.0,4241.67,Employed,21.5,High School,Single,4000.0,Education,19.3,36,557.0,0.14,1,5,0,9200.0,1943.13,Mortgage,1,Medium Risk
26,Male,103200.0,8600.0,Employed,6.8,Bachelor,Married,14300.0,Debt Consolidation,9.6,24,711.0,0.05,0,1,0,20300.0,4303.73,Mortgage,1,Low Risk
52,Female,6300.0,525.0,Unemployed,0.0,Master,Widowed,3000.0,Education,17.86,24,641.0,0.7,1,1,0,2700.0,1234.36,Mortgage,1,High Risk
58,Female,54300.0,4525.0,Employed,15.2,Bachelor,Widowed,12200.0,Debt Consolidation,17.3,36,662.0,0.1,1,2,0,,3158.83,Mortgage,0,Medium Risk
39,Female,10700.0,891.67,Unemployed,0.0,Associate,Single,4300.0,Personal,13.65,36,597.0,0.7,5,5,0,2600.0,1788.19,Mortgage,2,High Risk
26,Male,55100.0,4591.67,Employed,3.8,High School,Married,4200.0,Home Improvement,14.69,24,591.0,0.09,0,6,1,9200.0,2459.1,Mortgage,1,Medium Risk
41,Female,74500.0,6208.33,Employed,22.7,Associate,Single,8800.0,Home Improvement,24.34,12,566.0,0.08,0,1,0,12600.0,3191.72,Mortgage,1,Medium Risk
36,Female,152800.0,12733.33,Employed,5.1,Bachelor,Married,11800.0,Auto,16.03,36,660.0,0.14,3,5,0,4400.0,4020.48,Own,0,Medium Risk
59,Male,178000.0,14833.33,Employed,36.2,Master,Divorced,82300.0,Debt Consolidation,13.64,36,597.0,0.11,2,3,0,16900.0,5573.2,Own,1,Medium Risk
66,Female,20700.0,1725.0,Retired,38.0,Bachelor,Single,7800.0,Debt Consolidation,9.19,36,716.0,0.33,1,3,0,100.0,1471.63,Mortgage,0,Medium Risk
72,Male,111400.0,9283.33,Employed,2.0,Bachelor,Single,29800.0,Home Improvement,5.25,24,830.0,0.09,0,10,0,56200.0,3598.4,Mortgage,0,Low Risk
24,Male,124900.0,10408.33,Employed,5.2,Bachelor,Single,40200.0,Auto,17.91,36,649.0,0.1,0,6,0,33700.0,4791.65,Mortgage,0,Medium Risk
19,Male,11300.0,941.67,Unemployed,0.0,High School,Single,4400.0,Debt Consolidation,23.93,24,524.0,0.18,0,3,3,2200.0,937.03,Rent,0,High Risk
30,Female,28300.0,2358.33,Retired,7.0,Master,Married,11800.0,Debt Consolidation,9.69,12,684.0,0.18,0,3,0,100.0,1872.56,Mortgage,0,Medium Risk
43,Female,164400.0,13700.0,Employed,22.3,Bachelor,Married,22400.0,Auto,14.65,24,661.0,0.07,0,4,0,5000.0,7475.44,Mortgage,4,Medium Risk
59,Female,54000.0,4500.0,Employed,32.8,High School,Married,15600.0,Debt Consolidation,17.94,24,625.0,0.12,0,3,1,6000.0,1478.22,Mortgage,0,Medium Risk
68,Female,69200.0,5766.67,Retired,28.0,Master,Single,14500.0,Debt Consolidation,9.68,36,682.0,0.09,0,6,0,6300.0,2470.22,Rent,1,Medium Risk
73,Female,28700.0,2391.67,Retired,41.0,Bachelor,Married,10700.0,Auto,16.09,60,665.0,0.07,0,5,2,2400.0,1596.96,Rent,0,High Risk
35,Female,35500.0,2958.33,Retired,15.0,Bachelor,Divorced,9300.0,Home Improvement,19.67,12,527.0,0.17,0,7,0,6300.0,2359.79,Rent,2,High Risk
31,Non-Binary,119400.0,9950.0,Employed,4.2,Master,Single,7300.0,Business,13.49,24,597.0,0.13,1,2,1,5200.0,4805.87,Own,1,High Risk
75,Female,11800.0,983.33,Retired,43.0,High School,Single,3900.0,Debt Consolidation,15.8,36,631.0,0.7,2,4,0,1600.0,845.0,Mortgage,0,High Risk
22,Female,86800.0,7233.33,Employed,1.8,Bachelor,Single,19500.0,Education,14.99,60,588.0,0.1,1,6,0,200.0,4047.09,Rent,0,High Risk
62,Female,296100.0,24675.0,Employed,19.0,Doctorate,Divorced,30200.0,Home Improvement,8.51,36,754.0,,2,3,0,162300.0,8074.42,Rent,0,Low Risk
57,Male,73400.0,6116.67,Employed,30.3,Bachelor,Single,3100.0,Home Improvement,12.29,60,690.0,0.14,1,4,0,100.0,3506.83,Rent,0,Medium Risk
43,Female,154400.0,12866.67,Employed,14.4,Bachelor,Married,65400.0,Debt Consolidation,15.36,60,644.0,0.05,0,4,0,1400.0,4129.71,Mortgage,1,Medium Risk
57,Female,32000.0,2666.67,Employed,2.4,High School,Single,8800.0,Debt Consolidation,14.62,24,664.0,0.17,1,6,0,100.0,1436.08,Mortgage,0,Medium Risk
23,Female,7200.0,600.0,Unemployed,0.0,Doctorate,Married,3100.0,Debt Consolidation,23.84,36,510.0,0.7,1,5,3,900.0,615.06,Mortgage,0,High Risk
66,Female,33700.0,2808.33,Retired,20.0,Bachelor,Married,2000.0,Business,9.09,36,756.0,0.25,1,4,0,11100.0,1351.86,Mortgage,0,Low Risk
38,Female,24800.0,2066.67,Employed,16.6,High School,Married,9900.0,Business,12.72,60,713.0,0.4,1,7,0,10000.0,1674.54,Own,1,Low Risk
34,Male,43400.0,3616.67,Employed,3.7,Associate,Single,2900.0,Auto,9.57,24,739.0,0.1,0,6,0,100.0,1710.43,Rent,1,Medium Risk
43,Male,94000.0,7833.33,Employed,21.3,Associate,Married,13500.0,Debt Consolidation,17.78,60,606.0,0.17,1,7,0,16800.0,4578.09,Mortgage,2,Low Risk
70,Male,45800.0,3816.67,Retired,35.0,Doctorate,Married,9000.0,Debt Consolidation,15.13,12,609.0,0.2,0,7,0,14400.0,2003.0,Rent,0,Medium Risk
62,Female,77800.0,6483.33,Employed,43.5,Bachelor,Single,19500.0,Education,7.14,60,850.0,0.11,0,4,0,23200.0,3299.18,Rent,1,Low Risk
56,Male,132000.0,11000.0,Employed,28.9,Bachelor,Single,15300.0,Education,4.26,36,804.0,0.11,1,4,0,26300.0,3610.13,Rent,0,Low Risk
42,Male,221900.0,18491.67,Employed,14.7,Master,Single,39600.0,Business,10.39,36,683.0,0.09,2,7,0,48900.0,8324.83,Own,1,Low Risk
71,Male,22400.0,1866.67,Retired,20.0,Associate,Widowed,5700.0,Business,15.75,36,596.0,0.34,1,6,0,,1402.98,Own,0,High Risk
66,Male,22100.0,1841.67,Retired,17.0,Bachelor,Married,2100.0,Debt Consolidation,11.08,36,699.0,0.5,1,7,0,5600.0,1359.69,Mortgage,0,Medium Risk
53,Male,84100.0,7008.33,Employed,14.4,Bachelor,Married,10200.0,Debt Consolidation,14.13,60,582.0,0.06,0,4,0,16100.0,4772.42,Rent,2,Medium Risk
47,Female,172700.0,14391.67,Employed,14.2,Bachelor,Married,24300.0,Education,13.67,36,613.0,0.07,2,6,1,48400.0,5797.8,Own,1,Medium Risk
27,Female,52000.0,4333.33,Employed,2.1,High School,Married,7500.0,Debt Consolidation,15.74,24,598.0,0.2,2,3,0,18900.0,1729.58,Rent,0,Medium Risk
37,Female,37600.0,3133.33,Employed,9.2,Associate,Married,6400.0,Home Improvement,19.84,60,556.0,0.42,3,5,0,8000.0,1540.81,Mortgage,1,Medium Risk
60,Female,153300.0,12775.0,Employed,13.1,Bachelor,Single,11600.0,Home Improvement,16.43,24,668.0,0.09,1,7,0,104100.0,4283.1,Mortgage,0,Low Risk
51,Male,142300.0,11858.33,Employed,11.1,Master,Married,47900.0,Debt Consolidation,10.49,12,691.0,0.08,0,6,0,5200.0,6102.79,Mortgage,2,Medium Risk
29,Female,71400.0,5950.0,Self-Employed,8.4,Master,Single,23000.0,Debt Consolidation,22.57,36,558.0,0.12,1,3,0,200.0,4326.47,Mortgage,4,High Risk
34,Non-Binary,49900.0,4158.33,Employed,4.8,Associate,Married,8700.0,Education,10.13,36,735.0,0.1,1,3,0,14200.0,3012.59,Rent,1,Low Risk
68,Male,22500.0,1875.0,Retired,15.0,High School,Single,4000.0,Debt Consolidation,19.27,12,565.0,0.46,1,6,0,400.0,1532.78,Rent,0,High Risk
41,Male,87300.0,7275.0,Employed,20.1,Bachelor,Married,5000.0,Education,18.46,24,624.0,0.05,0,3,0,30200.0,3074.71,Mortgage,1,Low Risk
63,Female,128300.0,10691.67,Employed,32.2,Bachelor,Married,39700.0,Debt Consolidation,11.59,36,686.0,0.06,0,6,0,13300.0,4654.93,Rent,0,Medium Risk
70,Male,12000.0,1000.0,Retired,22.0,High School,Single,2200.0,Business,8.75,12,787.0,0.7,1,8,0,5000.0,1379.74,Mortgage,0,Low Risk
71,Female,21200.0,1766.67,Retired,22.0,High School,Married,2800.0,Personal,19.27,12,556.0,0.62,3,2,0,2300.0,1154.62,Own,0,High Risk
73,Male,13100.0,1091.67,Retired,41.0,High School,Divorced,2800.0,Auto,13.23,12,626.0,0.1,0,1,0,3500.0,1201.87,Rent,0,Medium Risk
30,Non-Binary,211500.0,17625.0,Employed,0.9,Doctorate,Single,41100.0,Auto,6.11,24,836.0,0.09,0,3,0,137500.0,5082.03,Own,1,Low Risk
43,Female,123300.0,10275.0,Employed,4.8,Master,Divorced,62800.0,Personal,13.96,36,594.0,0.1,0,1,3,2700.0,3832.55,Own,1,High Risk
22,Male,65200.0,5433.33,Employed,3.5,Bachelor,Married,2500.0,Business,23.15,60,544.0,0.09,1,4,0,800.0,2261.85,Rent,0,Medium Risk
27,Male,71500.0,5958.33,Employed,7.2,Bachelor,Single,9100.0,Personal,17.04,60,594.0,0.31,3,4,0,4100.0,3131.53,Rent,1,High Risk
49,Female,69600.0,5800.0,Employed,,High School,Single,10500.0,Debt Consolidation,12.04,60,705.0,0.1,1,2,0,10300.0,3867.31,Rent,4,Low Risk
34,Male,9200.0,766.67,Unemployed,0.0,High School,Married,3500.0,Debt Consolidation,13.43,36,622.0,0.3,0,6,0,1600.0,1284.2,Mortgage,1,High Risk
23,Male,23400.0,1950.0,Employed,0.9,High School,Divorced,5400.0,Personal,17.08,24,601.0,0.31,2,5,1,600.0,1451.52,Rent,1,High Risk
40,Female,37200.0,3100.0,Self-Employed,11.1,Associate,Single,11200.0,Education,23.7,24,574.0,0.05,0,1,0,1200.0,2059.21,Mortgage,2,Medium Risk
56,Female,81400.0,6783.33,Employed,0.7,Bachelor,Married,3600.0,Business,17.13,36,632.0,0.05,0,5,0,30500.0,3129.0,Own,0,Low Risk
37,Non-Binary,51000.0,4250.0,Self-Employed,12.4,High School,Married,10500.0,Debt Consolidation,24.66,36,454.0,0.1,0,2,1,800.0,1890.45,Own,0,High Risk
75,Male,69300.0,5775.0,Retired,34.0,Master,Divorced,7600.0,Home Improvement,12.52,24,709.0,0.1,1,5,0,19300.0,1899.35,Own,0,Low Risk
32,Female,96200.0,8016.67,Employed,5.9,Doctorate,Married,8000.0,Business,18.21,36,667.0,0.06,0,3,0,14900.0,3917.12,Own,2,Low Risk
47,Male,43900.0,3658.33,Self-Employed,15.5,High School,Married,12500.0,Personal,19.54,24,575.0,0.05,0,1,0,4600.0,2034.32,Own,0,High Risk
27,Male,98300.0,8191.67,Employed,8.2,Doctorate,Single,4100.0,Education,22.06,60,554.0,0.06,0,1,0,10100.0,3492.59,Mortgage,0,Medium Risk
57,Female,5600.0,466.67,Unemployed,0.0,Bachelor,Widowed,2100.0,Debt Consolidation,17.35,36,651.0,0.62,0,7,0,400.0,857.67,Own,0,High Risk
70,Male,83500.0,6958.33,Retired,17.0,Doctorate,Single,7100.0,Education,14.05,60,685.0,0.07,0,2,0,35800.0,2962.22,Rent,0,Low Risk
75,Male,12000.0,1000.0,Retired,35.0,High School,Single,4000.0,Education,13.15,12,596.0,0.43,1,6,0,1700.0,806.94,Rent,0,High Risk
54,Male,66300.0,5525.0,Employed,5.2,Associate,Married,34800.0,Business,10.94,36,681.0,0.07,1,1,0,5700.0,2531.9,Rent,1,Low Risk
73,Male,29500.0,2458.33,Retired,36.0,Associate,Single,4800.0,Home Improvement,15.13,60,587.0,0.3,1,2,0,1100.0,2049.88,Mortgage,1,High Risk
74,Male,13700.0,1141.67,Retired,24.0,High School,Widowed,2900.0,Auto,16.51,60,604.0,0.1,0,1,0,7000.0,890.93,Mortgage,0,Medium Risk
43,Female,109800.0,9150.0,Self-Employed,12.5,Bachelor,Single,57800.0,Debt Consolidation,5.24,12,825.0,0.1,0,5,0,19400.0,3449.37,Mortgage,0,Low Risk
66,Male,36700.0,3058.33,Retired,35.0,Bachelor,Married,7400.0,Debt Consolidation,11.89,60,698.0,0.28,2,6,0,11100.0,2579.83,Mortgage,2,Low Risk
47,Female,76800.0,6400.0,Employed,26.5,Bachelor,Married,8400.0,Auto,18.26,24,661.0,0.06,0,6,0,6800.0,3273.33,Rent,1,Medium Risk
46,Female,81700.0,6808.33,Self-Employed,10.3,Associate,Single,9800.0,Debt Consolidation,10.82,24,719.0,0.13,0,6,0,17500.0,4371.58,Mortgage,2,Low Risk
66,Male,70800.0,5900.0,Retired,23.0,Master,Widowed,6500.0,Business,19.2,60,669.0,0.16,1,4,0,700.0,2573.59,Mortgage,0,Medium Risk
22,Male,6300.0,525.0,Unemployed,0.0,Bachelor,Married,2600.0,Debt Consolidation,18.4,12,492.0,0.23,0,3,1,0.0,1323.44,Rent,1,High Risk
19,Female,8100.0,675.0,Unemployed,0.0,Master,Married,2200.0,Business,22.52,24,405.0,0.62,1,1,0,100.0,1466.35,Rent,0,High Risk
46,Male,141900.0,11825.0,Employed,6.1,Bachelor,Married,5600.0,Education,9.05,36,751.0,0.09,1,4,0,38900.0,5058.32,Own,0,Low Risk
75,Female,16500.0,1375.0,Retired,28.0,High School,Divorced,3900.0,Education,11.77,60,686.0,0.7,2,7,0,5200.0,1210.35,Mortgage,0,Medium Risk
24,Male,94400.0,7866.67,Employed,4.1,Bachelor,Married,16400.0,Debt Consolidation,17.61,24,627.0,0.05,0,2,0,9600.0,3929.34,Rent,2,Medium Risk
32,Male,54200.0,4516.67,Self-Employed,13.5,High School,Single,6300.0,Debt Consolidation,13.2,12,707.0,0.12,2,3,0,2300.0,2890.19,Own,1,Medium Risk
42,Non-Binary,169700.0,14141.67,Employed,9.7,Master,Married,22600.0,Auto,11.86,24,724.0,0.05,1,2,0,18700.0,4659.46,Own,3,Low Risk
50,Female,100000.0,8333.33,Employed,9.5,Bachelor,Divorced,17400.0,Home Improvement,13.24,36,716.0,0.12,1,7,0,2500.0,3153.79,Mortgage,2,Low Risk
19,Male,7900.0,658.33,Unemployed,0.0,Master,Widowed,2200.0,Education,20.52,36,424.0,0.08,0,1,1,0.0,1303.64,Rent,0,High Risk
69,Female,38100.0,3175.0,Retired,44.0,Master,Single,7900.0,Home Improvement,10.85,24,726.0,0.14,1,2,0,400.0,1748.5,Mortgage,0,Medium Risk
20,Female,11600.0,966.67,Unemployed,0.0,Bachelor,Married,4800.0,Home Improvement,20.55,36,507.0,0.13,0,2,2,100.0,1501.29,Rent,0,High Risk
51,Male,43400.0,3616.67,Employed,16.8,High School,Single,21300.0,Debt Consolidation,8.4,60,759.0,0.18,1,5,0,20300.0,2265.33,Mortgage,1,Low Risk
50,Male,8500.0,708.33,Unemployed,0.0,Bachelor,Married,3100.0,Home Improvement,12.63,12,694.0,0.6,0,7,0,1500.0,1185.35,Mortgage,1,High Risk
33,Non-Binary,138400.0,11533.33,Employed,9.3,Bachelor,Single,36200.0,Education,9.87,60,747.0,0.06,0,3,0,700.0,5011.31,Mortgage,3,Low Risk
67,Male,8200.0,683.33,Retired,33.0,High School,Single,4900.0,Personal,22.45,24,572.0,0.7,1,6,0,2000.0,914.26,Mortgage,0,High Risk
29,Male,48300.0,4025.0,Employed,4.4,High School,Widowed,14900.0,Home Improvement,16.05,12,583.0,0.13,0,6,1,400.0,2659.59,Rent,2,High Risk
35,Female,41200.0,3433.33,Self-Employed,1.0,High School,Divorced,9400.0,Debt Consolidation,24.55,24,549.0,0.16,0,6,1,800.0,2571.74,Rent,1,High Risk
68,Male,37500.0,3125.0,Retired,18.0,Bachelor,Married,4400.0,Home Improvement,9.73,12,732.0,0.2,1,1,0,4100.0,1750.13,Rent,0,Medium Risk
47,Male,232600.0,19383.33,Employed,13.1,Doctorate,Single,99600.0,Education,15.12,24,627.0,0.09,0,5,0,17900.0,9093.26,Mortgage,1,Medium Risk
57,Male,124900.0,10408.33,Employed,0.7,Master,Widowed,21300.0,Home Improvement,18.22,36,644.0,0.16,2,7,0,26500.0,2852.01,Own,0,Low Risk
64,Female,33100.0,2758.33,Employed,3.1,High School,Widowed,7800.0,Debt Consolidation,13.62,36,664.0,0.51,2,7,0,4300.0,1548.5,Rent,0,High Risk
43,Male,65300.0,5441.67,Self-Employed,16.7,High School,Single,17500.0,Personal,17.47,12,,0.11,1,7,2,13800.0,3105.6,Mortgage,2,High Risk
35,Female,14000.0,1166.67,Retired,16.0,Associate,Single,3100.0,Education,10.76,36,682.0,0.3,0,5,0,2400.0,1015.74,Mortgage,0,Medium Risk
49,Male,9100.0,758.33,Unemployed,0.0,High School,Married,2100.0,Home Improvement,14.3,24,605.0,0.7,1,5,0,1400.0,1553.74,Own,2,High Risk
54,Male,29800.0,2483.33,Retired,24.0,Associate,Married,3900.0,Auto,12.64,24,692.0,0.08,0,2,0,20200.0,1965.61,Mortgage,3,Low Risk
67,Non-Binary,21700.0,1808.33,Retired,15.0,Associate,Married,4600.0,Auto,12.8,12,709.0,0.52,4,1,0,700.0,1468.39,Mortgage,0,Medium Risk
75,Female,11200.0,933.33,Retired,18.0,High School,Single,6100.0,Education,13.45,12,694.0,0.51,1,4,0,1600.0,933.65,Own,0,Medium Risk
21,Male,5400.0,450.0,Unemployed,0.0,High School,Single,4700.0,Auto,24.99,12,506.0,0.7,2,7,0,400.0,1037.86,Rent,0,High Risk
40,Female,71400.0,5950.0,Self-Employed,16.3,Associate,Married,37800.0,Business,7.11,36,745.0,0.13,1,7,0,2900.0,2955.66,Rent,3,Medium Risk
39,Male,51000.0,4250.0,Employed,12.5,High School,Married,6800.0,Home Improvement,12.31,60,696.0,0.13,0,4,1,4000.0,3102.61,Mortgage,2,Medium Risk
19,Male,70800.0,5900.0,Employed,0.6,Master,Single,8600.0,Debt Consolidation,13.3,24,615.0,0.11,1,1,0,3200.0,3204.63,Rent,0,Medium Risk
62,Female,25700.0,2141.67,Employed,30.8,High School,Married,6700.0,Home Improvement,6.93,36,759.0,0.7,5,8,0,3000.0,1689.73,Own,1,Medium Risk
58,Female,55100.0,4591.67,Employed,20.6,Associate,Married,3100.0,Business,10.85,24,733.0,0.09,0,2,1,0.0,2905.51,Rent,0,High Risk
64,Female,179400.0,14950.0,Employed,8.2,Doctorate,Married,40200.0,Debt Consolidation,5.47,36,828.0,0.11,1,8,0,67800.0,6909.75,Mortgage,0,Low Risk
69,Male,40400.0,3366.67,Retired,39.0,Bachelor,Single,6800.0,Business,8.48,36,762.0,0.28,1,10,0,3300.0,2288.22,Rent,0,Medium Risk
41,Male,47700.0,3975.0,Employed,11.9,Associate,Single,10400.0,Auto,24.47,36,562.0,0.06,0,7,0,10500.0,1803.56,Mortgage,1,Medium Risk
37,Male,66700.0,5558.33,Employed,12.8,Bachelor,Divorced,2700.0,Education,17.55,24,664.0,0.05,0,3,0,7200.0,2643.25,Rent,1,Low Risk
56,Male,98900.0,8241.67,Self-Employed,1.0,Bachelor,Single,12100.0,Auto,7.23,24,782.0,0.18,2,8,0,34500.0,2827.47,Rent,0,Low Risk
48,Female,9100.0,758.33,Unemployed,0.0,High School,Married,2200.0,Debt Consolidation,19.73,36,549.0,0.12,0,2,1,100.0,2038.09,Rent,2,High Risk
56,Female,94200.0,7850.0,Employed,16.5,Master,Divorced,18400.0,Home Improvement,18.64,60,592.0,0.08,0,6,0,500.0,4365.13,Rent,1,Medium Risk
63,Male,66300.0,5525.0,Self-Employed,7.3,Bachelor,Widowed,14300.0,Home Improvement,7.63,36,758.0,0.2,2,3,0,16100.0,2545.14,Mortgage,0,Low Risk
75,Female,238200.0,19850.0,Employed,35.5,Doctorate,Married,29300.0,Education,4.97,60,850.0,0.05,0,3,0,120400.0,8785.57,Rent,0,Low Risk
68,Male,23600.0,1966.67,Retired,24.0,Bachelor,Married,5600.0,Personal,10.94,12,728.0,0.35,1,5,0,200.0,1492.08,Own,0,Medium Risk
23,Female,52700.0,4391.67,Employed,4.6,Bachelor,Single,2500.0,Home Improvement,22.69,36,459.0,0.07,0,2,2,200.0,1921.92,Own,0,High Risk
57,Male,84000.0,7000.0,Employed,22.8,Bachelor,Single,15600.0,Debt Consolidation,9.46,24,693.0,0.14,0,6,1,14400.0,2438.43,Own,0,Medium Risk
53,Female,52400.0,4366.67,Employed,22.0,High School,Married,7900.0,Home Improvement,7.17,36,769.0,0.11,0,7,0,51000.0,2703.39,Mortgage,1,Low Risk
20,Female,9800.0,816.67,Unemployed,0.0,Associate,Single,3300.0,Home Improvement,21.1,24,549.0,0.7,3,7,0,1500.0,740.37,Rent,0,High Risk
70,Female,15000.0,1250.0,Unemployed,0.0,High School,Married,2000.0,Home Improvement,17.48,24,605.0,0.37,1,2,3,0.0,1473.34,Rent,0,High Risk
58,Female,30500.0,2541.67,Employed,33.6,High School,Married,12400.0,Auto,22.13,12,566.0,0.21,1,2,1,6400.0,1905.78,Rent,2,High Risk
73,Female,44400.0,3700.0,Retired,33.0,Bachelor,Single,9200.0,Auto,6.72,36,741.0,0.1,0,4,0,1900.0,1516.0,Rent,0,Low Risk
62,Male,47000.0,3916.67,Employed,29.7,High School,Married,6700.0,Home Improvement,10.96,36,694.0,0.1,0,6,0,2800.0,1620.27,Mortgage,0,Medium Risk
73,Male,12700.0,1058.33,Retired,34.0,High School,Married,2700.0,Home Improvement,13.36,24,738.0,0.7,1,7,0,800.0,1892.58,Mortgage,1,Medium Risk
72,Female,18900.0,1575.0,Retired,27.0,Bachelor,Married,2400.0,Personal,9.15,36,687.0,0.09,0,4,0,2700.0,912.42,Own,0,Low Risk
54,Male,8600.0,716.67,Unemployed,0.0,Associate,Married,2700.0,Auto,23.76,36,462.0,0.21,0,3,0,100.0,1025.12,Rent,0,High Risk
20,Female,121300.0,10108.33,Self-Employed,0.7,Bachelor,Single,26000.0,Debt Consolidation,16.67,60,613.0,0.12,0,4,0,20600.0,4566.46,Rent,0,Medium Risk
18,Female,26000.0,2166.67,Self-Employed,0.0,High School,Divorced,7300.0,Debt Consolidation,22.24,24,558.0,0.16,0,3,0,1300.0,1512.21,Mortgage,0,High Risk
52,Male,170900.0,14241.67,Employed,11.4,Master,Divorced,32200.0,Education,11.98,60,688.0,0.07,0,7,0,17000.0,3887.68,Own,1,Low Risk
28,Female,115200.0,9600.0,Self-Employed,9.5,Bachelor,Divorced,3700.0,Personal,11.75,60,686.0,0.11,1,1,0,21700.0,4040.98,Mortgage,0,Low Risk
42,Female,33600.0,2800.0,Employed,21.6,High School,Single,4200.0,Auto,16.39,24,583.0,0.17,0,4,0,1800.0,1865.1,Own,1,Medium Risk
34,Male,86900.0,7241.67,Employed,1.6,Associate,Single,19200.0,Business,11.58,24,731.0,0.18,2,2,0,2100.0,3645.78,Mortgage,3,Low Risk
48,Female,158500.0,13208.33,Employed,9.6,Master,Single,36200.0,Home Improvement,10.97,36,674.0,0.09,1,5,0,63600.0,7534.83,Own,3,Low Risk
37,Female,91500.0,7625.0,Employed,8.0,Associate,Single,2800.0,Education,12.54,12,704.0,0.06,0,4,0,33500.0,2528.44,Rent,2,Low Risk
57,Female,153000.0,12750.0,Employed,4.3,Bachelor,Single,14600.0,Auto,9.06,24,774.0,0.09,2,4,0,62500.0,5622.82,Mortgage,0,Low Risk
61,Male,20500.0,1708.33,Employed,41.6,High School,Divorced,4300.0,Debt Consolidation,6.33,60,811.0,0.26,0,8,0,7900.0,1274.6,Mortgage,0,Low Risk
21,Female,5400.0,450.0,Unemployed,0.0,Master,Divorced,1600.0,Auto,19.86,60,465.0,0.28,0,2,0,100.0,712.31,Mortgage,0,High Risk
44,Male,61500.0,5125.0,Employed,21.5,High School,Married,7300.0,Education,15.51,60,627.0,0.1,0,6,1,9800.0,2054.4,Mortgage,1,Medium Risk
66,Male,9600.0,800.0,Unemployed,0.0,High School,Married,4100.0,Debt Consolidation,17.6,60,669.0,0.14,0,1,0,1800.0,1372.13,Rent,2,High Risk
39,Male,85700.0,7141.67,Employed,19.6,Bachelor,Single,13200.0,Home Improvement,18.0,60,591.0,0.07,0,4,1,2700.0,4810.18,Own,4,Medium Risk
41,Male,162800.0,13566.67,Employed,16.6,Bachelor,Married,58200.0,Home Improvement,11.16,36,716.0,0.12,2,3,0,102500.0,4994.87,Mortgage,1,Low Risk
44,Non-Binary,69400.0,5783.33,Employed,20.9,Bachelor,Married,18400.0,Home Improvement,17.62,36,660.0,0.08,0,7,0,4700.0,3337.69,Own,1,Medium Risk
54,Female,116300.0,9691.67,Employed,30.8,Bachelor,Single,64600.0,Business,10.25,36,707.0,0.06,0,5,1,8200.0,3215.83,Mortgage,2,Medium Risk
22,Male,83100.0,6925.0,Employed,2.0,Master,Married,38600.0,Personal,19.83,36,519.0,0.19,3,1,0,6700.0,2055.75,Rent,0,High Risk
38,Male,94700.0,7891.67,Employed,9.2,Bachelor,Married,2000.0,Personal,12.04,24,707.0,0.1,1,4,0,16600.0,3564.4,Rent,2,Low Risk
54,Male,167200.0,13933.33,Employed,14.4,Bachelor,Single,20200.0,Education,7.03,24,783.0,0.09,1,10,0,54300.0,5744.13,Own,0,Low Risk
30,Female,93600.0,7800.0,Self-Employed,1.1,Bachelor,Married,27100.0,Home Improvement,17.89,24,592.0,0.08,1,2,0,18800.0,3121.8,Rent,0,Medium Risk
70,Female,114400.0,9533.33,Employed,18.8,Bachelor,Single,34200.0,Debt Consolidation,10.25,36,682.0,0.11,0,7,0,32000.0,3077.33,Mortgage,0,Low Risk
71,Male,9600.0,800.0,Retired,18.0,High School,Divorced,2100.0,Auto,18.8,60,596.0,0.7,2,5,1,1000.0,1209.49,Mortgage,0,High Risk
52,Male,96800.0,8066.67,Employed,7.9,Bachelor,Widowed,4900.0,Debt Consolidation,16.63,36,655.0,0.11,0,4,0,2800.0,3533.61,Rent,1,Medium Risk
56,Male,115900.0,9658.33,Employed,17.5,Bachelor,Married,34500.0,Education,13.75,24,625.0,0.08,1,6,0,19500.0,4792.96,Own,0,Medium Risk
44,Female,201800.0,16816.67,Employed,6.9,Master,Married,26800.0,Auto,13.24,60,703.0,0.11,0,3,0,11600.0,7025.97,Mortgage,0,Low Risk
19,Male,5200.0,433.33,Unemployed,0.0,Associate,Single,4300.0,Home Improvement,17.72,36,630.0,0.7,2,6,0,0.0,1208.97,Rent,1,High Risk
19,Male,8400.0,700.0,Unemployed,0.0,Master,Divorced,2300.0,Education,20.85,12,508.0,0.67,1,6,0,600.0,878.0,Rent,0,High Risk
75,Male,20600.0,1716.67,Retired,38.0,High School,Single,3600.0,Debt Consolidation,14.58,60,698.0,0.36,1,4,0,,1315.87,Mortgage,1,Medium Risk
34,Male,301300.0,25108.33,Employed,15.5,Doctorate,Married,92800.0,Debt Consolidation,13.54,36,624.0,0.09,0,5,1,6100.0,10484.21,Own,0,High Risk
56,Female,81100.0,6758.33,Employed,35.2,Associate,Single,4700.0,Personal,13.61,24,668.0,0.11,1,1,0,500.0,4218.87,Mortgage,1,Medium Risk
53,Female,6900.0,575.0,Unemployed,0.0,High School,Single,1200.0,Debt Consolidation,20.27,60,477.0,0.1,0,1,1,100.0,1712.56,Rent,3,High Risk
62,Male,32200.0,2683.33,Self-Employed,11.7,High School,Divorced,3200.0,Education,19.42,60,629.0,0.11,0,5,1,10300.0,2371.91,Rent,0,High Risk
20,Male,142300.0,11858.33,Self-Employed,1.0,Doctorate,Single,30600.0,Home Improvement,18.2,36,641.0,,0,5,0,11100.0,5837.17,Rent,1,Medium Risk
70,Female,27500.0,2291.67,Retired,21.0,Bachelor,Divorced,2400.0,Home Improvement,9.45,36,712.0,0.12,0,3,0,3300.0,1499.73,Rent,0,Low Risk
30,Male,80500.0,6708.33,Self-Employed,1.0,Associate,Married,4400.0,Education,21.71,60,574.0,0.05,0,1,0,1800.0,4237.96,Mortgage,2,High Risk
53,Male,127900.0,10658.33,Employed,31.4,Bachelor,Single,44500.0,Home Improvement,13.64,12,636.0,0.12,2,5,0,74000.0,4129.74,Own,2,Low Risk
45,Male,180700.0,15058.33,Employed,23.3,Master,Widowed,22000.0,Home Improvement,12.77,24,700.0,0.05,0,3,0,12000.0,5419.78,Own,1,Low Risk
68,Male,27000.0,2250.0,Retired,26.0,Bachelor,Married,9700.0,Home Improvement,11.88,36,678.0,0.19,1,1,1,3600.0,1462.08,Rent,0,High Risk
49,Male,37200.0,3100.0,Employed,5.0,High School,Single,4500.0,Home Improvement,17.58,24,632.0,0.19,1,3,0,6700.0,1811.78,Mortgage,0,Low Risk
18,Male,13400.0,1116.67,Unemployed,0.0,Bachelor,Married,1400.0,Home Improvement,22.3,60,442.0,0.7,2,3,3,1100.0,874.91,Rent,0,High Risk
39,Female,42500.0,3541.67,Employed,14.1,High School,Married,20500.0,Business,16.44,24,669.0,0.22,2,3,0,500.0,2243.97,Mortgage,0,High Risk
65,Male,60900.0,5075.0,Employed,42.8,Bachelor,Single,6500.0,Auto,11.66,24,723.0,0.08,0,1,0,5600.0,1814.56,Mortgage,0,Low Risk
20,Male,14300.0,1191.67,Unemployed,0.0,Bachelor,Married,2800.0,Debt Consolidation,15.51,24,648.0,0.33,0,6,0,1400.0,921.3,Rent,0,High Risk
28,Male,73900.0,6158.33,Employed,6.6,Bachelor,Married,31000.0,Debt Consolidation,20.22,12,571.0,0.21,2,3,1,2900.0,3944.24,Rent,1,High Risk
57,Non-Binary,111600.0,9300.0,Employed,16.9,Bachelor,Single,52700.0,Education,12.62,60,685.0,0.06,0,2,0,7300.0,3925.62,Rent,1,Low Risk
38,Male,143600.0,11966.67,Self-Employed,3.4,Master,Divorced,24300.0,Auto,21.55,36,547.0,0.08,1,5,1,800.0,3629.9,Own,1,High Risk
41,Male,63900.0,5325.0,Self-Employed,0.6,Associate,Divorced,8500.0,Home Improvement,16.75,12,656.0,0.1,0,6,0,9700.0,3755.55,Rent,3,Medium Risk
18,Female,136100.0,11341.67,Self-Employed,0.0,Master,Single,16200.0,Personal,15.05,36,593.0,0.06,0,4,0,7200.0,5062.91,Rent,0,Medium Risk
70,Male,113700.0,9475.0,Self-Employed,5.9,Bachelor,Married,11200.0,Debt Consolidation,11.73,36,729.0,0.08,0,3,0,5200.0,4715.52,Own,1,Low Risk
61,Female,174100.0,14508.33,Self-Employed,14.8,Master,Married,62800.0,Debt Consolidation,18.48,36,658.0,0.13,1,4,0,8100.0,4447.57,Own,0,Medium Risk
59,Female,110900.0,9241.67,Employed,9.9,Bachelor,Married,27700.0,Education,4.29,12,839.0,0.13,1,7,0,16500.0,4161.07,Mortgage,1,Low Risk
25,Male,91100.0,7591.67,Employed,0.9,Master,Divorced,35200.0,Business,15.52,12,611.0,0.09,0,2,1,10400.0,4675.98,Rent,1,High Risk
54,Female,164800.0,13733.33,Employed,25.8,Bachelor,Divorced,43700.0,Home Improvement,12.45,60,722.0,0.18,5,6,0,75800.0,5392.16,Mortgage,2,Low Risk
21,Female,50500.0,4208.33,Employed,2.7,High School,Single,3900.0,Debt Consolidation,13.12,36,649.0,0.15,1,1,2,2300.0,1971.93,Rent,2,High Risk
37,Male,14800.0,1233.33,Unemployed,0.0,Associate,Single,3700.0,Education,18.08,60,657.0,0.35,1,6,0,8500.0,995.74,Rent,1,High Risk
57,Female,112500.0,9375.0,Employed,12.2,Master,Married,3700.0,Personal,9.77,24,740.0,0.13,1,5,0,3600.0,4582.81,Mortgage,0,Low Risk
60,Male,107400.0,8950.0,Employed,21.6,Bachelor,Single,10300.0,Business,16.1,60,594.0,0.19,3,5,0,19600.0,4837.72,Rent,0,Medium Risk
30,Male,59100.0,4925.0,Employed,12.0,Associate,Married,6800.0,Business,11.47,36,677.0,0.08,0,2,0,12800.0,2819.32,Rent,2,Low Risk
20,Female,14100.0,1175.0,Unemployed,0.0,Master,Single,5000.0,Education,18.39,60,589.0,0.37,0,5,0,500.0,1036.23,Rent,0,High Risk
18,Female,6400.0,533.33,Unemployed,0.0,Bachelor,Divorced,1200.0,Auto,24.54,36,480.0,0.17,0,3,1,500.0,1218.51,Rent,0,High Risk
39,Female,49600.0,4133.33,Self-Employed,4.3,High School,Single,6800.0,Debt Consolidation,12.3,36,,0.11,0,5,0,4100.0,2264.88,Rent,0,Medium Risk
38,Female,93700.0,7808.33,Employed,1.5,Bachelor,Single,16800.0,Education,18.66,36,572.0,0.25,4,3,1,24000.0,3785.97,Own,2,High Risk
28,Male,11200.0,933.33,Unemployed,0.0,Bachelor,Married,2800.0,Home Improvement,19.83,36,496.0,0.08,0,2,0,100.0,1190.74,Rent,2,High Risk
48,Male,84400.0,7033.33,Employed,15.7,Bachelor,Single,23600.0,Debt Consolidation,21.32,36,559.0,0.12,0,5,2,18200.0,3530.72,Rent,1,High Risk
32,Male,43600.0,3633.33,Employed,8.9,Associate,Married,7300.0,Auto,10.56,36,691.0,0.13,0,7,0,3800.0,1883.9,Mortgage,1,Low Risk
53,Female,227900.0,18991.67,Employed,5.8,Master,Married,26200.0,Home Improvement,9.59,24,693.0,0.08,1,3,0,25500.0,7241.68,Mortgage,2,Low Risk
65,Female,86000.0,7166.67,Self-Employed,44.4,Bachelor,Divorced,8900.0,Debt Consolidation,11.52,36,707.0,0.12,0,5,1,8800.0,3737.35,Rent,0,High Risk
67,Male,20000.0,1666.67,Retired,40.0,Bachelor,Married,2500.0,Home Improvement,14.32,60,715.0,0.7,4,1,0,3400.0,1484.01,Mortgage,0,Medium Risk
41,Male,62900.0,5241.67,Self-Employed,13.6,Associate,Married,10000.0,Debt Consolidation,10.39,24,697.0,0.07,0,3,1,100.0,2671.04,Own,2,High Risk
28,Male,110000.0,9166.67,Employed,5.5,Master,Single,11000.0,Debt Consolidation,20.95,36,560.0,0.05,0,1,1,11300.0,3778.08,Own,0,Medium Risk
50,Male,135300.0,11275.0,Employed,11.9,Bachelor,Married,13500.0,Debt Consolidation,12.57,36,698.0,0.2,4,2,0,9900.0,3452.06,Mortgage,0,Medium Risk
50,Female,78800.0,6566.67,Employed,2.1,Associate,Married,16200.0,Education,16.47,36,624.0,0.06,0,7,0,13000.0,2341.67,Mortgage,1,Medium Risk
52,Female,117100.0,9758.33,Employed,20.3,Bachelor,Widowed,39200.0,Home Improvement,9.81,36,733.0,0.08,0,4,0,7200.0,4953.37,Own,0,Low Risk
71,Male,12900.0,1075.0,Retired,18.0,High School,Divorced,4000.0,Debt Consolidation,11.9,36,692.0,0.16,0,3,0,300.0,1283.72,Rent,0,Medium Risk
44,Male,325400.0,27116.67,Employed,15.9,Doctorate,Married,37300.0,Home Improvement,11.88,36,716.0,0.05,0,4,1,68300.0,11429.58,Own,3,Medium Risk
46,Male,39900.0,3325.0,Employed,16.1,High School,Married,3500.0,Education,15.57,36,668.0,0.25,1,7,1,6700.0,2613.97,Own,2,Medium Risk
39,Non-Binary,35500.0,2958.33,Employed,6.5,High School,Single,4800.0,Debt Consolidation,13.47,24,707.0,0.11,1,4,0,1800.0,1850.15,Rent,0,Medium Risk
69,Female,10000.0,833.33,Retired,17.0,High School,Married,3300.0,Debt Consolidation,12.29,36,675.0,0.23,0,5,0,700.0,971.42,Mortgage,0,Medium Risk
36,Male,218200.0,18183.33,Employed,,Master,Divorced,38600.0,Debt Consolidation,9.1,36,743.0,0.09,0,5,0,9200.0,7018.08,Own,2,Low Risk
63,Female,61800.0,5150.0,Employed,27.8,Associate,Single,19800.0,Education,17.23,60,637.0,0.24,2,6,0,3400.0,2419.48,Mortgage,0,Medium Risk
25,Female,50200.0,4183.33,Employed,1.5,High School,Married,21600.0,Debt Consolidation,18.83,60,597.0,0.09,0,1,1,8000.0,1988.23,Rent,1,High Risk
44,Male,167600.0,13966.67,Employed,23.1,Master,Divorced,64000.0,Business,8.77,12,770.0,0.1,0,4,0,73200.0,6443.39,Own,0,Low Risk
40,Male,46500.0,3875.0,Employed,7.8,High School,Married,13600.0,Education,13.74,24,653.0,0.21,1,7,0,3800.0,3025.6,Mortgage,2,Medium Risk
59,Male,137700.0,11475.0,Employed,28.6,Bachelor,Married,35900.0,Debt Consolidation,6.41,36,760.0,0.07,0,4,0,,5297.56,Mortgage,0,Low Risk
18,Male,69700.0,5808.33,Employed,0.0,Associate,Married,16700.0,Debt Consolidation,14.15,12,633.0,0.09,0,2,0,7200.0,2383.21,Rent,0,Medium Risk
18,Non-Binary,14300.0,1191.67,Unemployed,0.0,Master,Divorced,4900.0,Auto,17.25,12,625.0,0.4,0,7,0,,1295.14,Rent,0,High Risk
39,Male,128700.0,10725.0,Employed,1.3,Doctorate,Single,8300.0,Auto,15.49,36,620.0,0.05,0,7,0,32400.0,5568.72,Own,2,Low Risk
56,Male,128200.0,10683.33,Employed,22.9,Bachelor,Married,67000.0,Education,15.57,36,639.0,0.06,0,4,0,7200.0,3384.17,Own,0,Medium Risk
41,Female,51600.0,4300.0,Employed,18.1,Associate,Married,11800.0,Home Improvement,12.55,36,703.0,0.1,0,2,0,25100.0,2062.36,Rent,0,Low Risk
61,Male,79500.0,6625.0,Employed,16.6,Associate,Divorced,11200.0,Debt Consolidation,13.06,12,672.0,0.08,0,3,0,5100.0,4161.34,Mortgage,2,Low Risk
50,Female,72300.0,6025.0,Employed,27.3,Associate,Married,3700.0,Debt Consolidation,5.14,60,830.0,0.1,0,9,0,34100.0,2798.53,Own,1,Low Risk
40,Female,133000.0,11083.33,Employed,9.7,Bachelor,Divorced,5200.0,Personal,18.97,60,659.0,0.06,1,1,0,10300.0,4606.5,Own,0,Low Risk
70,Female,8300.0,691.67,Retired,15.0,High School,Single,4400.0,Business,13.95,36,649.0,0.62,1,3,0,2300.0,1336.1,Mortgage,0,High Risk
43,Male,97000.0,8083.33,Self-Employed,10.1,Bachelor,Married,12400.0,Education,17.24,12,639.0,0.12,1,3,0,20300.0,3371.83,Mortgage,1,Medium Risk
29,Male,191600.0,15966.67,Employed,1.5,Doctorate,Divorced,22900.0,Debt Consolidation,15.98,12,654.0,0.09,1,4,0,68400.0,8491.88,Mortgage,3,Low Risk
64,Female,43100.0,3591.67,Employed,32.0,High School,Married,17500.0,Business,13.84,36,644.0,0.13,0,5,1,16700.0,2241.94,Mortgage,0,High Risk
74,Female,40700.0,3391.67,Retired,31.0,Bachelor,Married,15500.0,Home Improvement,6.47,24,761.0,0.25,1,9,0,26600.0,1693.33,Mortgage,0,Low Risk
24,Female,179200.0,14933.33,Employed,5.9,Master,Single,7700.0,Debt Consolidation,13.16,12,705.0,0.05,0,1,0,1000.0,5855.82,Mortgage,0,Low Risk
68,Male,18700.0,1558.33,Retired,37.0,High School,Single,9000.0,Business,15.68,36,647.0,0.5,2,2,0,2900.0,844.66,Mortgage,0,High Risk
19,Female,78100.0,6508.33,Employed,0.8,Bachelor,Married,12000.0,Personal,21.87,36,568.0,0.07,0,4,0,10800.0,3324.53,Rent,0,Medium Risk
48,Female,50900.0,4241.67,Employed,21.5,High School,Single,4000.0,Education,19.3,36,557.0,0.14,1,5,0,9200.0,1943.13,Mortgage,1,Medium Risk
51,Female,43400.0,3616.67,Employed,30.3,High School,Married,4700.0,Home Improvement,12.85,36,729.0,0.2,1,7,0,,1601.55,Own,0,Low Risk
42,Female,8200.0,683.33,Unemployed,0.0,Bachelor,Widowed,2200.0,Education,13.37,36,641.0,0.65,1,5,0,800.0,1441.14,Mortgage,1,High Risk
29,Male,57500.0,4791.67,Employed,7.7,High School,Single,10300.0,Home Improvement,21.69,24,557.0,0.21,1,7,0,6800.0,3029.3,Mortgage,1,High Risk
37,Female,62000.0,5166.67,Employed,16.1,Associate,Single,33400.0,Debt Consolidation,13.67,24,581.0,0.11,1,1,0,9800.0,2586.25,Mortgage,0,Medium Risk
28,Male,157600.0,13133.33,Employed,9.6,Master,Married,9800.0,Auto,14.86,36,624.0,0.12,1,4,0,0.0,6591.6,Mortgage,1,High Risk
59,Female,18400.0,1533.33,Retired,38.0,High School,Single,3700.0,Debt Consolidation,21.2,24,565.0,0.37,1,3,0,2600.0,1202.21,Mortgage,1,High Risk
22,Male,183300.0,15275.0,Employed,2.2,Doctorate,Divorced,8600.0,Debt Consolidation,11.93,24,678.0,0.07,1,4,0,24300.0,4662.39,Rent,1,Low Risk
71,Male,8700.0,725.0,Retired,36.0,High School,Divorced,3000.0,Home Improvement,9.85,24,716.0,0.7,2,3,0,2600.0,1299.73,Mortgage,2,Medium Risk
24,Male,8900.0,741.67,Unemployed,0.0,Bachelor,Married,1400.0,Business,22.08,24,465.0,0.7,2,0,2,100.0,1225.71,Rent,0,High Risk
32,Male,44500.0,3708.33,Employed,9.0,High School,Married,21500.0,Debt Consolidation,23.06,36,572.0,0.14,0,6,0,9300.0,1944.12,Mortgage,0,High Risk
63,Female,21000.0,1750.0,Employed,13.6,High School,Single,2500.0,Debt Consolidation,14.3,24,648.0,0.26,1,4,0,700.0,1330.51,Own,2,Medium Risk
20,Female,93800.0,7816.67,Employed,0.8,Bachelor,Divorced,27900.0,Debt Consolidation,13.38,60,675.0,0.21,3,4,1,18600.0,3977.84,Rent,0,High Risk
70,Male,30500.0,2541.67,Retired,17.0,Bachelor,Married,8700.0,Education,15.11,24,610.0,0.4,2,7,0,300.0,1735.16,Mortgage,0,High Risk
69,Female,29900.0,2491.67,Retired,17.0,Bachelor,Single,10400.0,Business,13.0,36,701.0,0.17,0,3,1,10500.0,1186.88,Rent,0,Medium Risk
49,Female,104800.0,8733.33,Employed,30.3,Bachelor,Single,13200.0,Debt Consolidation,6.8,24,749.0,0.11,1,5,0,12500.0,3985.21,Mortgage,0,Low Risk
40,Male,59800.0,4983.33,Employed,16.7,High School,Single,5900.0,Home Improvement,16.87,36,622.0,0.09,0,4,0,10900.0,3058.42,Mortgage,1,Low Risk
53,Female,30200.0,2516.67,Employed,28.5,High School,Single,2200.0,Education,16.53,12,666.0,0.24,1,3,0,1200.0,1678.34,Rent,0,Medium Risk
39,Female,43500.0,3625.0,Employed,13.5,Associate,Single,10400.0,Personal,13.15,12,581.0,0.31,2,5,0,8700.0,1832.7,Rent,0,Medium Risk
38,Female,24200.0,2016.67,Employed,2.6,High School,Married,4200.0,Home Improvement,12.45,60,689.0,,1,7,0,2000.0,1583.2,Rent,0,Medium Risk
40,Female,92200.0,7683.33,Employed,18.7,Bachelor,Single,24100.0,Business,18.71,24,551.0,0.11,0,4,0,6500.0,2864.0,Mortgage,1,Medium Risk
56,Male,58100.0,4841.67,Employed,18.2,Associate,Married,14900.0,Home Improvement,12.73,60,720.0,0.12,0,3,0,10400.0,2517.02,Rent,0,Medium Risk
49,Female,63800.0,5316.67,Employed,10.3,Associate,Single,13600.0,Education,13.18,12,701.0,0.12,0,7,0,5100.0,2807.92,Rent,0,Low Risk
22,Male,77700.0,6475.0,Employed,0.8,Bachelor,Single,26000.0,Business,6.57,12,751.0,0.17,3,8,0,15400.0,2101.12,Rent,0,Low Risk
49,Female,49000.0,4083.33,Self-Employed,11.9,Associate,Married,8900.0,Business,19.56,36,515.0,0.12,1,1,1,100.0,1894.42,Rent,0,High Risk
67,Female,45300.0,3775.0,Retired,38.0,Bachelor,Divorced,13200.0,Business,14.88,36,654.0,0.06,0,1,0,4400.0,1871.78,Mortgage,0,Medium Risk
40,Female,269300.0,22441.67,Employed,7.6,Doctorate,Married,135800.0,Home Improvement,8.87,36,755.0,0.08,0,9,0,94300.0,7163.82,Mortgage,0,Low Risk
20,Male,6700.0,558.33,Unemployed,0.0,Associate,Married,2500.0,Debt Consolidation,24.42,36,510.0,0.49,0,4,1,1100.0,1201.99,Rent,0,High Risk
56,Male,107300.0,8941.67,Employed,14.5,Bachelor,Single,19500.0,Debt Consolidation,5.97,60,818.0,0.09,1,9,0,17300.0,2969.1,Own,0,Low Risk
51,Male,11200.0,933.33,Unemployed,0.0,High School,Married,2800.0,Debt Consolidation,17.37,24,640.0,0.26,0,3,0,2200.0,978.47,Rent,0,High Risk
68,Female,43600.0,3633.33,Retired,24.0,Bachelor,Married,5900.0,Auto,12.84,36,705.0,0.05,0,1,0,4000.0,1543.45,Mortgage,0,Low Risk
48,Male,123800.0,10316.67,Employed,27.7,Bachelor,Married,10900.0,Business,13.42,36,627.0,0.08,0,1,0,10700.0,4919.85,Mortgage,1,Medium Risk
21,Male,5300.0,441.67,Unemployed,0.0,Bachelor,Married,2900.0,Auto,16.95,24,585.0,0.6,0,6,0,400.0,829.85,Mortgage,1,High Risk
72,Male,29200.0,2433.33,Retired,29.0,Bachelor,Married,5200.0,Home Improvement,5.38,24,850.0,0.21,1,3,0,4100.0,1607.21,Mortgage,0,Low Risk
55,Male,157900.0,13158.33,Employed,7.6,Bachelor,Widowed,12900.0,Debt Consolidation,16.63,24,656.0,0.11,1,1,0,4500.0,6154.7,Rent,1,Medium Risk
61,Female,84600.0,7050.0,Employed,18.7,Bachelor,Divorced,27300.0,Home Improvement,13.24,36,677.0,0.09,0,5,0,2900.0,2544.89,Mortgage,0,Low Risk
65,Male,145000.0,12083.33,Employed,37.0,Bachelor,Married,8800.0,Debt Consolidation,13.72,24,644.0,0.05,0,4,0,9100.0,5079.44,Own,0,Low Risk
26,Male,39900.0,3325.0,Self-Employed,4.7,High School,Married,4900.0,Auto,21.56,36,573.0,0.22,1,6,1,1100.0,2030.84,Rent,1,High Risk
38,Female,43500.0,3625.0,Employed,14.3,Associate,Divorced,3000.0,Home Improvement,5.35,24,803.0,0.15,1,4,0,17000.0,2164.2,Rent,0,Low Risk
28,Female,111600.0,9300.0,Employed,6.9,Bachelor,Married,37200.0,Debt Consolidation,22.76,36,575.0,0.1,1,4,1,2300.0,4192.88,Mortgage,0,High Risk
30,Female,57200.0,4766.67,Employed,5.2,High School,Married,3200.0,Auto,13.48,12,594.0,0.17,1,5,0,100.0,2511.78,Mortgage,0,Medium Risk
65,Male,141100.0,11758.33,Employed,33.8,Bachelor,Married,18700.0,Debt Consolidation,6.29,24,778.0,0.1,1,8,0,83400.0,4380.81,Mortgage,0,Low Risk
50,Male,34000.0,2833.33,Retired,18.0,Associate,Single,3900.0,Business,12.48,60,709.0,0.52,2,7,0,700.0,2044.48,Rent,1,Medium Risk
72,Male,21500.0,1791.67,Retired,38.0,High School,Single,3100.0,Debt Consolidation,9.26,60,782.0,0.54,1,10,0,10500.0,1558.71,Own,0,Low Risk
49,Male,163700.0,13641.67,Employed,16.1,Bachelor,Married,6700.0,Debt Consolidation,5.98,60,844.0,0.13,0,8,0,106300.0,5445.23,Mortgage,3,Low Risk
56,Male,95900.0,7991.67,Self-Employed,5.8,Bachelor,Married,7800.0,Home Improvement,13.98,36,621.0,0.15,1,4,1,22500.0,3634.75,Mortgage,2,Medium Risk
68,Male,44200.0,3683.33,Employed,22.4,High School,Widowed,20500.0,Auto,9.6,36,727.0,0.15,1,1,0,400.0,1484.33,Mortgage,0,Medium Risk
23,Female,13900.0,1158.33,Unemployed,0.0,High School,Single,4000.0,Auto,19.87,36,574.0,0.23,0,3,1,1900.0,1208.71,Rent,0,High Risk
22,Female,127000.0,10583.33,Employed,3.2,Bachelor,Married,39000.0,Auto,17.36,36,618.0,0.05,0,6,3,43500.0,5298.31,Rent,1,High Risk
70,Female,51900.0,4325.0,Retired,17.0,Bachelor,Married,10200.0,Debt Consolidation,14.86,60,735.0,0.33,3,7,0,5600.0,3466.07,Mortgage,2,Medium Risk
66,Male,12000.0,1000.0,Retired,43.0,High School,Single,4900.0,Business,15.81,24,664.0,0.17,0,4,0,0.0,1470.46,Own,0,Medium Risk
52,Male,165100.0,13758.33,Employed,16.9,Bachelor,Single,18500.0,Home Improvement,15.66,24,661.0,0.1,1,5,0,8000.0,5485.75,Mortgage,0,Medium Risk
45,Male,54500.0,4541.67,Employed,26.9,High School,Single,2500.0,Home Improvement,10.71,36,731.0,0.1,1,3,0,6400.0,3527.34,Mortgage,3,Low Risk
41,Female,73100.0,6091.67,Employed,18.4,Bachelor,Single,20200.0,Auto,13.73,12,637.0,0.17,1,7,0,34100.0,3117.65,Own,2,Low Risk
47,Male,124700.0,10391.67,Employed,9.7,Bachelor,Single,23900.0,Debt Consolidation,10.56,36,728.0,0.15,2,2,0,800.0,5259.38,Mortgage,2,Medium Risk
50,Male,133500.0,11125.0,Employed,23.1,Bachelor,Married,7800.0,Debt Consolidation,10.56,36,707.0,0.08,1,5,0,32900.0,3906.51,Rent,0,Low Risk
65,Male,131600.0,10966.67,Employed,5.7,Doctorate,Married,24600.0,Personal,10.56,36,698.0,0.05,0,2,0,5500.0,4668.14,Own,0,Low Risk
51,Male,65000.0,5416.67,Employed,29.7,Associate,Divorced,31900.0,Debt Consolidation,9.18,12,716.0,0.13,1,3,0,4100.0,3651.52,Mortgage,1,Low Risk
52,Male,126400.0,10533.33,Employed,9.3,Bachelor,Married,13000.0,Debt Consolidation,11.29,36,714.0,0.1,0,3,0,12300.0,5014.19,Mortgage,1,Low Risk
62,Female,48400.0,4033.33,Employed,38.1,High School,Single,10900.0,Debt Consolidation,9.96,12,681.0,0.15,0,6,0,5500.0,2296.5,Rent,0,Low Risk
73,Female,12800.0,1066.67,Retired,20.0,Associate,Single,3800.0,Education,12.36,36,679.0,0.7,1,7,0,1600.0,1366.78,Rent,0,Medium Risk
40,Male,86000.0,7166.67,Employed,20.0,Associate,Married,12400.0,Education,9.9,36,703.0,0.16,1,4,0,3700.0,2917.79,Own,1,Low Risk
66,Female,13700.0,1141.67,Retired,26.0,High School,Married,5600.0,Personal,7.48,36,773.0,0.7,4,7,0,4800.0,1290.61,Rent,0,Medium Risk
39,Non-Binary,65000.0,5416.67,Self-Employed,12.1,Bachelor,Married,23500.0,Debt Consolidation,15.84,36,642.0,0.06,0,2,0,12500.0,2644.49,Rent,1,Medium Risk
50,Male,71900.0,5991.67,Employed,11.1,High School,Single,18600.0,Debt Consolidation,16.64,60,587.0,0.1,0,5,0,7900.0,2521.79,Mortgage,0,Medium Risk
30,Female,119500.0,9958.33,Employed,6.5,Bachelor,Married,34400.0,Debt Consolidation,18.47,24,616.0,0.1,0,5,0,2800.0,3991.51,Mortgage,0,Medium Risk
19,Male,31500.0,2625.0,Self-Employed,0.9,Associate,Married,2200.0,Debt Consolidation,6.61,12,744.0,0.08,0,3,0,2300.0,1641.59,Rent,1,Low Risk
60,Female,27300.0,2275.0,Employed,0.7,High School,Married,7500.0,Debt Consolidation,8.03,60,743.0,0.15,0,4,0,3500.0,1314.27,Mortgage,0,Low Risk
69,Male,28900.0,2408.33,Retired,34.0,Bachelor,Married,2600.0,Debt Consolidation,11.98,36,674.0,0.24,1,6,0,2600.0,1580.61,Rent,0,Medium Risk
53,Female,155200.0,12933.33,Employed,25.9,Bachelor,Married,71600.0,Education,9.86,60,696.0,0.1,2,5,0,25100.0,4385.56,Own,0,Low Risk
61,Male,32800.0,2733.33,Employed,24.2,Associate,Married,9800.0,Auto,11.57,36,711.0,0.48,2,7,0,2800.0,1414.66,Mortgage,0,Medium Risk
41,Male,123800.0,10316.67,Employed,9.9,Bachelor,Married,29100.0,Business,16.69,36,634.0,0.12,1,6,1,10600.0,4146.9,Own,1,High Risk
53,Male,233800.0,19483.33,Self-Employed,9.4,Master,Single,10200.0,Home Improvement,8.87,36,779.0,0.09,1,9,0,43200.0,7145.14,Mortgage,3,Low Risk
51,Male,177200.0,14766.67,Employed,4.7,Master,Married,78600.0,Debt Consolidation,18.19,60,634.0,0.05,0,2,2,400.0,6751.1,Mortgage,0,High Risk
45,Female,78900.0,6575.0,Employed,3.2,Bachelor,Married,18600.0,Debt Consolidation,19.11,12,551.0,0.08,0,4,0,18900.0,3689.67,Mortgage,1,Medium Risk
25,Female,189000.0,15750.0,Employed,6.9,Doctorate,Single,16500.0,Business,18.44,36,590.0,0.07,1,5,0,22500.0,7205.69,Mortgage,0,Low Risk
70,Female,35800.0,2983.33,Retired,33.0,Bachelor,Divorced,3000.0,Auto,10.77,60,705.0,0.28,1,5,0,1300.0,1677.01,Rent,0,Medium Risk
40,Female,137100.0,11425.0,Employed,9.6,Master,Single,54100.0,Home Improvement,16.37,36,662.0,0.07,0,5,0,31400.0,5443.55,Own,0,Low Risk
71,Male,11500.0,958.33,Retired,31.0,Associate,Divorced,2800.0,Home Improvement,20.3,24,556.0,0.12,0,1,0,700.0,1168.99,Mortgage,0,High Risk
68,Female,67000.0,5583.33,Retired,18.0,Master,Single,12600.0,Debt Consolidation,9.26,24,723.0,0.12,1,4,0,5700.0,1975.61,Mortgage,0,Low Risk
57,Male,117300.0,9775.0,Employed,16.4,Master,Single,19100.0,Personal,6.42,60,805.0,0.12,1,7,0,74000.0,4151.03,Own,0,Low Risk
68,Male,8900.0,741.67,Retired,21.0,High School,Divorced,2400.0,Home Improvement,20.83,36,554.0,0.57,1,1,0,1000.0,715.33,Mortgage,0,High Risk
64,Female,110300.0,9191.67,Employed,6.2,Master,Married,17300.0,Auto,13.86,60,740.0,0.08,0,3,0,44900.0,4539.28,Mortgage,0,Low Risk
29,Non-Binary,128700.0,10725.0,Employed,1.2,Master,Married,40300.0,Home Improvement,17.45,36,607.0,0.09,1,4,0,42600.0,4633.26,Own,2,Low Risk
26,Female,12800.0,1066.67,Unemployed,0.0,High School,Single,1900.0,Personal,24.58,36,492.0,0.28,1,1,0,300.0,1838.94,Mortgage,2,High Risk
66,Female,22200.0,1850.0,Retired,15.0,Bachelor,Single,2500.0,Education,10.69,12,722.0,0.66,2,7,0,6200.0,1159.59,Rent,0,Medium Risk
22,Male,133800.0,11150.0,Employed,2.9,Master,Single,21400.0,Debt Consolidation,12.36,60,734.0,0.18,2,7,0,7100.0,4879.54,Rent,0,Medium Risk
66,Male,52800.0,4400.0,Employed,15.9,Associate,Divorced,10600.0,Personal,16.11,12,664.0,0.09,1,2,0,5800.0,1822.02,Mortgage,0,Medium Risk
69,Female,20300.0,1691.67,Retired,33.0,Bachelor,Married,3900.0,Business,8.36,36,793.0,0.43,1,10,0,6800.0,1068.97,Rent,0,Medium Risk
38,Male,45500.0,3791.67,Employed,15.9,High School,Single,4400.0,Debt Consolidation,10.39,24,707.0,0.42,3,7,0,12800.0,2269.21,Mortgage,3,Low Risk
64,Female,36800.0,3066.67,Self-Employed,16.8,High School,Married,9800.0,Debt Consolidation,10.28,24,726.0,0.21,1,4,0,3100.0,1384.53,Mortgage,0,Medium Risk
52,Male,122100.0,10175.0,Employed,13.1,Bachelor,Single,28200.0,Auto,23.3,60,506.0,0.12,0,6,2,7600.0,4927.66,Own,1,High Risk
34,Male,14700.0,1225.0,Unemployed,0.0,Master,Married,3100.0,Debt Consolidation,21.6,60,551.0,0.7,3,4,0,200.0,2222.77,Mortgage,2,High Risk
70,Female,18400.0,1533.33,Retired,40.0,Bachelor,Married,5900.0,Home Improvement,24.65,60,552.0,0.7,3,3,0,2100.0,1267.51,Rent,0,High Risk
34,Male,5400.0,450.0,Unemployed,0.0,Doctorate,Married,2700.0,Personal,21.37,24,551.0,0.7,1,7,0,100.0,1230.12,Rent,0,High Risk
74,Female,25800.0,2150.0,Retired,28.0,Bachelor,Single,2100.0,Business,4.37,24,809.0,0.14,0,4,0,3200.0,1478.75,Mortgage,1,Low Risk
31,Male,50300.0,4191.67,Employed,12.4,Associate,Single,15500.0,Auto,23.71,36,504.0,0.05,0,2,0,300.0,2464.87,Rent,0,High Risk
22,Male,111300.0,9275.0,Employed,0.9,Bachelor,Married,6000.0,Home Improvement,24.06,12,580.0,0.16,1,7,0,8400.0,3238.86,Rent,0,Medium Risk
72,Non-Binary,36400.0,3033.33,Retired,33.0,Bachelor,Married,3200.0,Debt Consolidation,16.61,36,611.0,0.23,1,5,0,4000.0,1575.77,Mortgage,0,Medium Risk
31,Male,33900.0,2825.0,Employed,2.8,High School,Married,9300.0,Home Improvement,6.07,36,750.0,0.27,1,7,0,8100.0,1965.81,Rent,2,Low Risk
73,Male,37500.0,3125.0,Employed,11.7,High School,Married,8200.0,Home Improvement,18.22,60,596.0,0.09,0,1,0,200.0,2487.15,Rent,1,Medium Risk
45,Male,59400.0,4950.0,Employed,20.2,Bachelor,Married,5700.0,Education,15.05,36,608.0,0.07,0,6,0,26100.0,2538.85,Mortgage,1,Low Risk
21,Male,26300.0,2191.67,Employed,1.6,High School,Married,13200.0,Home Improvement,13.12,60,678.0,0.41,1,7,0,400.0,1349.06,Rent,0,High Risk
75,Male,102800.0,8566.67,Employed,,Bachelor,Single,4700.0,Education,10.34,36,672.0,0.1,2,2,0,28300.0,5388.62,Own,2,Low Risk
62,Female,34800.0,2900.0,Employed,30.0,High School,Married,5700.0,Home Improvement,7.7,24,790.0,0.26,0,10,0,11100.0,1305.97,Mortgage,0,Low Risk
31,Male,113900.0,9491.67,Employed,2.9,Bachelor,Married,10300.0,Home Improvement,12.92,36,696.0,0.09,1,7,0,700.0,3722.44,Own,2,Low Risk
33,Female,136100.0,11341.67,Employed,11.5,Bachelor,Divorced,29500.0,Debt Consolidation,6.62,12,748.0,0.05,0,3,0,4000.0,5958.2,Own,3,Low Risk
26,Female,19000.0,1583.33,Employed,3.1,High School,Married,8500.0,Education,13.78,24,637.0,0.42,1,4,1,1600.0,1322.19,Mortgage,1,High Risk
29,Male,99900.0,8325.0,Self-Employed,9.8,Master,Single,17600.0,Home Improvement,13.78,12,632.0,0.05,0,3,0,5900.0,5159.77,Rent,3,Medium Risk
60,Female,49200.0,4100.0,Employed,14.5,High School,Single,5700.0,Personal,22.16,36,544.0,0.06,0,1,1,1200.0,2795.53,Rent,0,High Risk
45,Non-Binary,155400.0,12950.0,Employed,18.5,Bachelor,Married,16100.0,Education,5.61,36,809.0,0.06,1,4,0,62100.0,6582.36,Own,2,Low Risk
63,Female,32000.0,2666.67,Employed,42.5,High School,Married,12700.0,Auto,7.07,36,,0.27,2,8,0,10300.0,2062.45,Mortgage,0,Low Risk
47,Female,128700.0,10725.0,Self-Employed,25.1,Bachelor,Single,21100.0,Debt Consolidation,10.3,36,,0.08,1,5,0,400.0,5903.75,Own,2,Medium Risk
75,Female,14100.0,1175.0,Retired,27.0,Associate,Single,2900.0,Business,8.34,36,761.0,0.7,3,4,0,5900.0,1133.39,Rent,1,Medium Risk
31,Female,82700.0,6891.67,Self-Employed,6.8,Master,Single,16300.0,Home Improvement,9.1,24,677.0,0.1,0,3,0,10600.0,4199.5,Mortgage,3,Medium Risk
52,Male,198200.0,16516.67,Employed,30.8,Master,Married,47300.0,Home Improvement,16.03,60,669.0,0.07,0,2,0,145000.0,7249.89,Own,1,Low Risk
30,Male,188300.0,15691.67,Employed,7.4,Master,Single,40700.0,Home Improvement,7.57,36,,0.05,0,4,0,75000.0,7502.93,Own,2,Low Risk
51,Non-Binary,150200.0,12516.67,Employed,5.0,Bachelor,Single,18000.0,Debt Consolidation,12.16,12,684.0,0.08,0,2,0,50500.0,5736.67,Mortgage,2,Low Risk
62,Male,73900.0,6158.33,Employed,13.8,Associate,Single,6100.0,Debt Consolidation,15.3,12,628.0,0.1,0,3,0,4900.0,3111.04,Rent,0,Medium Risk
70,Male,7000.0,583.33,Retired,30.0,High School,Married,3100.0,Education,7.34,24,795.0,0.7,1,6,0,2000.0,1161.91,Rent,0,Medium Risk
53,Female,15600.0,1300.0,Retired,22.0,High School,Single,3500.0,Business,12.5,60,719.0,,1,6,0,4100.0,1278.7,Rent,1,Medium Risk
42,Female,114600.0,9550.0,Employed,,Doctorate,Widowed,15500.0,Home Improvement,11.32,36,679.0,0.07,0,3,0,15700.0,4249.43,Mortgage,0,Low Risk
49,Male,78200.0,6516.67,Employed,0.9,Bachelor,Single,12000.0,Debt Consolidation,16.25,36,593.0,0.13,1,6,0,13300.0,3517.3,Rent,1,Low Risk
19,Male,9100.0,758.33,Unemployed,0.0,Master,Single,2900.0,Debt Consolidation,24.19,24,528.0,0.05,0,1,0,200.0,858.57,Rent,0,High Risk
55,Female,138700.0,11558.33,Self-Employed,9.8,Bachelor,Married,24500.0,Debt Consolidation,13.51,12,611.0,0.11,2,6,1,11200.0,5297.46,Own,3,High Risk
22,Male,27200.0,2266.67,Self-Employed,3.4,High School,Single,4100.0,Debt Consolidation,13.91,60,693.0,0.39,4,3,0,1500.0,1298.45,Rent,0,Medium Risk
72,Male,107000.0,8916.67,Self-Employed,1.5,Bachelor,Single,16900.0,Debt Consolidation,10.02,36,684.0,0.09,0,1,0,11300.0,2870.74,Mortgage,0,Medium Risk
54,Female,338500.0,28208.33,Employed,6.6,Doctorate,Married,22600.0,Education,9.51,60,777.0,0.11,1,7,0,96700.0,13103.48,Mortgage,1,Low Risk
55,Male,136600.0,11383.33,Employed,,Master,Single,41100.0,Debt Consolidation,10.92,12,733.0,0.1,0,4,0,37500.0,3997.46,Mortgage,4,Low Risk
55,Female,148400.0,12366.67,Employed,21.6,Bachelor,Single,10500.0,Debt Consolidation,18.37,24,559.0,0.1,2,2,0,8500.0,5842.17,Mortgage,4,Medium Risk
66,Female,13800.0,1150.0,Retired,35.0,Associate,Married,6500.0,Debt Consolidation,16.63,60,646.0,0.29,0,4,0,0.0,1178.52,Mortgage,0,High Risk
55,Male,58200.0,4850.0,Employed,28.8,High School,Single,9600.0,Debt Consolidation,24.22,60,570.0,0.34,5,2,0,1800.0,3048.38,Rent,0,High Risk
67,Female,42300.0,3525.0,Retired,33.0,Bachelor,Married,9600.0,Education,11.17,36,719.0,0.27,1,6,0,2800.0,1289.87,Mortgage,0,Medium Risk
63,Male,13400.0,1116.67,Unemployed,0.0,Doctorate,Single,2200.0,Business,20.14,36,485.0,0.13,0,2,3,1400.0,1301.32,Rent,1,High Risk
75,Female,56100.0,4675.0,Retired,29.0,Master,Divorced,17800.0,Auto,14.7,36,649.0,0.07,0,2,1,7900.0,2784.67,Own,0,Medium Risk
32,Male,56700.0,4725.0,Employed,8.0,High School,Single,7900.0,Home Improvement,14.87,36,627.0,0.15,1,4,1,7700.0,3679.7,Mortgage,3,High Risk
72,Male,62900.0,5241.67,Retired,16.0,Doctorate,Married,8300.0,Debt Consolidation,11.94,60,675.0,0.21,2,4,0,6600.0,3231.21,Rent,0,Medium Risk
28,Female,269000.0,22416.67,Employed,5.8,Doctorate,Married,41100.0,Home Improvement,9.25,36,698.0,0.05,0,5,0,26300.0,7273.13,Own,2,Low Risk
57,Male,110900.0,9241.67,Employed,8.1,Bachelor,Married,11200.0,Business,4.82,60,807.0,0.1,2,8,0,69800.0,4407.49,Mortgage,0,Low Risk
54,Non-Binary,58300.0,4858.33,Employed,10.2,High School,Single,2800.0,Debt Consolidation,9.55,36,706.0,0.15,1,6,1,4000.0,3418.11,Mortgage,2,Medium Risk
56,Female,101800.0,8483.33,Self-Employed,27.7,Bachelor,Single,28100.0,Education,8.83,36,748.0,0.19,3,1,0,76000.0,3358.81,Own,1,Low Risk
33,Female,71000.0,5916.67,Employed,5.6,Master,Single,5700.0,Auto,15.28,36,629.0,0.12,0,5,0,8000.0,1878.27,Mortgage,0,Medium Risk
40,Male,59600.0,4966.67,Employed,5.2,Associate,Single,12500.0,Auto,10.46,60,736.0,0.09,0,5,0,1000.0,2761.65,Rent,1,Medium Risk
20,Female,6000.0,500.0,Unemployed,0.0,Bachelor,Single,3300.0,Auto,17.34,12,614.0,0.7,2,4,0,300.0,1111.96,Rent,0,High Risk
50,Male,31900.0,2658.33,Retired,,Associate,Single,11100.0,Debt Consolidation,16.88,36,617.0,0.12,1,1,0,6800.0,2188.9,Rent,0,Medium Risk
27,Female,52400.0,4366.67,Employed,0.8,High School,Married,5000.0,Business,14.43,60,,0.05,0,2,0,12200.0,2442.14,Rent,1,Low Risk
57,Female,57300.0,4775.0,Self-Employed,8.0,High School,Single,8400.0,Education,13.04,24,629.0,0.26,2,2,0,12800.0,2622.84,Mortgage,0,Medium Risk
23,Female,57000.0,4750.0,Employed,2.1,Bachelor,Married,5800.0,Debt Consolidation,10.18,24,724.0,0.1,0,7,0,16000.0,3262.74,Rent,0,Low Risk
56,Male,177900.0,14825.0,Employed,12.6,Master,Widowed,13500.0,Auto,8.06,36,744.0,0.09,2,6,0,7700.0,7220.54,Mortgage,0,Low Risk
65,Male,80100.0,6675.0,Employed,31.5,Bachelor,Divorced,3200.0,Home Improvement,11.49,36,703.0,0.09,0,1,0,1200.0,3670.02,Mortgage,0,Low Risk
63,Female,7800.0,650.0,Unemployed,0.0,Bachelor,Married,3300.0,Debt Consolidation,13.5,60,692.0,0.24,0,5,0,1300.0,1191.82,Own,0,High Risk
57,Female,143800.0,11983.33,Employed,18.5,Bachelor,Divorced,57000.0,Debt Consolidation,10.48,36,719.0,0.09,0,3,0,41800.0,4289.46,Mortgage,0,Low Risk
25,Male,112200.0,9350.0,Self-Employed,2.5,Bachelor,Divorced,26500.0,Home Improvement,17.9,36,652.0,0.06,0,3,1,2100.0,4329.59,Rent,4,High Risk
25,Male,51000.0,4250.0,Employed,6.8,Associate,Single,26100.0,Auto,8.62,12,763.0,0.18,1,9,0,21600.0,2486.01,Mortgage,1,Low Risk
69,Female,23600.0,1966.67,Retired,35.0,Associate,Divorced,12500.0,Auto,23.64,24,544.0,0.29,1,3,0,2400.0,1598.35,Rent,1,High Risk
34,Female,46600.0,3883.33,Self-Employed,14.6,High School,Single,5400.0,Auto,10.86,36,731.0,0.11,0,2,0,9900.0,2590.05,Rent,2,Low Risk
64,Male,79400.0,6616.67,Employed,36.4,Associate,Married,7900.0,Home Improvement,15.57,12,658.0,0.14,1,5,0,3500.0,2369.51,Own,0,Medium Risk
49,Male,124300.0,10358.33,Employed,24.3,Master,Married,19900.0,Debt Consolidation,19.27,36,577.0,0.09,0,2,1,34900.0,3290.28,Mortgage,0,Medium Risk
34,Male,63300.0,5275.0,Self-Employed,8.8,Bachelor,Married,9600.0,Debt Consolidation,14.14,36,615.0,0.11,0,5,0,4400.0,3543.73,Mortgage,2,Medium Risk
72,Female,25300.0,2108.33,Retired,35.0,Associate,Married,2200.0,Home Improvement,13.53,12,640.0,0.25,1,2,0,800.0,1387.27,Mortgage,0,Medium Risk
58,Female,27600.0,2300.0,Employed,9.1,High School,Single,5300.0,Debt Consolidation,18.5,36,663.0,0.27,1,7,0,1800.0,1885.48,Rent,0,Medium Risk
59,Female,68200.0,5683.33,Employed,28.9,Associate,Divorced,22900.0,Auto,14.94,36,650.0,0.07,1,1,0,5800.0,2739.8,Own,0,Low Risk
62,Female,70900.0,5908.33,Employed,38.1,Associate,Single,27500.0,Personal,9.25,24,742.0,0.08,0,1,0,4900.0,2243.64,Rent,0,Low Risk
43,Female,84900.0,7075.0,Self-Employed,1.4,Master,Married,6600.0,Debt Consolidation,15.85,36,638.0,0.08,0,4,0,8400.0,3230.27,Rent,1,Low Risk
39,Male,67400.0,5616.67,Employed,17.1,High School,Single,20000.0,Education,13.33,24,686.0,0.11,0,5,0,2400.0,2952.86,Own,2,Low Risk
32,Male,50700.0,4225.0,Employed,2.3,Bachelor,Married,7100.0,Home Improvement,18.43,36,649.0,0.1,1,3,0,6400.0,2953.18,Own,2,Medium Risk
29,Male,68200.0,5683.33,Employed,5.3,Bachelor,Married,20600.0,Education,20.69,36,553.0,0.13,1,1,0,1100.0,3620.86,Mortgage,0,High Risk
43,Female,94100.0,7841.67,Employed,15.9,Bachelor,Married,20200.0,Debt Consolidation,24.85,36,552.0,0.12,1,4,0,500.0,4267.93,Own,1,High Risk
59,Male,60200.0,5016.67,Employed,18.2,High School,Married,5000.0,Education,8.12,36,780.0,0.27,2,10,0,20000.0,2583.77,Mortgage,0,Low Risk
51,Male,13600.0,1133.33,Unemployed,0.0,High School,Single,2400.0,Home Improvement,24.49,12,558.0,0.3,1,3,0,2900.0,1066.69,Mortgage,1,High Risk
37,Male,182500.0,15208.33,Employed,6.7,Master,Single,49800.0,Personal,8.05,60,795.0,0.11,2,4,0,31700.0,6213.07,Mortgage,0,Low Risk
26,Non-Binary,122500.0,10208.33,Self-Employed,8.0,Bachelor,Single,3700.0,Home Improvement,17.76,36,597.0,0.07,1,4,0,3200.0,5126.03,Own,1,High Risk
49,Female,55900.0,4658.33,Employed,,High School,Single,8600.0,Personal,17.93,60,608.0,0.13,1,2,0,1000.0,2816.31,Rent,2,Medium Risk
35,Male,118300.0,9858.33,Employed,2.6,Bachelor,Single,38400.0,Home Improvement,18.11,60,598.0,0.1,1,5,0,5600.0,5121.84,Own,0,Medium Risk
64,Male,9800.0,816.67,Unemployed,0.0,Bachelor,Single,2900.0,Debt Consolidation,17.96,36,622.0,0.43,1,1,2,5800.0,698.98,Mortgage,0,High Risk
18,Non-Binary,57000.0,4750.0,Employed,0.0,Associate,Married,1400.0,Home Improvement,19.79,24,480.0,0.08,0,3,0,500.0,3012.52,Rent,0,High Risk
18,Female,8400.0,700.0,Unemployed,0.0,Master,Single,4900.0,Debt Consolidation,21.62,36,553.0,0.47,0,6,0,3300.0,1177.7,Rent,0,High Risk
36,Female,47000.0,3916.67,Employed,8.2,Associate,Married,4300.0,Debt Consolidation,18.64,24,551.0,0.32,2,5,0,1400.0,2411.23,Mortgage,2,Medium Risk
61,Female,81500.0,6791.67,Retired,40.0,Master,Divorced,2100.0,Auto,11.51,24,680.0,0.14,1,6,1,900.0,1897.43,Mortgage,0,Medium Risk
29,Male,148500.0,12375.0,Employed,8.5,Master,Divorced,7600.0,Home Improvement,15.28,24,639.0,0.11,1,2,2,900.0,4486.79,Mortgage,3,High Risk
32,Non-Binary,113600.0,9466.67,Self-Employed,3.4,Bachelor,Divorced,16900.0,Debt Consolidation,10.04,12,678.0,0.1,1,7,0,11700.0,2995.68,Mortgage,0,Medium Risk
43,Male,145600.0,12133.33,Employed,0.9,Bachelor,Divorced,5800.0,Debt Consolidation,11.33,24,671.0,0.14,3,2,1,18900.0,5427.83,Mortgage,2,Low Risk
73,Female,41800.0,3483.33,Employed,44.9,Associate,Married,2500.0,Auto,11.52,60,680.0,0.32,2,1,0,8000.0,1988.21,Mortgage,0,Low Risk
28,Female,66000.0,5500.0,Employed,1.0,Bachelor,Single,28500.0,Debt Consolidation,18.28,36,643.0,0.17,2,4,0,16500.0,3897.6,Rent,2,Medium Risk
64,Male,247600.0,20633.33,Employed,43.8,Doctorate,Single,19600.0,Debt Consolidation,11.59,36,722.0,0.12,2,3,0,41900.0,9811.39,Own,1,Low Risk
68,Male,8900.0,741.67,Retired,27.0,High School,Married,2400.0,Debt Consolidation,13.76,12,613.0,0.11,0,2,0,800.0,836.37,Rent,0,Medium Risk
18,Male,65800.0,5483.33,Employed,0.0,Associate,Single,5900.0,Home Improvement,9.88,36,681.0,0.11,0,6,0,3700.0,2594.34,Mortgage,0,Low Risk
70,Male,88100.0,7341.67,Retired,42.0,Doctorate,Single,28200.0,Business,21.25,24,553.0,0.14,1,2,1,13900.0,3030.13,Mortgage,0,High Risk
41,Female,158200.0,13183.33,Employed,16.7,Bachelor,Married,13400.0,Personal,13.45,24,715.0,0.09,2,3,0,29900.0,6835.96,Own,1,Low Risk
73,Male,12000.0,1000.0,Retired,19.0,Associate,Widowed,4200.0,Education,9.02,12,724.0,0.38,1,6,0,3100.0,1591.72,Rent,0,Medium Risk
49,Male,97000.0,8083.33,Employed,26.0,Bachelor,Single,9900.0,Education,15.34,60,642.0,0.08,0,1,0,5800.0,3968.41,Mortgage,1,Medium Risk
31,Male,76700.0,6391.67,Employed,3.0,Associate,Married,35600.0,Education,12.79,36,719.0,0.12,1,7,0,15700.0,4411.88,Rent,2,Medium Risk
56,Non-Binary,35900.0,2991.67,Employed,23.0,High School,Married,5500.0,Debt Consolidation,18.67,24,573.0,0.1,0,6,0,900.0,1487.83,Own,0,Medium Risk
29,Female,35300.0,2941.67,Employed,,High School,Divorced,4600.0,Home Improvement,26.39,60,511.0,0.36,2,1,2,4400.0,2239.04,Rent,2,High Risk
41,Female,184500.0,15375.0,Employed,19.9,Master,Single,37100.0,Business,14.54,60,718.0,0.07,1,2,0,6800.0,4584.76,Own,1,Low Risk
33,Male,54600.0,4550.0,Employed,6.3,High School,Divorced,13400.0,Education,9.46,36,680.0,0.21,1,4,0,7300.0,3296.32,Rent,2,Medium Risk
43,Female,109400.0,9116.67,Employed,,Bachelor,Single,6600.0,Debt Consolidation,12.21,36,717.0,0.17,2,5,0,10600.0,5712.21,Mortgage,3,Low Risk
59,Male,29900.0,2491.67,Employed,29.6,High School,Married,10100.0,Debt Consolidation,6.38,36,813.0,0.24,1,5,0,10200.0,1871.4,Mortgage,1,Low Risk
34,Female,202100.0,16841.67,Employed,2.0,Master,Single,3500.0,Debt Consolidation,13.32,60,724.0,0.06,0,7,0,29200.0,7471.68,Mortgage,2,Low Risk
62,Female,191000.0,15916.67,Employed,3.2,Master,Married,45300.0,Debt Consolidation,7.54,24,751.0,0.05,0,3,0,171100.0,6537.83,Own,0,Low Risk
51,Male,303500.0,25291.67,Self-Employed,11.5,Doctorate,Single,45600.0,Auto,14.93,60,699.0,0.08,1,2,0,26800.0,9190.4,Mortgage,1,Medium Risk
62,Female,82800.0,6900.0,Employed,18.0,Associate,Married,13400.0,Debt Consolidation,9.82,12,704.0,0.09,1,1,0,5900.0,2587.1,Mortgage,0,Low Risk
47,Male,44000.0,3666.67,Self-Employed,23.5,Associate,Single,2500.0,Debt Consolidation,11.68,12,681.0,0.19,1,3,0,6500.0,2361.61,Rent,1,Low Risk
26,Female,5600.0,466.67,Unemployed,0.0,High School,Married,2400.0,Education,23.09,12,463.0,0.05,0,0,1,600.0,1719.98,Mortgage,2,High Risk
75,Female,54300.0,4525.0,Retired,43.0,Master,Single,2500.0,Debt Consolidation,14.9,24,630.0,0.11,0,1,1,700.0,2389.56,Own,0,High Risk
26,Male,11300.0,941.67,Unemployed,0.0,Doctorate,Single,1800.0,Personal,19.81,36,476.0,0.7,2,2,1,200.0,1561.26,Mortgage,0,High Risk
52,Male,68400.0,5700.0,Employed,30.2,High School,Married,31200.0,Education,11.71,36,671.0,0.14,0,5,0,200.0,3832.62,Rent,3,Medium Risk
71,Male,10700.0,891.67,Retired,25.0,High School,Single,2500.0,Auto,18.17,24,637.0,0.7,2,1,0,1900.0,871.22,Rent,0,High Risk
19,Male,68300.0,5691.67,Employed,0.8,Associate,Single,15600.0,Personal,18.17,24,611.0,0.19,3,3,0,2600.0,3229.37,Rent,1,Medium Risk
50,Non-Binary,91700.0,7641.67,Employed,7.2,Bachelor,Divorced,12900.0,Personal,11.33,24,686.0,0.15,3,2,0,118000.0,4673.37,Mortgage,2,Low Risk
75,Male,49100.0,4091.67,Retired,38.0,Bachelor,Single,2200.0,Personal,13.91,60,708.0,0.11,0,3,0,29800.0,2654.96,Mortgage,0,Low Risk
38,Male,74000.0,6166.67,Employed,2.4,Associate,Married,17100.0,Education,10.55,36,723.0,0.15,1,3,0,13400.0,2531.98,Mortgage,0,Medium Risk
37,Female,62400.0,5200.0,Self-Employed,11.4,Associate,Single,14200.0,Home Improvement,7.78,36,743.0,0.13,0,7,0,13700.0,3067.81,Rent,1,Low Risk
25,Male,34100.0,2841.67,Employed,0.8,High School,Married,11100.0,Debt Consolidation,12.03,12,685.0,0.24,2,1,0,7600.0,1957.78,Rent,1,Medium Risk
36,Male,300300.0,25025.0,Employed,6.1,Doctorate,Divorced,17900.0,Education,10.04,36,707.0,0.12,1,5,0,44900.0,11904.48,Rent,2,Low Risk
48,Female,152600.0,12716.67,Employed,2.1,Bachelor,Divorced,33700.0,Debt Consolidation,23.37,36,565.0,0.06,0,5,0,11100.0,5698.08,Mortgage,0,Medium Risk
19,Male,8800.0,733.33,Unemployed,0.0,Bachelor,Single,1800.0,Debt Consolidation,18.34,24,471.0,0.19,0,2,0,600.0,1092.65,Rent,0,High Risk
63,Male,100400.0,8366.67,Employed,8.7,Bachelor,Single,47300.0,Debt Consolidation,17.27,36,582.0,0.19,3,6,0,14200.0,4868.05,Mortgage,0,Medium Risk
39,Male,10900.0,908.33,Retired,20.0,High School,Married,3100.0,Debt Consolidation,9.24,24,735.0,0.3,0,4,0,1400.0,1305.18,Rent,2,Medium Risk
36,Female,237500.0,19791.67,Self-Employed,11.5,Doctorate,Divorced,108000.0,Home Improvement,11.57,36,696.0,0.1,1,5,0,38400.0,10340.95,Own,4,Low Risk
59,Male,51200.0,4266.67,Employed,,High School,Single,7300.0,Home Improvement,8.55,12,754.0,0.26,3,6,0,13900.0,2617.08,Rent,1,Low Risk
20,Male,6400.0,533.33,Unemployed,0.0,High School,Married,4700.0,Debt Consolidation,18.18,36,649.0,0.13,0,2,0,1100.0,1251.39,Rent,0,High Risk
32,Male,54300.0,4525.0,Self-Employed,2.8,High School,Divorced,2800.0,Personal,16.64,36,666.0,0.1,0,6,0,2800.0,2814.28,Own,4,Medium Risk
48,Male,60900.0,5075.0,Employed,27.6,High School,Married,17700.0,Debt Consolidation,18.37,36,645.0,0.13,0,4,1,25300.0,2819.67,Mortgage,2,Medium Risk
32,Male,195900.0,16325.0,Employed,10.4,Master,Single,21600.0,Debt Consolidation,9.98,36,673.0,0.12,1,7,0,34500.0,4677.54,Mortgage,0,Low Risk
42,Male,120800.0,10066.67,Employed,10.7,Master,Widowed,36200.0,Home Improvement,11.77,24,687.0,0.09,1,3,0,2900.0,6050.51,Own,4,Medium Risk
43,Female,165300.0,13775.0,Self-Employed,6.4,Bachelor,Divorced,66100.0,Home Improvement,19.03,60,614.0,0.14,1,4,0,11800.0,4762.01,Own,2,Medium Risk
50,Male,72600.0,6050.0,Employed,7.6,Associate,Single,3300.0,Debt Consolidation,13.45,36,702.0,0.12,1,6,0,23400.0,2989.67,Mortgage,0,Low Risk
25,Female,7000.0,583.33,Unemployed,0.0,Master,Divorced,3300.0,Personal,23.4,12,572.0,0.7,1,6,2,200.0,554.04,Rent,0,High Risk
50,Male,85100.0,7091.67,Employed,17.5,Bachelor,Married,5400.0,Debt Consolidation,13.96,12,662.0,0.16,1,5,0,20900.0,4779.91,Rent,3,Low Risk
39,Female,100700.0,8391.67,Self-Employed,13.1,Bachelor,Married,24400.0,Debt Consolidation,11.67,36,677.0,0.14,3,2,0,12100.0,4448.04,Mortgage,1,Medium Risk
18,Male,111200.0,9266.67,Employed,0.0,Master,Divorced,3400.0,Auto,15.51,12,635.0,0.07,1,3,0,52200.0,4094.11,Rent,1,Low Risk
59,Female,58200.0,4850.0,Employed,33.3,Bachelor,Married,18600.0,Education,15.54,24,626.0,0.09,0,4,0,9400.0,2476.68,Mortgage,1,Medium Risk
35,Female,73200.0,6100.0,Self-Employed,10.3,Bachelor,Married,14100.0,Home Improvement,17.54,36,652.0,0.09,0,7,0,39100.0,3456.66,Mortgage,1,Medium Risk
70,Male,21800.0,1816.67,Retired,21.0,Associate,Single,2100.0,Education,6.11,36,743.0,0.22,0,5,0,6500.0,1482.85,Mortgage,0,Low Risk
29,Male,79600.0,6633.33,Employed,7.6,Bachelor,Divorced,16900.0,Debt Consolidation,14.78,60,694.0,0.11,1,7,0,14000.0,2083.61,Rent,1,Low Risk
42,Male,26400.0,2200.0,Employed,8.2,High School,Single,2000.0,Debt Consolidation,21.22,60,578.0,0.07,0,1,0,2700.0,1828.12,Rent,2,Medium Risk
49,Male,44400.0,3700.0,Employed,6.1,High School,Married,7400.0,Personal,14.76,24,621.0,0.2,1,1,0,8100.0,2591.77,Own,2,Low Risk
57,Male,126200.0,10516.67,Employed,13.7,Bachelor,Married,6500.0,Debt Consolidation,14.44,36,631.0,0.07,0,6,0,21000.0,2854.41,Mortgage,0,Low Risk
73,Male,51100.0,4258.33,Employed,36.7,Bachelor,Single,16300.0,Education,7.25,36,758.0,,0,7,0,12500.0,2437.84,Rent,2,Low Risk
70,Female,59800.0,4983.33,Retired,42.0,Master,Single,16000.0,Debt Consolidation,16.42,36,,0.31,3,7,0,14200.0,1940.56,Rent,0,High Risk
69,Female,19800.0,1650.0,Retired,40.0,Associate,Married,3200.0,Debt Consolidation,13.03,36,632.0,0.58,3,4,1,9600.0,1228.71,Rent,0,High Risk
58,Female,130200.0,10850.0,Employed,22.4,Bachelor,Married,3100.0,Home Improvement,13.26,24,606.0,0.07,0,1,0,22700.0,3450.25,Own,1,Low Risk
41,Male,94700.0,7891.67,Employed,7.7,Bachelor,Married,7500.0,Debt Consolidation,18.32,24,598.0,0.14,1,5,0,26600.0,3324.57,Own,1,Low Risk
32,Female,137000.0,11416.67,Self-Employed,7.8,Bachelor,Single,21000.0,Debt Consolidation,16.65,24,616.0,0.12,0,3,0,7500.0,6770.94,Mortgage,2,Medium Risk
27,Male,13800.0,1150.0,Unemployed,0.0,Bachelor,Single,4900.0,Business,24.3,60,562.0,0.18,0,4,0,2900.0,1595.33,Mortgage,2,High Risk
66,Male,11000.0,916.67,Retired,25.0,High School,Married,3900.0,Business,13.3,36,698.0,0.15,0,1,0,600.0,1322.96,Rent,0,Low Risk
35,Female,135900.0,11325.0,Employed,2.5,Bachelor,Single,26600.0,Home Improvement,9.74,12,724.0,0.14,1,4,1,3400.0,4740.36,Mortgage,1,Medium Risk
41,Male,41300.0,3441.67,Employed,1.1,High School,Single,5800.0,Personal,20.98,36,497.0,0.05,0,3,0,3000.0,1939.65,Rent,1,Medium Risk
58,Female,124400.0,10366.67,Self-Employed,18.3,Bachelor,Single,8900.0,Home Improvement,16.91,36,619.0,0.24,5,5,0,3200.0,4579.42,Own,0,Medium Risk
43,Male,107900.0,8991.67,Employed,21.6,Master,Married,11800.0,Debt Consolidation,4.72,36,817.0,0.16,2,9,0,25000.0,3354.18,Mortgage,3,Low Risk
67,Male,19900.0,1658.33,Retired,29.0,High School,Married,2700.0,Debt Consolidation,18.4,36,616.0,0.19,0,6,2,8100.0,1322.9,Mortgage,0,High Risk
75,Male,44400.0,3700.0,Retired,24.0,Bachelor,Divorced,11700.0,Auto,14.34,24,670.0,0.13,0,7,0,1600.0,1819.01,Mortgage,0,Medium Risk
63,Female,193400.0,16116.67,Employed,39.7,Master,Single,20200.0,Personal,8.19,60,752.0,0.08,1,3,0,87200.0,5292.33,Mortgage,2,Low Risk
48,Female,71100.0,5925.0,Self-Employed,26.7,High School,Married,14200.0,Business,18.26,36,646.0,0.2,2,5,0,7800.0,3735.41,Mortgage,2,Medium Risk
70,Female,53400.0,4450.0,Retired,22.0,Bachelor,Single,8600.0,Debt Consolidation,14.91,60,643.0,0.19,1,7,0,10300.0,1797.72,Mortgage,0,Low Risk
64,Female,52200.0,4350.0,Employed,18.0,Bachelor,Single,14400.0,Personal,10.95,12,707.0,0.17,1,4,0,6200.0,3036.78,Mortgage,0,Medium Risk
72,Female,9600.0,800.0,Retired,29.0,High School,Married,2800.0,Debt Consolidation,7.96,24,767.0,0.7,2,8,0,4400.0,775.11,Rent,0,Low Risk
49,Female,138200.0,11516.67,Self-Employed,30.8,Doctorate,Single,28500.0,Home Improvement,19.95,36,506.0,0.1,0,2,1,10000.0,3907.66,Own,0,High Risk
45,Male,78500.0,6541.67,Employed,4.9,Bachelor,Single,20900.0,Home Improvement,24.99,36,537.0,0.1,1,2,0,200.0,4100.06,Mortgage,3,High Risk
22,Male,56000.0,4666.67,Employed,2.0,Bachelor,Married,8100.0,Debt Consolidation,19.98,36,575.0,0.07,0,1,1,1800.0,1846.76,Mortgage,1,High Risk
66,Female,29700.0,2475.0,Retired,27.0,Bachelor,Divorced,12400.0,Education,12.2,36,699.0,0.29,1,4,0,5700.0,1103.03,Rent,0,Medium Risk
74,Male,13100.0,1091.67,Retired,16.0,Associate,Married,3000.0,Debt Consolidation,22.09,24,580.0,0.28,0,6,0,400.0,873.77,Rent,0,Medium Risk
47,Male,174500.0,14541.67,Employed,27.2,Bachelor,Single,10900.0,Debt Consolidation,24.69,12,551.0,0.11,0,3,1,,5084.43,Own,0,Medium Risk
64,Female,112100.0,9341.67,Employed,42.0,Bachelor,Divorced,29000.0,Personal,11.38,12,736.0,0.19,4,4,0,1500.0,4398.33,Own,0,Medium Risk
67,Female,56700.0,4725.0,Retired,27.0,Bachelor,Married,6500.0,Debt Consolidation,9.92,36,727.0,0.22,2,6,0,26700.0,2412.28,Rent,0,Low Risk
49,Male,170700.0,14225.0,Employed,2.5,Bachelor,Single,7500.0,Auto,12.35,24,685.0,0.13,1,5,0,16600.0,5762.31,Own,1,Low Risk
74,Non-Binary,26900.0,2241.67,Retired,41.0,Bachelor,Married,6800.0,Auto,14.62,60,655.0,0.33,1,7,0,3800.0,1474.61,Rent,1,Medium Risk
50,Male,10000.0,833.33,Unemployed,0.0,Doctorate,Married,4900.0,Home Improvement,23.99,36,563.0,0.63,1,7,0,500.0,980.63,Rent,2,High Risk
26,Female,36100.0,3008.33,Employed,1.1,Associate,Single,4800.0,Debt Consolidation,18.36,36,492.0,0.49,5,3,0,1500.0,2305.07,Rent,3,High Risk
68,Male,44700.0,3725.0,Retired,36.0,Bachelor,Married,12800.0,Personal,9.63,36,698.0,0.32,3,4,0,3500.0,1376.3,Mortgage,0,Medium Risk
42,Male,52600.0,4383.33,Employed,4.0,High School,Widowed,3600.0,Education,9.02,24,725.0,0.08,0,1,0,13900.0,2096.48,Rent,0,Low Risk
43,Male,75200.0,6266.67,Employed,8.9,Associate,Married,2700.0,Debt Consolidation,10.14,36,687.0,0.18,1,7,0,28300.0,3210.89,Own,1,Low Risk
62,Male,85900.0,7158.33,Employed,17.4,Bachelor,Married,6800.0,Auto,7.79,36,747.0,0.1,1,3,0,14000.0,3080.45,Mortgage,0,Low Risk
71,Female,7000.0,583.33,Retired,17.0,High School,Single,4700.0,Auto,9.24,12,745.0,0.64,0,6,0,300.0,1327.45,Mortgage,0,Medium Risk
24,Male,46800.0,3900.0,Employed,4.4,Bachelor,Single,2100.0,Home Improvement,10.49,36,703.0,0.22,2,3,0,2200.0,1936.68,Rent,0,Medium Risk
60,Female,110300.0,9191.67,Employed,4.7,Bachelor,Single,18100.0,Home Improvement,14.8,36,669.0,0.13,1,1,0,11600.0,4581.2,Own,0,Medium Risk
45,Female,212400.0,17700.0,Employed,23.9,Master,Married,25100.0,Auto,13.46,24,617.0,0.05,0,3,1,45800.0,7158.54,Own,1,Medium Risk
47,Male,143000.0,11916.67,Employed,3.3,Bachelor,Married,5800.0,Debt Consolidation,16.57,12,624.0,0.11,1,5,0,32700.0,4011.2,Mortgage,3,Low Risk
64,Male,194000.0,16166.67,Employed,17.5,Master,Married,63800.0,Debt Consolidation,12.99,12,686.0,0.09,0,5,0,78500.0,4293.92,Own,0,Low Risk
27,Female,186900.0,15575.0,Employed,2.4,Doctorate,Married,23100.0,Debt Consolidation,18.01,12,601.0,0.12,0,7,0,2400.0,5124.3,Mortgage,1,Medium Risk
41,Male,73000.0,6083.33,Employed,8.6,Bachelor,Married,5800.0,Debt Consolidation,21.99,24,543.0,0.15,1,1,0,8100.0,3895.84,Rent,2,Medium Risk
45,Female,138100.0,11508.33,Self-Employed,,Bachelor,Single,20500.0,Home Improvement,13.85,24,621.0,0.1,0,1,0,35300.0,6546.55,Own,2,Medium Risk
18,Female,41600.0,3466.67,Employed,0.0,Bachelor,Single,2100.0,Debt Consolidation,17.97,24,582.0,0.1,0,3,0,10500.0,1647.45,Mortgage,0,Medium Risk
20,Female,48800.0,4066.67,Employed,1.5,Associate,Divorced,9800.0,Debt Consolidation,14.82,60,632.0,0.12,0,3,0,500.0,1670.9,Rent,1,Medium Risk
39,Female,78300.0,6525.0,Employed,3.6,Bachelor,Married,21500.0,Home Improvement,10.24,36,703.0,0.09,1,5,0,8900.0,2719.0,Rent,3,Low Risk
43,Male,132700.0,11058.33,Employed,15.9,Bachelor,Single,25000.0,Home Improvement,11.92,36,708.0,0.09,1,5,0,3900.0,6317.15,Mortgage,2,Medium Risk
61,Male,64800.0,5400.0,Self-Employed,24.5,Bachelor,Single,16300.0,Home Improvement,17.06,24,651.0,0.15,1,3,0,16200.0,2770.33,Mortgage,0,Medium Risk
48,Female,88500.0,7375.0,Employed,5.5,Master,Married,2100.0,Auto,12.1,60,678.0,0.26,4,4,0,10500.0,3458.91,Rent,2,Low Risk
45,Female,89200.0,7433.33,Employed,26.3,Bachelor,Married,16500.0,Personal,22.68,36,544.0,0.09,0,6,0,,2349.09,Own,0,Medium Risk
51,Female,149700.0,12475.0,Employed,28.8,Bachelor,Married,36600.0,Debt Consolidation,9.74,36,689.0,0.06,0,6,0,23700.0,5812.09,Mortgage,0,Low Risk
51,Non-Binary,57000.0,4750.0,Employed,14.1,Associate,Single,6700.0,Debt Consolidation,10.51,12,718.0,0.14,1,2,0,200.0,2319.67,Rent,0,Medium Risk
29,Male,36200.0,3016.67,Self-Employed,8.3,High School,Married,10700.0,Business,13.47,36,639.0,0.09,0,5,0,5900.0,2359.19,Mortgage,2,Medium Risk
68,Male,28700.0,2391.67,Retired,16.0,Associate,Divorced,4500.0,Personal,14.98,36,647.0,0.52,3,6,0,8100.0,1508.8,Mortgage,0,High Risk
20,Male,9900.0,825.0,Unemployed,0.0,High School,Married,1600.0,Personal,21.19,24,400.0,0.7,3,0,1,1400.0,859.93,Rent,0,High Risk
71,Male,181500.0,15125.0,Employed,9.3,Master,Married,3100.0,Education,17.47,36,626.0,0.09,1,1,0,2900.0,4073.38,Mortgage,0,Medium Risk
56,Female,214000.0,17833.33,Employed,6.3,Master,Married,82000.0,Personal,10.88,36,708.0,0.14,1,7,1,26700.0,4201.58,Mortgage,0,Medium Risk
71,Female,21600.0,1800.0,Retired,41.0,Bachelor,Single,3600.0,Debt Consolidation,10.12,24,693.0,0.48,2,3,0,1900.0,1564.66,Rent,0,Medium Risk
36,Female,103400.0,8616.67,Employed,1.3,Bachelor,Married,24000.0,Home Improvement,15.77,60,608.0,0.08,1,5,0,13800.0,3918.86,Own,2,Medium Risk
42,Male,6900.0,575.0,Unemployed,0.0,Bachelor,Divorced,3300.0,Business,15.12,36,659.0,0.7,1,3,0,1100.0,1680.81,Mortgage,2,High Risk
54,Male,121500.0,10125.0,Employed,21.8,Bachelor,Single,9600.0,Education,6.84,12,750.0,0.1,1,1,3,7800.0,5192.78,Own,2,Medium Risk
35,Female,278500.0,23208.33,Employed,5.2,Doctorate,Divorced,144600.0,Home Improvement,18.37,24,637.0,0.11,1,2,0,11600.0,7421.18,Own,1,Medium Risk
40,Male,40800.0,3400.0,Employed,19.7,High School,Single,12900.0,Education,23.89,24,559.0,0.14,0,6,0,300.0,2789.62,Rent,2,Medium Risk
43,Female,186100.0,15508.33,Employed,24.0,Master,Single,29800.0,Auto,11.04,60,715.0,0.11,1,2,0,14900.0,4977.56,Mortgage,1,Low Risk
27,Male,49200.0,4100.0,Employed,2.4,High School,Widowed,6400.0,Debt Consolidation,18.98,60,567.0,0.12,0,6,0,4100.0,2156.77,Rent,1,High Risk
51,Male,217000.0,18083.33,Employed,16.3,Doctorate,Single,12300.0,Home Improvement,12.26,24,726.0,0.09,1,6,0,78300.0,6097.89,Own,1,Low Risk
30,Male,53600.0,4466.67,Employed,3.5,High School,Married,3600.0,Auto,8.66,36,770.0,0.15,1,3,0,10200.0,3093.79,Rent,2,Low Risk
74,Male,49100.0,4091.67,Retired,26.0,Bachelor,Single,2700.0,Home Improvement,10.0,36,678.0,0.13,0,7,0,12400.0,2659.77,Rent,1,Low Risk
23,Female,72000.0,6000.0,Employed,4.2,Bachelor,Married,2000.0,Home Improvement,15.98,36,593.0,0.09,0,4,0,20500.0,2793.15,Rent,0,Medium Risk
22,Male,71800.0,5983.33,Employed,1.4,Master,Married,7400.0,Education,21.64,60,574.0,0.18,2,2,2,4100.0,1912.65,Rent,0,High Risk
35,Male,48700.0,4058.33,Self-Employed,11.9,Associate,Married,4000.0,Debt Consolidation,13.22,36,645.0,0.13,1,3,0,4000.0,3315.89,Mortgage,3,Medium Risk
70,Female,105000.0,8750.0,Retired,22.0,Doctorate,Divorced,9800.0,Education,6.76,36,782.0,0.31,4,10,0,28500.0,4782.98,Mortgage,1,Low Risk
71,Male,22400.0,1866.67,Retired,20.0,Associate,Widowed,5700.0,Business,15.75,36,596.0,0.34,1,6,0,,1402.98,Own,0,High Risk
66,Male,20600.0,1716.67,Retired,20.0,High School,Married,4600.0,Business,13.7,12,615.0,0.05,0,2,0,900.0,1383.2,Own,0,Medium Risk
55,Male,55300.0,4608.33,Employed,0.6,High School,Widowed,6100.0,Debt Consolidation,12.69,36,671.0,0.09,1,1,0,16200.0,2308.78,Mortgage,1,Low Risk
19,Female,10100.0,841.67,Unemployed,0.0,Bachelor,Divorced,4000.0,Home Improvement,15.58,36,649.0,0.62,1,4,2,200.0,1303.3,Rent,0,High Risk
38,Female,116800.0,9733.33,Employed,6.5,Bachelor,Married,8600.0,Debt Consolidation,18.18,24,592.0,0.07,1,6,0,25800.0,4952.52,Mortgage,1,Low Risk
75,Male,20700.0,1725.0,Retired,35.0,Bachelor,Single,3400.0,Business,7.74,24,749.0,0.46,1,7,0,,1369.08,Mortgage,1,Low Risk
57,Male,54500.0,4541.67,Employed,17.1,High School,Married,2000.0,Debt Consolidation,9.94,12,680.0,0.1,1,2,0,2400.0,2362.47,Mortgage,0,Low Risk
33,Female,154800.0,12900.0,Employed,10.1,Master,Married,30100.0,Auto,10.28,36,680.0,0.09,1,5,0,1500.0,6360.57,Rent,1,Medium Risk
42,Female,42800.0,3566.67,Employed,10.5,High School,Married,2100.0,Business,19.26,24,570.0,0.26,2,2,0,400.0,2380.29,Mortgage,2,High Risk
57,Male,56100.0,4675.0,Employed,30.5,High School,Married,15800.0,Debt Consolidation,16.59,36,632.0,0.22,2,3,1,4900.0,3071.17,Rent,0,High Risk
50,Male,66200.0,5516.67,Employed,12.5,High School,Married,9900.0,Debt Consolidation,11.31,60,716.0,0.17,1,3,0,7300.0,2910.42,Own,1,Low Risk
45,Male,52400.0,4366.67,Retired,26.0,Bachelor,Married,7700.0,Home Improvement,16.88,36,660.0,0.33,5,6,0,17100.0,2868.88,Rent,2,Medium Risk
38,Male,35800.0,2983.33,Employed,15.3,High School,Married,5600.0,Debt Consolidation,22.77,12,459.0,0.12,0,3,3,1000.0,2248.28,Rent,2,High Risk
37,Male,54300.0,4525.0,Employed,13.3,High School,Married,7100.0,Home Improvement,22.15,12,575.0,0.09,0,2,0,7400.0,2318.97,Rent,1,Medium Risk
56,Male,25800.0,2150.0,Retired,22.0,Associate,Divorced,4100.0,Business,8.07,36,748.0,0.12,0,6,0,600.0,1738.07,Own,1,Low Risk
28,Female,112900.0,9408.33,Employed,4.5,Bachelor,Married,18800.0,Personal,17.02,24,586.0,0.05,0,3,0,1400.0,3378.89,Own,0,Medium Risk
67,Female,49400.0,4116.67,Retired,39.0,Bachelor,Married,15600.0,Home Improvement,13.35,24,708.0,0.08,0,1,0,11200.0,2505.98,Mortgage,1,Medium Risk
73,Female,13000.0,1083.33,Retired,39.0,Associate,Married,3800.0,Debt Consolidation,19.33,60,578.0,0.33,0,5,0,100.0,1538.16,Rent,0,High Risk
36,Male,114100.0,9508.33,Employed,15.5,Bachelor,Married,6800.0,Debt Consolidation,24.52,36,532.0,0.05,0,7,1,1600.0,4117.54,Own,1,High Risk
21,Male,23500.0,1958.33,Employed,2.0,High School,Married,6100.0,Debt Consolidation,24.1,36,538.0,0.33,1,6,3,500.0,1534.28,Rent,0,High Risk
54,Male,82500.0,6875.0,Employed,22.8,Master,Single,35600.0,Business,15.32,36,650.0,0.17,2,4,0,14500.0,3828.97,Mortgage,1,Medium Risk
51,Male,201900.0,16825.0,Employed,2.0,Master,Divorced,48300.0,Personal,8.41,60,788.0,0.09,2,7,0,78900.0,5937.79,Mortgage,2,Low Risk
43,Female,65300.0,5441.67,Retired,15.0,Bachelor,Single,6600.0,Auto,17.38,36,657.0,0.15,1,3,0,17000.0,3241.1,Rent,2,Medium Risk
25,Male,61000.0,5083.33,Employed,6.2,Bachelor,Divorced,10600.0,Debt Consolidation,21.2,60,530.0,0.1,0,5,1,3600.0,2671.47,Rent,1,High Risk
62,Female,86300.0,7191.67,Employed,27.1,Bachelor,Married,14200.0,Auto,9.29,36,680.0,0.24,3,6,0,17500.0,3041.83,Rent,0,Low Risk
66,Female,41100.0,3425.0,Retired,28.0,Bachelor,Married,19700.0,Home Improvement,17.21,60,619.0,0.18,0,7,0,6400.0,1891.69,Mortgage,0,Medium Risk
74,Female,14100.0,1175.0,Retired,29.0,High School,Married,4100.0,Home Improvement,6.61,36,771.0,0.68,1,10,0,5600.0,969.36,Mortgage,0,Medium Risk
30,Female,77400.0,6450.0,Employed,10.7,Bachelor,Married,13200.0,Home Improvement,20.23,36,,0.14,1,4,0,17200.0,2390.31,Mortgage,0,Medium Risk
30,Female,133700.0,11141.67,Employed,3.2,Master,Single,40800.0,Home Improvement,23.12,12,552.0,0.13,1,6,0,2300.0,5035.31,Mortgage,0,High Risk
63,Non-Binary,74000.0,6166.67,Self-Employed,17.2,Bachelor,Divorced,5500.0,Education,15.68,36,650.0,0.19,1,6,0,5500.0,2654.34,Mortgage,0,Medium Risk
71,Female,10200.0,850.0,Retired,21.0,High School,Married,4800.0,Debt Consolidation,11.8,60,678.0,0.12,0,1,0,200.0,1591.46,Mortgage,2,Medium Risk
25,Male,141500.0,11791.67,Employed,5.2,Doctorate,Single,53600.0,Debt Consolidation,17.88,24,585.0,0.06,0,4,0,9600.0,4803.75,Mortgage,1,Medium Risk
48,Female,61900.0,5158.33,Employed,12.6,High School,Single,6800.0,Education,13.41,36,614.0,0.22,3,3,1,6500.0,3522.15,Rent,2,High Risk
52,Female,138400.0,11533.33,Employed,26.1,Bachelor,Single,58900.0,Education,5.21,36,824.0,0.1,1,10,0,43600.0,5388.16,Own,0,Low Risk
71,Female,45700.0,3808.33,Retired,41.0,Bachelor,Married,3400.0,Personal,11.25,24,702.0,0.09,0,3,0,4100.0,2302.6,Mortgage,0,Low Risk
41,Male,87500.0,7291.67,Employed,21.9,Associate,Divorced,2400.0,Home Improvement,16.0,60,593.0,0.16,1,4,0,24100.0,3540.25,Mortgage,1,Low Risk
52,Female,22500.0,1875.0,Employed,,High School,Divorced,2300.0,Home Improvement,9.69,12,672.0,0.3,1,1,0,3900.0,1477.58,Rent,0,Low Risk
71,Male,17900.0,1491.67,Retired,,Bachelor,Divorced,3300.0,Debt Consolidation,14.53,36,662.0,0.63,3,6,0,2100.0,1457.77,Mortgage,0,High Risk
29,Male,54500.0,4541.67,Employed,2.6,High School,Married,7100.0,Personal,18.32,24,541.0,0.06,0,6,0,3400.0,1893.43,Own,0,Medium Risk
21,Male,9800.0,816.67,Unemployed,0.0,High School,Divorced,4700.0,Debt Consolidation,19.11,60,546.0,0.7,3,4,0,400.0,1160.6,Rent,1,High Risk
64,Female,66100.0,5508.33,Employed,40.9,Bachelor,Single,15500.0,Debt Consolidation,21.35,60,538.0,0.17,0,6,0,800.0,1938.69,Mortgage,0,High Risk
66,Female,7000.0,583.33,Unemployed,0.0,Bachelor,Married,2900.0,Business,16.25,60,619.0,0.7,2,6,0,1300.0,1318.37,Rent,0,High Risk
34,Female,44500.0,3708.33,Self-Employed,4.3,High School,Married,1600.0,Debt Consolidation,24.44,36,478.0,0.1,1,3,1,600.0,1939.9,Mortgage,0,High Risk
31,Female,132600.0,11050.0,Employed,1.2,Bachelor,Single,15000.0,Debt Consolidation,11.85,60,686.0,0.09,3,3,0,7400.0,4927.89,Own,2,Low Risk
69,Male,15800.0,1316.67,Retired,28.0,High School,Divorced,3100.0,Debt Consolidation,7.99,12,,0.5,0,8,0,5300.0,1473.0,Mortgage,0,Low Risk
69,Male,19000.0,1583.33,Retired,24.0,High School,Divorced,5400.0,Personal,12.64,60,689.0,0.42,1,4,0,1100.0,1103.67,Rent,0,High Risk
66,Female,12100.0,1008.33,Unemployed,0.0,Associate,Single,2700.0,Debt Consolidation,17.17,12,612.0,0.15,0,4,1,1500.0,1486.73,Mortgage,0,High Risk
25,Female,47800.0,3983.33,Employed,1.2,Associate,Married,2100.0,Debt Consolidation,21.47,36,488.0,0.25,2,3,3,9100.0,1985.19,Rent,0,High Risk
63,Male,304400.0,25366.67,Employed,17.0,Doctorate,Married,4100.0,Auto,18.61,60,624.0,0.05,1,4,1,55800.0,7606.59,Mortgage,0,Medium Risk
49,Female,64000.0,5333.33,Employed,30.4,Associate,Widowed,5400.0,Auto,13.44,60,701.0,0.05,0,2,0,15400.0,2809.97,Rent,0,Low Risk
43,Male,41300.0,3441.67,Employed,13.9,High School,Divorced,15100.0,Debt Consolidation,19.38,24,550.0,0.25,1,7,1,1000.0,2245.32,Own,2,High Risk
64,Female,53700.0,4475.0,Employed,40.9,Bachelor,Single,11500.0,Home Improvement,14.61,60,657.0,0.1,0,5,0,13700.0,3179.14,Mortgage,1,Low Risk
65,Male,36200.0,3016.67,Employed,38.7,High School,Widowed,3500.0,Debt Consolidation,9.61,36,705.0,0.12,0,2,0,10300.0,1943.55,Own,1,Low Risk
67,Male,31500.0,2625.0,Retired,37.0,Bachelor,Divorced,5800.0,Auto,13.33,12,695.0,0.14,0,6,0,2200.0,1981.63,Mortgage,0,Medium Risk
34,Female,72400.0,6033.33,Self-Employed,6.6,Bachelor,Divorced,9300.0,Debt Consolidation,15.21,24,622.0,0.07,0,3,0,18700.0,2848.72,Rent,0,Medium Risk
19,Male,26900.0,2241.67,Self-Employed,0.6,High School,Married,4400.0,Debt Consolidation,18.81,36,544.0,0.31,1,7,3,1000.0,1553.55,Rent,0,High Risk
23,Female,141400.0,11783.33,Employed,4.6,Master,Single,12800.0,Home Improvement,11.25,36,711.0,0.06,1,1,0,21000.0,5413.91,Mortgage,0,Low Risk
18,Male,29300.0,2441.67,Employed,0.0,High School,Married,5400.0,Education,24.73,60,464.0,0.23,1,3,0,300.0,2036.21,Rent,1,High Risk
33,Male,199200.0,16600.0,Employed,1.7,Master,Widowed,69500.0,Debt Consolidation,15.05,36,641.0,0.1,1,5,0,7100.0,4428.54,Mortgage,0,Medium Risk
46,Male,80600.0,6716.67,Employed,24.9,Bachelor,Single,42300.0,Debt Consolidation,9.05,36,758.0,0.18,2,7,0,39400.0,2572.79,Rent,0,Low Risk
39,Male,150800.0,12566.67,Employed,4.7,Bachelor,Married,21500.0,Home Improvement,12.72,24,690.0,0.09,1,1,0,8500.0,6738.99,Own,2,Low Risk
67,Female,32100.0,2675.0,Retired,27.0,Master,Married,3100.0,Business,6.59,36,757.0,0.29,0,10,0,13400.0,1555.9,Rent,0,Low Risk
28,Non-Binary,38000.0,3166.67,Employed,2.3,High School,Single,5100.0,Home Improvement,13.88,24,639.0,0.22,1,3,0,3000.0,2293.66,Rent,0,Medium Risk
67,Female,80100.0,6675.0,Retired,16.0,Master,Single,4400.0,Education,15.77,24,613.0,0.07,0,1,0,4400.0,3348.13,Rent,0,Medium Risk
18,Male,42700.0,3558.33,Employed,0.0,High School,Divorced,8900.0,Debt Consolidation,21.9,60,571.0,0.24,2,6,0,3700.0,2145.75,Rent,0,High Risk
21,Female,6400.0,533.33,Unemployed,0.0,Bachelor,Married,4900.0,Debt Consolidation,23.82,24,544.0,0.7,1,1,1,1600.0,826.44,Rent,0,High Risk
41,Male,29600.0,2466.67,Employed,10.2,High School,Single,6100.0,Debt Consolidation,9.78,24,695.0,0.3,2,5,0,4300.0,2174.72,Own,1,Medium Risk
34,Male,38000.0,3166.67,Employed,5.6,Associate,Single,2400.0,Debt Consolidation,14.79,36,593.0,0.15,0,5,1,5200.0,1933.09,Rent,0,Medium Risk
46,Male,58100.0,4841.67,Employed,16.4,High School,Single,7400.0,Debt Consolidation,18.39,24,559.0,0.08,0,2,0,2500.0,3533.0,Rent,4,High Risk
61,Male,70900.0,5908.33,Employed,29.6,Bachelor,Married,29900.0,Home Improvement,13.78,36,,0.14,2,7,0,13700.0,2661.08,Mortgage,2,Medium Risk
25,Female,26600.0,2216.67,Employed,6.8,High School,Single,7200.0,Business,24.33,24,550.0,0.23,1,2,1,600.0,1335.86,Rent,1,High Risk
47,Male,10600.0,883.33,Unemployed,0.0,Associate,Divorced,4300.0,Debt Consolidation,14.75,36,605.0,0.33,0,5,1,800.0,783.35,Mortgage,0,High Risk
28,Female,64000.0,5333.33,Employed,4.2,Associate,Single,5300.0,Auto,18.25,12,586.0,0.08,0,5,1,16200.0,2520.35,Mortgage,2,Medium Risk
56,Female,85200.0,7100.0,Self-Employed,24.3,Bachelor,Widowed,9900.0,Business,9.27,36,713.0,0.09,1,6,0,22200.0,3471.69,Rent,1,Low Risk
29,Male,42800.0,3566.67,Employed,7.2,High School,Single,5100.0,Education,24.13,60,576.0,0.11,0,2,1,13900.0,2477.16,Mortgage,0,High Risk
25,Male,38400.0,3200.0,Employed,5.4,High School,Divorced,7600.0,Personal,12.82,60,684.0,0.23,1,5,0,3100.0,2085.15,Mortgage,4,Medium Risk
66,Female,23700.0,1975.0,Retired,29.0,Bachelor,Single,8500.0,Business,13.4,24,677.0,0.18,0,3,0,1600.0,1608.47,Mortgage,2,Medium Risk
19,Male,46000.0,3833.33,Employed,0.6,Bachelor,Divorced,7600.0,Auto,22.55,12,580.0,0.27,1,7,0,5800.0,2127.69,Rent,0,Medium Risk
52,Male,43500.0,3625.0,Employed,31.8,High School,Married,3000.0,Home Improvement,15.65,24,634.0,0.18,1,1,0,9400.0,2301.8,Mortgage,2,Low Risk
73,Female,23700.0,1975.0,Retired,17.0,Bachelor,Married,2900.0,Home Improvement,11.62,24,713.0,0.7,3,6,3,6500.0,1730.62,Mortgage,0,High Risk
73,Male,7200.0,600.0,Retired,23.0,High School,Divorced,2400.0,Education,12.83,24,690.0,0.5,0,4,0,900.0,1234.66,Own,0,Medium Risk
32,Female,82800.0,6900.0,Self-Employed,1.5,Associate,Single,16500.0,Debt Consolidation,18.28,24,537.0,0.09,1,2,2,800.0,3383.08,Mortgage,2,High Risk
25,Female,72400.0,6033.33,Employed,6.2,Associate,Divorced,2900.0,Auto,23.31,24,471.0,0.08,0,0,0,0.0,2510.11,Rent,1,High Risk
19,Female,53300.0,4441.67,Employed,1.0,Associate,Married,6200.0,Home Improvement,18.14,24,587.0,0.42,3,7,0,18000.0,2346.06,Rent,0,Medium Risk
27,Male,5400.0,450.0,Unemployed,0.0,Associate,Married,4600.0,Home Improvement,21.46,36,525.0,0.7,3,5,0,400.0,1448.66,Mortgage,1,High Risk
75,Male,22900.0,1908.33,Retired,29.0,Associate,Single,4000.0,Debt Consolidation,10.17,24,736.0,0.34,2,2,0,9700.0,1671.2,Mortgage,0,Medium Risk
59,Male,90200.0,7516.67,Employed,37.2,Associate,Married,35700.0,Debt Consolidation,12.52,36,696.0,0.05,0,3,0,300.0,3758.62,Rent,0,Medium Risk
51,Male,214000.0,17833.33,Employed,29.2,Master,Single,49600.0,Business,12.67,36,722.0,0.09,1,7,0,32400.0,6080.97,Mortgage,2,Low Risk
34,Male,35900.0,2991.67,Employed,1.5,High School,Married,10600.0,Home Improvement,14.17,24,633.0,0.05,0,2,0,1800.0,1883.85,Own,1,Medium Risk
75,Female,44800.0,3733.33,Retired,27.0,Bachelor,Widowed,20000.0,Debt Consolidation,16.93,60,663.0,0.09,0,3,0,4200.0,2551.85,Rent,0,Medium Risk
43,Female,66900.0,5575.0,Employed,23.0,Associate,Married,2600.0,Debt Consolidation,6.24,24,754.0,0.12,0,9,0,,2922.52,Rent,1,Low Risk
73,Male,17900.0,1491.67,Retired,20.0,High School,Divorced,2800.0,Debt Consolidation,5.29,24,813.0,0.29,1,4,0,5100.0,991.8,Rent,0,Low Risk
37,Male,94000.0,7833.33,Self-Employed,13.4,Master,Single,9600.0,Home Improvement,14.82,36,640.0,0.15,1,2,1,10200.0,3565.17,Mortgage,3,Medium Risk
64,Female,81200.0,6766.67,Employed,3.1,Bachelor,Married,20300.0,Personal,12.5,12,687.0,0.24,3,7,0,19700.0,3548.37,Mortgage,0,Medium Risk
47,Male,122200.0,10183.33,Employed,,Bachelor,Married,25900.0,Debt Consolidation,11.0,24,707.0,0.05,0,2,0,1100.0,3941.09,Mortgage,2,Medium Risk
26,Female,281300.0,23441.67,Employed,4.8,Doctorate,Widowed,42000.0,Debt Consolidation,23.31,60,565.0,0.11,0,7,0,31300.0,8838.17,Mortgage,2,Medium Risk
66,Female,7700.0,641.67,Unemployed,0.0,High School,Married,2900.0,Auto,8.73,36,753.0,0.7,2,7,0,2200.0,1776.45,Rent,1,High Risk
68,Male,8200.0,683.33,Retired,41.0,High School,Single,3900.0,Personal,9.62,12,710.0,0.7,3,7,0,1600.0,1198.89,Rent,0,High Risk
67,Male,42600.0,3550.0,Retired,23.0,Bachelor,Divorced,4600.0,Auto,12.57,60,720.0,0.22,1,7,0,700.0,1887.51,Mortgage,0,Medium Risk
42,Female,11300.0,941.67,Unemployed,0.0,Associate,Married,2900.0,Business,18.16,36,570.0,0.25,0,7,0,4400.0,1254.32,Mortgage,0,High Risk
49,Female,79900.0,6658.33,Employed,26.4,Bachelor,Single,15400.0,Debt Consolidation,13.86,24,652.0,0.16,1,7,0,1200.0,2460.57,Mortgage,0,Medium Risk
50,Male,126300.0,10525.0,Employed,26.4,Bachelor,Single,6900.0,Home Improvement,13.11,24,616.0,0.09,0,5,0,53500.0,3518.44,Mortgage,1,Low Risk
66,Male,25800.0,2150.0,Retired,32.0,Associate,Widowed,2800.0,Debt Consolidation,11.43,36,686.0,0.14,0,5,0,13600.0,1639.05,Own,0,Low Risk
74,Male,12200.0,1016.67,Retired,29.0,High School,Single,2500.0,Debt Consolidation,12.57,36,731.0,0.5,1,4,0,3900.0,1200.32,Rent,0,Medium Risk
41,Female,61300.0,5108.33,Employed,15.8,High School,Single,14000.0,Auto,16.95,12,583.0,0.13,0,7,2,39700.0,2869.72,Rent,0,High Risk
75,Male,96300.0,8025.0,Retired,29.0,Doctorate,Divorced,32500.0,Home Improvement,8.18,36,800.0,0.19,2,6,0,63400.0,2833.47,Mortgage,0,Low Risk
74,Male,26700.0,2225.0,Retired,25.0,Associate,Married,4200.0,Home Improvement,12.83,24,679.0,0.23,1,1,0,4500.0,1244.41,Own,0,Low Risk
58,Female,5000.0,416.67,Unemployed,0.0,Bachelor,Divorced,2800.0,Business,11.3,24,697.0,0.7,2,1,0,1600.0,1365.23,Rent,1,High Risk
67,Male,11900.0,991.67,Retired,18.0,High School,Married,5100.0,Debt Consolidation,22.94,24,562.0,0.7,3,1,3,2800.0,1140.29,Mortgage,0,High Risk
30,Female,85900.0,7158.33,Self-Employed,2.9,Master,Single,15900.0,Home Improvement,17.23,12,597.0,0.1,0,3,1,24600.0,2632.99,Mortgage,2,High Risk
35,Female,35200.0,2933.33,Employed,13.4,Associate,Married,5500.0,Personal,25.19,60,579.0,0.53,4,6,0,2800.0,2120.45,Rent,1,High Risk
50,Female,24500.0,2041.67,Employed,0.7,High School,Married,7300.0,Auto,14.27,36,621.0,0.12,0,7,0,300.0,1666.9,Own,1,Medium Risk
67,Female,51300.0,4275.0,Retired,34.0,Bachelor,Divorced,9400.0,Home Improvement,6.3,24,777.0,0.18,2,6,0,18000.0,1468.55,Rent,0,Low Risk
45,Female,335500.0,27958.33,Employed,17.1,Doctorate,Married,124500.0,Education,13.56,60,735.0,0.06,0,4,0,3500.0,10302.3,Mortgage,1,Medium Risk
42,Female,53500.0,4458.33,Employed,6.3,High School,Married,19300.0,Personal,12.11,24,691.0,0.15,1,3,0,13200.0,2543.08,Mortgage,0,Medium Risk
43,Female,64100.0,5341.67,Employed,2.4,Bachelor,Single,27200.0,Education,14.56,36,667.0,0.14,0,7,0,11500.0,3215.66,Rent,0,Medium Risk
37,Male,167100.0,13925.0,Employed,13.1,Master,Married,97100.0,Personal,8.0,36,763.0,0.05,0,9,0,63900.0,5331.98,Own,0,Low Risk
42,Female,29400.0,2450.0,Employed,19.4,High School,Single,3100.0,Education,18.88,36,572.0,,0,5,0,5500.0,2099.37,Mortgage,2,Medium Risk
19,Female,5900.0,491.67,Unemployed,0.0,Associate,Married,3400.0,Debt Consolidation,24.53,36,569.0,0.68,0,5,1,200.0,814.12,Rent,1,High Risk
57,Male,15300.0,1275.0,Retired,36.0,Associate,Married,2700.0,Home Improvement,11.99,60,717.0,0.68,2,1,0,900.0,984.18,Rent,0,High Risk
27,Male,184700.0,15391.67,Employed,4.0,Master,Single,15200.0,Debt Consolidation,14.01,12,633.0,0.07,2,6,1,8900.0,5179.35,Mortgage,4,Medium Risk
70,Female,16100.0,1341.67,Retired,24.0,High School,Single,7800.0,Home Improvement,7.17,12,764.0,0.2,0,3,0,5800.0,1230.28,Mortgage,0,Low Risk
24,Male,12200.0,1016.67,Unemployed,0.0,Master,Married,3000.0,Auto,23.98,36,471.0,0.31,1,3,2,400.0,695.07,Rent,0,High Risk
53,Male,36600.0,3050.0,Retired,16.0,Master,Single,8300.0,Debt Consolidation,12.75,24,720.0,0.24,2,7,0,4800.0,1920.04,Rent,0,Medium Risk
19,Male,6500.0,541.67,Unemployed,0.0,High School,Married,3800.0,Home Improvement,23.46,24,512.0,0.34,0,3,1,700.0,1201.73,Rent,0,High Risk
63,Male,41100.0,3425.0,Employed,27.0,High School,Married,9300.0,Debt Consolidation,18.33,60,596.0,0.41,3,6,0,900.0,1370.1,Mortgage,0,High Risk
41,Male,9500.0,791.67,Unemployed,0.0,High School,Married,3300.0,Auto,14.85,36,623.0,0.59,1,2,2,1300.0,1426.22,Mortgage,0,High Risk
67,Male,24400.0,2033.33,Retired,34.0,Bachelor,Divorced,6700.0,Debt Consolidation,11.21,60,708.0,0.55,2,4,0,400.0,1700.54,Rent,0,High Risk
23,Female,32000.0,2666.67,Employed,1.3,High School,Married,5600.0,Personal,18.56,24,468.0,0.1,0,0,0,1600.0,1478.91,Mortgage,0,Medium Risk
57,Male,50800.0,4233.33,Employed,21.5,Associate,Married,5900.0,Debt Consolidation,10.5,36,712.0,0.15,1,4,0,3400.0,2276.78,Mortgage,0,Medium Risk
72,Male,28500.0,2375.0,Retired,24.0,Associate,Divorced,4000.0,Personal,23.93,24,560.0,0.22,1,4,0,3100.0,1487.49,Mortgage,0,High Risk
41,Female,59300.0,4941.67,Employed,11.4,Associate,Married,22100.0,Auto,19.26,12,505.0,0.16,1,3,1,2400.0,2489.47,Mortgage,0,High Risk
42,Female,23400.0,1950.0,Self-Employed,6.2,High School,Single,9300.0,Personal,10.34,24,693.0,0.12,0,2,0,2800.0,1564.21,Own,0,Medium Risk
38,Male,62900.0,5241.67,Self-Employed,7.9,High School,Married,6500.0,Home Improvement,17.5,36,661.0,0.12,0,7,0,400.0,2774.28,Rent,3,High Risk
73,Female,68200.0,5683.33,Retired,19.0,Master,Divorced,11600.0,Debt Consolidation,14.43,60,735.0,0.09,0,4,0,15200.0,2014.47,Rent,0,Low Risk
73,Male,17600.0,1466.67,Retired,16.0,High School,Single,3300.0,Personal,8.87,12,788.0,0.64,2,3,0,14100.0,911.89,Rent,0,Medium Risk
40,Female,124700.0,10391.67,Self-Employed,3.9,Master,Married,47200.0,Home Improvement,9.42,24,680.0,0.13,2,7,0,8700.0,4570.41,Own,4,Low Risk
36,Female,6400.0,533.33,Unemployed,0.0,Associate,Married,4100.0,Debt Consolidation,22.86,12,534.0,0.33,0,3,1,100.0,1450.17,Own,1,High Risk
25,Male,77400.0,6450.0,Self-Employed,0.9,Associate,Married,9200.0,Education,19.55,60,625.0,0.16,1,5,0,4300.0,2560.56,Rent,1,High Risk
66,Female,89000.0,7416.67,Employed,24.3,Bachelor,Single,24300.0,Debt Consolidation,9.35,12,750.0,0.14,1,1,0,2800.0,3730.32,Mortgage,0,Low Risk
42,Female,79300.0,6608.33,Employed,18.4,Bachelor,Married,27700.0,Debt Consolidation,13.08,60,682.0,0.21,3,4,0,200.0,3497.41,Rent,1,Medium Risk
48,Female,87500.0,7291.67,Employed,7.0,Bachelor,Married,35700.0,Auto,22.42,24,543.0,0.12,1,4,0,24800.0,3060.86,Rent,0,High Risk
29,Female,54200.0,4516.67,Employed,0.5,High School,Married,6400.0,Business,15.86,36,635.0,0.05,0,1,0,3000.0,2656.31,Rent,0,Medium Risk
37,Female,61200.0,5100.0,Employed,2.9,Bachelor,Married,31000.0,Auto,18.41,36,627.0,0.15,0,6,0,4000.0,3667.02,Rent,2,Medium Risk
64,Male,204700.0,17058.33,Self-Employed,36.6,Master,Single,57900.0,Auto,8.79,36,792.0,0.09,1,6,0,28000.0,7452.77,Own,0,Low Risk
52,Female,79000.0,6583.33,Self-Employed,18.4,Bachelor,Married,7100.0,Debt Consolidation,11.98,36,675.0,0.05,0,1,0,6300.0,2089.64,Mortgage,0,Medium Risk
41,Female,81000.0,6750.0,Employed,12.7,Bachelor,Married,5000.0,Debt Consolidation,13.95,36,624.0,0.11,0,6,0,25400.0,2622.68,Own,0,Low Risk
26,Male,35300.0,2941.67,Employed,5.2,Associate,Married,5000.0,Home Improvement,13.73,36,592.0,0.13,0,6,0,4200.0,1884.44,Rent,2,Medium Risk
40,Male,46100.0,3841.67,Employed,11.6,High School,Single,7200.0,Auto,16.87,36,643.0,0.36,4,5,1,100.0,2987.71,Mortgage,1,High Risk
44,Male,76600.0,6383.33,Employed,17.3,Associate,Divorced,24400.0,Education,8.29,24,748.0,0.12,0,5,0,6000.0,3672.22,Mortgage,0,Low Risk
56,Male,129700.0,10808.33,Employed,,Bachelor,Widowed,18100.0,Education,11.43,24,729.0,0.08,1,4,0,3500.0,4723.95,Mortgage,1,Low Risk
34,Male,84800.0,7066.67,Employed,9.3,Bachelor,Single,16200.0,Home Improvement,13.9,60,599.0,0.12,0,7,0,400.0,2778.88,Own,0,Medium Risk
64,Female,102600.0,8550.0,Self-Employed,27.1,Master,Single,2300.0,Debt Consolidation,5.12,60,803.0,0.11,1,6,0,10600.0,3688.5,Mortgage,2,Low Risk
31,Female,135800.0,11316.67,Employed,5.6,Master,Single,19600.0,Education,8.38,36,752.0,0.11,0,3,0,44200.0,5016.65,Mortgage,1,Low Risk
31,Female,204900.0,17075.0,Self-Employed,7.7,Doctorate,Single,36800.0,Debt Consolidation,15.09,24,596.0,0.08,0,7,0,3400.0,6641.36,Own,4,Medium Risk
71,Female,30200.0,2516.67,Retired,15.0,Associate,Married,11500.0,Education,9.56,24,722.0,0.09,0,3,0,1800.0,1528.03,Rent,0,Medium Risk
34,Male,138400.0,11533.33,Employed,7.3,Bachelor,Married,5700.0,Home Improvement,9.33,12,684.0,0.12,2,7,0,16600.0,3911.55,Mortgage,1,Low Risk
51,Female,81700.0,6808.33,Employed,18.8,Bachelor,Single,6500.0,Business,21.63,24,558.0,0.15,1,1,0,32800.0,2145.48,Rent,1,Medium Risk
27,Female,65900.0,5491.67,Employed,4.0,Bachelor,Married,28100.0,Business,19.81,60,617.0,0.07,0,2,0,2000.0,3057.78,Mortgage,2,Medium Risk
49,Female,69400.0,5783.33,Self-Employed,7.3,Bachelor,Married,4700.0,Education,10.22,36,703.0,0.15,1,3,0,1800.0,2620.83,Mortgage,2,Medium Risk
73,Male,12700.0,1058.33,Retired,40.0,High School,Divorced,4800.0,Debt Consolidation,7.95,36,760.0,0.28,0,4,0,2900.0,1846.52,Mortgage,1,Low Risk
21,Female,6300.0,525.0,Unemployed,0.0,Associate,Married,4100.0,Debt Consolidation,14.36,12,581.0,0.44,0,7,1,500.0,1363.84,Rent,1,High Risk
26,Male,107300.0,8941.67,Employed,1.1,Bachelor,Married,35400.0,Debt Consolidation,10.23,36,684.0,0.17,2,6,1,16800.0,4097.86,Mortgage,0,Medium Risk
75,Male,60300.0,5025.0,Retired,20.0,Master,Married,11300.0,Debt Consolidation,11.66,24,683.0,0.09,0,2,0,7400.0,2791.67,Rent,1,Medium Risk
21,Female,70500.0,5875.0,Employed,0.7,Associate,Divorced,4200.0,Home Improvement,23.37,12,508.0,0.13,1,1,0,,3712.74,Rent,0,High Risk
33,Male,131500.0,10958.33,Employed,9.5,Bachelor,Divorced,10700.0,Debt Consolidation,25.52,60,462.0,0.07,0,1,0,7300.0,4013.8,Mortgage,3,High Risk
58,Male,57600.0,4800.0,Self-Employed,20.3,Associate,Single,3800.0,Business,8.42,12,774.0,0.13,0,6,0,8800.0,1837.7,Mortgage,0,Low Risk
23,Female,50800.0,4233.33,Employed,3.0,High School,Widowed,12200.0,Home Improvement,7.12,36,755.0,0.16,1,4,0,19700.0,1680.99,Rent,0,Low Risk
23,Female,54000.0,4500.0,Employed,1.4,Bachelor,Married,5600.0,Home Improvement,17.98,36,657.0,0.09,0,3,0,5400.0,1967.65,Rent,0,Medium Risk
50,Male,14100.0,1175.0,Unemployed,0.0,Bachelor,Single,2700.0,Auto,12.78,24,681.0,0.28,1,1,0,3900.0,2244.05,Rent,2,Medium Risk
68,Male,42000.0,3500.0,Employed,7.1,High School,Widowed,4400.0,Personal,17.28,36,642.0,0.19,1,7,0,1100.0,2372.41,Mortgage,1,Medium Risk
65,Female,52600.0,4383.33,Employed,12.1,High School,Married,6300.0,Education,9.38,24,779.0,0.19,0,8,0,20000.0,2219.82,Rent,0,Low Risk
48,Female,34700.0,2891.67,Employed,18.1,High School,Single,2300.0,Debt Consolidation,10.82,60,703.0,0.17,1,2,0,900.0,2101.92,Mortgage,1,Low Risk
70,Male,50300.0,4191.67,Retired,27.0,Bachelor,Single,3500.0,Home Improvement,15.84,12,648.0,0.14,1,2,1,25800.0,2980.36,Rent,1,High Risk
55,Female,43300.0,3608.33,Employed,2.6,High School,Single,11800.0,Education,17.87,12,586.0,0.09,0,3,0,1800.0,3243.49,Own,2,Medium Risk
52,Female,244600.0,20383.33,Employed,19.1,Doctorate,Single,107300.0,Education,16.07,24,661.0,0.1,0,6,0,25100.0,9606.86,Own,0,Medium Risk
49,Male,87000.0,7250.0,Employed,17.2,Bachelor,Married,17400.0,Auto,16.48,60,598.0,0.22,4,4,0,11300.0,3438.37,Rent,3,Medium Risk
42,Male,105800.0,8816.67,Employed,16.8,Bachelor,Single,19300.0,Auto,19.28,36,571.0,0.16,1,7,1,19900.0,4890.92,Rent,1,High Risk
49,Female,73100.0,6091.67,Self-Employed,30.3,Associate,Divorced,38000.0,Debt Consolidation,9.3,24,742.0,0.17,1,6,0,1700.0,3696.8,Mortgage,1,Low Risk
59,Male,131800.0,10983.33,Employed,25.3,Bachelor,Single,14000.0,Business,6.34,36,790.0,0.08,0,4,1,72700.0,5524.64,Rent,1,Low Risk
54,Female,199400.0,16616.67,Employed,9.8,Doctorate,Married,36300.0,Auto,5.02,36,817.0,0.11,1,7,0,25700.0,5662.46,Own,1,Low Risk
19,Female,14300.0,1191.67,Unemployed,0.0,Master,Married,4800.0,Debt Consolidation,23.63,36,516.0,0.39,0,7,1,200.0,1319.28,Rent,1,High Risk
62,Female,40300.0,3358.33,Employed,24.8,Associate,Single,18000.0,Personal,11.44,36,716.0,0.11,0,1,0,700.0,2305.37,Mortgage,1,Medium Risk
33,Male,38200.0,3183.33,Self-Employed,9.4,High School,Married,7300.0,Debt Consolidation,20.32,36,518.0,0.24,2,2,1,500.0,2267.66,Mortgage,0,High Risk
58,Female,117300.0,9775.0,Employed,29.7,Bachelor,Divorced,26600.0,Education,16.76,24,649.0,0.06,0,3,0,21300.0,3518.76,Rent,0,Medium Risk
49,Female,89800.0,7483.33,Self-Employed,20.2,Associate,Married,10200.0,Home Improvement,13.57,24,600.0,0.09,1,2,0,,4352.24,Mortgage,3,Medium Risk
26,Female,28600.0,2383.33,Employed,5.9,High School,Married,5400.0,Debt Consolidation,6.75,24,773.0,0.45,2,4,0,4900.0,1933.64,Rent,4,Low Risk
44,Female,6300.0,525.0,Unemployed,0.0,Bachelor,Married,2000.0,Business,23.35,24,519.0,0.45,0,6,0,300.0,1370.55,Own,1,High Risk
54,Female,59200.0,4933.33,Employed,14.6,Bachelor,Married,14600.0,Education,17.81,36,640.0,0.26,3,1,0,25200.0,1517.79,Mortgage,0,Medium Risk
73,Female,28600.0,2383.33,Retired,28.0,Bachelor,Married,7500.0,Personal,6.36,24,817.0,0.46,2,5,0,2700.0,1242.84,Mortgage,1,Low Risk
38,Male,37600.0,3133.33,Employed,18.6,High School,Single,2500.0,Home Improvement,14.33,12,670.0,0.47,3,2,1,17300.0,1868.81,Own,1,Medium Risk
38,Female,61900.0,5158.33,Employed,11.9,High School,Single,9800.0,Auto,15.96,12,623.0,0.17,2,1,0,5100.0,2066.08,Own,1,Medium Risk
54,Male,64300.0,5358.33,Employed,34.5,High School,Widowed,7600.0,Home Improvement,8.39,60,757.0,0.21,1,10,0,,2825.86,Mortgage,2,Low Risk
42,Female,118700.0,9891.67,Self-Employed,21.5,Bachelor,Married,9000.0,Debt Consolidation,18.81,36,555.0,0.12,0,4,1,25900.0,3318.26,Own,2,High Risk
47,Male,133000.0,11083.33,Employed,18.9,Bachelor,Married,29400.0,Home Improvement,9.23,24,708.0,0.05,0,4,0,22500.0,3631.99,Own,2,Low Risk
72,Male,67800.0,5650.0,Retired,38.0,Master,Married,22500.0,Education,16.53,36,661.0,0.13,1,4,0,3100.0,3300.59,Mortgage,0,Medium Risk
22,Female,27100.0,2258.33,Employed,1.4,High School,Divorced,3500.0,Personal,20.7,36,555.0,0.23,1,4,0,2500.0,1631.08,Rent,0,High Risk
28,Female,37800.0,3150.0,Self-Employed,7.2,High School,Married,2600.0,Home Improvement,15.74,24,633.0,0.28,1,7,0,4800.0,2049.9,Mortgage,2,Medium Risk
24,Male,130400.0,10866.67,Self-Employed,5.7,Bachelor,Divorced,61500.0,Home Improvement,9.13,36,701.0,0.05,0,2,0,3800.0,3121.37,Rent,1,Medium Risk
59,Male,121900.0,10158.33,Employed,28.6,Bachelor,Single,19200.0,Personal,6.17,36,747.0,0.08,1,2,0,72600.0,5121.58,Mortgage,0,Low Risk
36,Female,77500.0,6458.33,Self-Employed,17.5,Associate,Divorced,9200.0,Debt Consolidation,8.13,36,792.0,0.16,1,3,0,24200.0,2662.7,Rent,0,Low Risk
39,Female,188400.0,15700.0,Self-Employed,17.7,Master,Single,21900.0,Debt Consolidation,23.32,36,562.0,0.1,1,7,0,7700.0,6000.58,Mortgage,0,High Risk
46,Male,125900.0,10491.67,Self-Employed,21.3,Bachelor,Married,62100.0,Debt Consolidation,8.17,12,793.0,0.11,0,6,0,36800.0,5389.7,Own,0,Low Risk
30,Male,121800.0,10150.0,Employed,6.8,Master,Widowed,17500.0,Debt Consolidation,14.52,12,626.0,0.1,2,4,1,300.0,4702.13,Mortgage,0,High Risk
71,Female,29000.0,2416.67,Retired,20.0,Bachelor,Divorced,2600.0,Home Improvement,10.24,36,727.0,0.11,0,1,0,2700.0,1684.19,Rent,1,Low Risk
26,Female,47200.0,3933.33,Employed,6.3,High School,Single,3800.0,Auto,15.05,60,674.0,0.15,1,1,0,13400.0,2742.87,Mortgage,1,Low Risk
35,Male,161400.0,13450.0,Employed,8.4,Master,Married,49600.0,Auto,13.26,12,,0.1,1,5,0,3200.0,4343.15,Rent,0,Medium Risk
47,Female,64500.0,5375.0,Employed,2.5,High School,Single,8300.0,Debt Consolidation,15.12,24,629.0,0.12,1,3,0,12000.0,3341.5,Own,2,Low Risk
67,Female,36000.0,3000.0,Retired,38.0,Bachelor,Married,3500.0,Education,9.77,36,701.0,0.12,0,2,0,3300.0,1734.02,Rent,0,Medium Risk
75,Non-Binary,35400.0,2950.0,Retired,34.0,Bachelor,Widowed,2500.0,Debt Consolidation,16.46,36,644.0,0.21,1,2,1,9000.0,2125.86,Rent,0,High Risk
68,Male,33100.0,2758.33,Retired,19.0,Bachelor,Single,10100.0,Home Improvement,11.24,36,707.0,0.22,2,2,0,500.0,1973.39,Mortgage,0,Medium Risk
50,Female,187500.0,15625.0,Employed,19.8,Master,Single,40100.0,Education,10.83,36,716.0,0.13,2,1,0,71600.0,5397.68,Rent,2,Low Risk
51,Male,219200.0,18266.67,Employed,,Master,Married,45000.0,Debt Consolidation,8.88,24,776.0,,3,8,0,102100.0,8772.76,Mortgage,0,Low Risk
60,Female,96700.0,8058.33,Employed,30.4,Bachelor,Married,9100.0,Auto,13.09,60,706.0,0.14,2,3,0,8100.0,2244.07,Mortgage,0,Low Risk
42,Female,136800.0,11400.0,Employed,7.8,Master,Divorced,17300.0,Debt Consolidation,5.95,24,850.0,0.06,0,4,0,27300.0,4055.7,Own,0,Low Risk
60,Female,133200.0,11100.0,Employed,11.2,Bachelor,Single,22200.0,Home Improvement,5.92,60,805.0,0.19,3,6,0,50000.0,5595.03,Own,0,Low Risk
64,Female,131800.0,10983.33,Self-Employed,5.3,Master,Married,7300.0,Home Improvement,13.56,24,664.0,0.09,0,1,0,8800.0,4586.35,Rent,0,Medium Risk
34,Male,52400.0,4366.67,Employed,13.4,High School,Married,15400.0,Debt Consolidation,13.49,36,585.0,0.14,1,4,0,1600.0,2158.74,Mortgage,2,Medium Risk
22,Female,126100.0,10508.33,Employed,0.6,Bachelor,Widowed,20400.0,Home Improvement,14.63,12,595.0,0.05,0,6,0,3300.0,4647.1,Rent,2,Medium Risk
69,Male,38000.0,3166.67,Retired,37.0,Bachelor,Single,3800.0,Home Improvement,8.08,12,754.0,0.29,1,6,0,7900.0,2150.29,Mortgage,0,Low Risk
66,Female,52600.0,4383.33,Self-Employed,12.8,Bachelor,Married,13500.0,Home Improvement,7.33,24,794.0,0.18,1,6,0,28300.0,3153.71,Mortgage,1,Low Risk
66,Female,141900.0,11825.0,Employed,44.9,Master,Divorced,33500.0,Business,19.81,60,634.0,0.16,2,4,0,36900.0,5627.51,Mortgage,0,Low Risk
28,Male,110000.0,9166.67,Employed,9.6,Master,Married,13000.0,Debt Consolidation,20.02,60,512.0,0.17,3,2,0,600.0,2759.84,Mortgage,0,Medium Risk
62,Female,137600.0,11466.67,Employed,42.3,Master,Single,44400.0,Debt Consolidation,5.07,36,850.0,0.12,1,7,0,14900.0,4073.52,Mortgage,0,Low Risk
64,Male,52300.0,4358.33,Employed,5.0,Associate,Married,3600.0,Business,10.72,36,672.0,0.19,1,2,0,1400.0,1543.88,Rent,0,Medium Risk
45,Female,9500.0,791.67,Unemployed,0.0,Bachelor,Married,2500.0,Auto,12.92,36,674.0,0.7,1,6,0,0.0,1859.63,Mortgage,2,High Risk
69,Female,40300.0,3358.33,Retired,42.0,Bachelor,Married,5400.0,Debt Consolidation,9.29,36,762.0,0.17,1,4,0,19400.0,1272.36,Mortgage,0,Low Risk
43,Female,174400.0,14533.33,Employed,20.1,Master,Single,26000.0,Personal,9.18,12,770.0,0.07,1,3,0,43600.0,4348.27,Rent,1,Low Risk
23,Female,116300.0,9691.67,Employed,1.8,Bachelor,Widowed,9700.0,Home Improvement,18.51,36,577.0,0.1,1,1,0,29800.0,3729.21,Rent,0,Medium Risk
25,Female,50800.0,4233.33,Employed,0.6,Bachelor,Divorced,23900.0,Personal,17.01,60,664.0,0.19,1,5,0,5600.0,2201.99,Rent,1,Medium Risk
40,Non-Binary,50000.0,4166.67,Employed,18.7,High School,Divorced,26400.0,Personal,16.78,24,589.0,0.21,1,6,1,500.0,2423.76,Rent,1,High Risk
45,Female,159300.0,13275.0,Employed,26.4,Bachelor,Widowed,33500.0,Personal,13.23,36,711.0,0.05,0,2,1,9900.0,5009.97,Mortgage,0,Medium Risk
44,Female,50100.0,4175.0,Self-Employed,11.4,High School,Single,20700.0,Education,14.73,36,611.0,0.12,0,4,0,34300.0,2671.76,Mortgage,2,Medium Risk
53,Female,47900.0,3991.67,Employed,9.2,High School,Divorced,5600.0,Home Improvement,11.18,24,694.0,0.14,1,2,0,6900.0,2392.59,Mortgage,1,Low Risk
53,Female,151100.0,12591.67,Employed,,Bachelor,Married,15800.0,Debt Consolidation,17.43,12,598.0,0.05,0,1,0,800.0,5653.88,Mortgage,0,Medium Risk
37,Female,79800.0,6650.0,Employed,0.7,Master,Married,6400.0,Debt Consolidation,19.63,36,550.0,0.14,0,7,3,7900.0,3001.38,Rent,2,High Risk
60,Female,76900.0,6408.33,Employed,35.8,Associate,Married,13900.0,Debt Consolidation,7.52,12,785.0,0.07,1,3,0,26300.0,2626.58,Rent,1,Low Risk
31,Female,144100.0,12008.33,Employed,10.2,Bachelor,Widowed,13000.0,Debt Consolidation,7.71,24,762.0,0.06,0,3,0,67100.0,4669.42,Rent,1,Low Risk
62,Female,85500.0,7125.0,Employed,10.9,Associate,Married,3700.0,Personal,9.07,36,727.0,0.13,1,5,0,,2573.25,Mortgage,0,Low Risk
75,Female,41800.0,3483.33,Retired,19.0,Bachelor,Divorced,4600.0,Debt Consolidation,5.35,24,810.0,,0,8,0,11600.0,3018.44,Mortgage,2,Low Risk
64,Female,5400.0,450.0,Unemployed,0.0,Bachelor,Divorced,4700.0,Education,9.18,24,768.0,0.7,1,6,0,1300.0,1052.26,Mortgage,0,High Risk
52,Male,48500.0,4041.67,Employed,12.7,High School,Married,11500.0,Personal,11.47,24,738.0,0.11,0,5,0,2700.0,2532.36,Own,2,Low Risk
75,Male,34500.0,2875.0,Retired,37.0,Master,Married,3400.0,Education,14.84,12,625.0,0.23,1,2,0,200.0,2497.91,Mortgage,1,High Risk
34,Female,211300.0,17608.33,Employed,4.4,Doctorate,Married,30400.0,Education,9.83,36,677.0,0.06,0,1,0,400.0,4562.55,Mortgage,1,Medium Risk
40,Male,118400.0,9866.67,Employed,0.9,Bachelor,Divorced,20100.0,Debt Consolidation,23.57,60,550.0,0.05,0,3,0,1600.0,5668.17,Mortgage,3,High Risk
74,Male,35500.0,2958.33,Retired,34.0,Master,Married,6600.0,Home Improvement,8.65,36,795.0,0.1,0,9,0,10300.0,1539.43,Mortgage,0,Low Risk
68,Female,62100.0,5175.0,Retired,33.0,Master,Married,14200.0,Personal,10.21,60,757.0,0.14,1,4,0,32000.0,2516.46,Mortgage,0,Low Risk
71,Female,24800.0,2066.67,Retired,15.0,Associate,Married,5900.0,Debt Consolidation,12.79,60,695.0,0.13,0,3,0,300.0,986.32,Rent,0,Medium Risk
42,Non-Binary,62700.0,5225.0,Employed,20.9,High School,Married,13600.0,Home Improvement,10.23,60,687.0,0.09,0,2,0,12200.0,2600.79,Rent,0,Medium Risk
46,Male,7500.0,625.0,Unemployed,0.0,Bachelor,Married,4600.0,Education,15.92,36,656.0,0.25,0,2,0,3600.0,1936.81,Rent,3,High Risk
30,Female,75300.0,6275.0,Employed,4.4,Master,Married,3800.0,Auto,12.71,36,692.0,0.08,0,2,0,5400.0,3041.06,Rent,2,Low Risk
56,Male,8900.0,741.67,Unemployed,0.0,Master,Single,2900.0,Debt Consolidation,22.43,60,536.0,0.56,1,2,1,100.0,1268.62,Rent,1,High Risk
67,Female,30400.0,2533.33,Retired,36.0,Master,Single,2100.0,Home Improvement,14.61,24,649.0,0.3,1,6,2,,1890.52,Mortgage,1,High Risk
37,Female,42300.0,3525.0,Employed,11.9,Associate,Married,10000.0,Business,15.36,12,588.0,0.15,1,7,0,2400.0,2468.88,Mortgage,2,Medium Risk
68,Female,53100.0,4425.0,Retired,22.0,Bachelor,Divorced,20800.0,Business,6.76,60,850.0,0.17,1,4,0,30600.0,3082.12,Mortgage,1,Low Risk
22,Male,76900.0,6408.33,Employed,1.4,Bachelor,Married,10700.0,Education,11.18,60,730.0,0.08,1,6,0,500.0,2585.46,Rent,0,Medium Risk
46,Male,129600.0,10800.0,Employed,20.7,Bachelor,Married,7400.0,Home Improvement,14.69,60,739.0,0.1,0,1,0,1500.0,4798.33,Own,1,Low Risk
25,Female,10000.0,833.33,Unemployed,0.0,Doctorate,Single,4700.0,Debt Consolidation,22.37,36,502.0,0.7,2,4,2,400.0,1351.64,Rent,1,High Risk
70,Female,7000.0,583.33,Unemployed,0.0,High School,Single,3500.0,Education,12.91,60,676.0,0.7,1,6,3,800.0,890.59,Own,0,High Risk
30,Male,66500.0,5541.67,Self-Employed,5.0,Associate,Single,20800.0,Debt Consolidation,12.17,60,696.0,0.17,2,4,0,2100.0,3563.63,Own,3,Medium Risk
56,Female,37900.0,3158.33,Employed,5.8,High School,Married,7000.0,Debt Consolidation,12.37,36,722.0,0.15,1,3,0,2300.0,1791.83,Mortgage,0,Low Risk
54,Male,145200.0,12100.0,Employed,19.2,Bachelor,Married,3800.0,Auto,13.77,60,706.0,0.11,1,2,0,16600.0,6219.65,Own,2,Low Risk
69,Male,28200.0,2350.0,Retired,33.0,Master,Single,3700.0,Home Improvement,13.33,60,682.0,0.21,1,1,0,200.0,1539.31,Own,0,Medium Risk
27,Female,14300.0,1191.67,Unemployed,0.0,High School,Single,4400.0,Debt Consolidation,23.13,36,535.0,0.2,0,3,1,800.0,1509.12,Rent,0,High Risk
46,Male,164200.0,13683.33,Self-Employed,7.1,Bachelor,Married,65400.0,Auto,17.26,12,662.0,0.1,0,2,0,1800.0,5601.89,Mortgage,0,High Risk
27,Male,98100.0,8175.0,Employed,5.4,Bachelor,Single,4400.0,Education,13.42,24,701.0,0.12,1,7,1,55400.0,2415.86,Mortgage,0,Medium Risk
23,Female,263700.0,21975.0,Employed,1.3,Doctorate,Widowed,53100.0,Home Improvement,10.24,12,730.0,0.09,2,4,0,83400.0,9266.85,Rent,0,Low Risk
40,Female,58800.0,4900.0,Self-Employed,3.1,Bachelor,Married,6900.0,Education,18.89,60,574.0,0.1,0,5,0,11300.0,2121.85,Rent,0,Medium Risk
29,Male,115900.0,9658.33,Employed,8.5,Bachelor,Married,24200.0,Debt Consolidation,24.81,60,528.0,0.13,2,5,1,8100.0,5227.83,Mortgage,2,High Risk
23,Male,52100.0,4341.67,Employed,4.2,High School,Married,19500.0,Business,22.8,24,566.0,0.44,5,2,1,33800.0,2256.68,Rent,0,High Risk
18,Female,10400.0,866.67,Unemployed,0.0,Bachelor,Married,3400.0,Personal,21.51,24,527.0,0.45,0,7,0,800.0,838.02,Rent,0,High Risk
37,Male,65100.0,5425.0,Employed,5.4,High School,Married,2700.0,Home Improvement,13.27,36,609.0,0.12,0,4,1,8200.0,2383.82,Rent,1,Medium Risk
71,Male,128500.0,10708.33,Self-Employed,14.2,Bachelor,Widowed,13500.0,Home Improvement,7.42,36,789.0,0.07,0,10,0,13600.0,3435.1,Own,0,Low Risk
62,Male,57400.0,4783.33,Employed,3.4,Bachelor,Divorced,6400.0,Home Improvement,8.34,60,773.0,0.27,1,9,0,15300.0,2568.99,Mortgage,0,Low Risk
45,Male,198800.0,16566.67,Employed,6.5,Master,Married,14900.0,Home Improvement,9.7,24,731.0,0.05,0,2,0,29600.0,4993.61,Mortgage,3,Low Risk
52,Female,99300.0,8275.0,Self-Employed,16.8,Bachelor,Single,21000.0,Home Improvement,7.71,60,768.0,0.12,0,5,0,62000.0,3479.83,Rent,2,Low Risk
20,Female,62300.0,5191.67,Employed,1.0,Bachelor,Widowed,22000.0,Home Improvement,24.97,36,553.0,0.05,0,2,0,4900.0,2596.65,Rent,0,Medium Risk
53,Female,98500.0,8208.33,Employed,24.2,Master,Married,52300.0,Debt Consolidation,9.75,36,714.0,0.08,0,4,0,28200.0,4556.48,Mortgage,3,Low Risk
34,Male,8000.0,666.67,Retired,15.0,High School,Divorced,2800.0,Auto,24.2,24,537.0,0.34,1,1,1,600.0,1172.82,Mortgage,0,High Risk
61,Male,106400.0,8866.67,Self-Employed,38.3,Bachelor,Single,18100.0,Debt Consolidation,11.76,24,698.0,0.12,0,6,1,18300.0,4677.86,Mortgage,0,Medium Risk
67,Female,63500.0,5291.67,Retired,36.0,Master,Widowed,2900.0,Business,11.48,36,698.0,0.12,0,6,0,22400.0,3147.27,Rent,1,Low Risk
58,Male,47600.0,3966.67,Employed,14.0,High School,Divorced,12600.0,Education,9.4,36,701.0,0.14,0,5,0,5100.0,2445.99,Mortgage,0,Low Risk
43,Female,55100.0,4591.67,Employed,11.8,High School,Divorced,11400.0,Debt Consolidation,12.42,36,705.0,0.12,0,7,0,31600.0,2691.51,Mortgage,1,Low Risk
34,Male,26600.0,2216.67,Employed,11.2,High School,Married,3500.0,Auto,11.24,36,700.0,0.16,0,6,0,4400.0,1736.57,Own,1,Low Risk
38,Female,93000.0,7750.0,Employed,13.1,Associate,Married,5400.0,Debt Consolidation,8.95,60,795.0,0.29,3,10,0,45500.0,4923.51,Mortgage,2,Low Risk
75,Male,93300.0,7775.0,Retired,31.0,Doctorate,Married,21600.0,Business,8.37,36,742.0,0.16,2,4,0,9900.0,4153.97,Mortgage,0,Low Risk
26,Female,38700.0,3225.0,Employed,5.3,High School,Divorced,6100.0,Business,15.94,36,650.0,0.09,0,7,1,5900.0,1853.33,Mortgage,1,High Risk
43,Non-Binary,236000.0,19666.67,Employed,0.9,Doctorate,Single,32100.0,Debt Consolidation,7.99,12,761.0,0.06,0,3,0,125300.0,5500.47,Rent,2,Low Risk
57,Female,102200.0,8516.67,Self-Employed,16.4,Bachelor,Single,20300.0,Personal,12.85,36,708.0,0.09,1,3,0,27500.0,4008.95,Own,0,Low Risk
68,Female,55200.0,4600.0,Retired,17.0,Bachelor,Single,7600.0,Education,8.01,36,748.0,0.41,5,1,0,12900.0,1893.78,Mortgage,0,Low Risk
23,Male,48200.0,4016.67,Employed,1.8,High School,Single,2200.0,Business,23.98,24,469.0,0.22,2,3,1,12000.0,2251.17,Rent,0,High Risk
57,Female,229100.0,19091.67,Employed,3.3,Doctorate,Married,60500.0,Personal,9.93,36,722.0,0.11,1,2,0,69300.0,8000.63,Mortgage,1,Low Risk
28,Female,72100.0,6008.33,Employed,,Associate,Single,3700.0,Home Improvement,15.13,12,613.0,0.09,1,7,0,31200.0,3532.1,Rent,1,Medium Risk
72,Male,9800.0,816.67,Retired,42.0,High School,Married,3900.0,Debt Consolidation,11.17,12,714.0,0.7,2,3,1,2200.0,1395.35,Rent,0,High Risk
41,Male,164200.0,13683.33,Employed,11.4,Bachelor,Single,49700.0,Debt Consolidation,17.46,60,595.0,0.11,0,5,3,2300.0,4648.24,Mortgage,0,High Risk
68,Female,71800.0,5983.33,Retired,31.0,Master,Divorced,3100.0,Auto,7.72,12,792.0,0.19,1,8,0,15100.0,3373.46,Rent,0,Low Risk
62,Male,167800.0,13983.33,Employed,43.4,Master,Divorced,13700.0,Home Improvement,9.49,24,679.0,0.13,2,7,0,3900.0,4478.83,Rent,0,Low Risk
35,Female,59400.0,4950.0,Employed,6.3,Bachelor,Divorced,10600.0,Education,15.26,60,651.0,0.11,1,1,0,16100.0,2312.81,Rent,0,Medium Risk
64,Male,50500.0,4208.33,Employed,14.9,High School,Single,5100.0,Debt Consolidation,17.24,60,655.0,0.17,1,2,0,7100.0,2399.81,Mortgage,0,Low Risk
43,Male,84900.0,7075.0,Employed,15.9,Bachelor,Single,2900.0,Home Improvement,10.46,60,694.0,0.13,0,6,0,12200.0,3526.58,Rent,0,Low Risk
74,Female,7500.0,625.0,Retired,26.0,High School,Widowed,3900.0,Debt Consolidation,16.61,60,618.0,0.14,0,1,1,200.0,696.15,Own,0,High Risk
55,Male,100000.0,8333.33,Retired,16.0,Doctorate,Married,6500.0,Debt Consolidation,15.83,36,668.0,0.11,0,6,0,17000.0,5066.33,Rent,3,Medium Risk
46,Female,160800.0,13400.0,Employed,9.9,Bachelor,Married,3200.0,Home Improvement,22.78,12,551.0,0.09,1,3,0,20100.0,5639.5,Rent,2,Medium Risk
29,Male,137300.0,11441.67,Employed,1.5,Master,Widowed,19300.0,Home Improvement,23.07,36,518.0,0.08,0,3,1,20400.0,4885.02,Own,0,Medium Risk
18,Male,81000.0,6750.0,Self-Employed,0.0,Bachelor,Married,12000.0,Education,19.85,60,650.0,0.14,1,3,0,18700.0,2164.01,Rent,0,Medium Risk
58,Female,14500.0,1208.33,Unemployed,0.0,Bachelor,Widowed,4200.0,Home Improvement,19.29,60,664.0,0.3,1,3,0,4800.0,1185.55,Rent,0,High Risk
34,Male,62100.0,5175.0,Employed,13.6,High School,Married,8200.0,Education,18.0,36,593.0,0.12,0,5,0,2700.0,1827.94,Rent,0,Medium Risk
49,Female,29600.0,2466.67,Employed,4.3,High School,Married,6100.0,Education,6.56,12,796.0,0.28,1,8,0,11100.0,1809.47,Mortgage,0,Low Risk
55,Male,140100.0,11675.0,Employed,3.8,Bachelor,Married,56800.0,Auto,13.36,36,697.0,0.09,0,2,0,17300.0,5013.05,Mortgage,0,Low Risk
20,Female,13400.0,1116.67,Unemployed,0.0,Bachelor,Widowed,4500.0,Home Improvement,24.66,36,558.0,0.7,2,3,0,3100.0,1260.99,Rent,1,High Risk
33,Female,150000.0,12500.0,Employed,12.6,Bachelor,Divorced,36400.0,Personal,13.46,36,658.0,0.1,0,7,0,26700.0,3892.32,Own,0,Medium Risk
49,Male,107200.0,8933.33,Employed,29.2,Bachelor,Divorced,13600.0,Auto,12.51,60,715.0,0.07,1,3,0,38900.0,5032.16,Mortgage,1,Low Risk
46,Female,78200.0,6516.67,Employed,8.6,Associate,Married,39500.0,Home Improvement,17.34,36,666.0,0.08,0,1,0,1300.0,2767.36,Rent,1,Medium Risk
58,Female,61100.0,5091.67,Employed,4.3,High School,Single,3500.0,Business,12.79,12,709.0,0.22,1,7,0,,2357.89,Mortgage,0,Low Risk
31,Male,111400.0,9283.33,Employed,9.1,Master,Single,14000.0,Business,10.73,24,704.0,0.18,2,7,0,10600.0,4036.04,Own,1,Low Risk
32,Male,10300.0,858.33,Unemployed,0.0,Associate,Single,2800.0,Debt Consolidation,21.18,36,441.0,0.13,0,2,1,300.0,1268.06,Own,1,High Risk
28,Male,29800.0,2483.33,Employed,4.3,High School,Single,4400.0,Home Improvement,15.78,36,586.0,,1,5,0,1600.0,2008.77,Own,0,Medium Risk
45,Female,96300.0,8025.0,Employed,8.5,Associate,Married,3200.0,Home Improvement,13.68,60,653.0,0.11,1,3,0,300.0,4620.53,Mortgage,3,Medium Risk
63,Female,50600.0,4216.67,Employed,34.1,Associate,Single,3000.0,Debt Consolidation,17.54,60,660.0,0.2,2,6,0,10200.0,2293.32,Rent,0,Medium Risk
43,Male,172900.0,14408.33,Employed,6.9,Master,Married,26100.0,Home Improvement,10.06,60,694.0,0.08,0,3,0,1400.0,4599.43,Mortgage,2,Medium Risk
19,Female,31000.0,2583.33,Self-Employed,1.0,High School,Married,2900.0,Home Improvement,14.7,12,645.0,0.38,3,5,0,16800.0,1766.41,Rent,0,Medium Risk
52,Male,163900.0,13658.33,Employed,6.7,Bachelor,Divorced,11700.0,Auto,18.49,60,657.0,0.08,1,4,0,1100.0,5041.37,Mortgage,1,Medium Risk
43,Female,92300.0,7691.67,Employed,16.3,Bachelor,Widowed,34800.0,Debt Consolidation,8.64,24,795.0,0.14,1,7,0,26200.0,3299.2,Mortgage,0,Low Risk
24,Male,95100.0,7925.0,Employed,0.8,Bachelor,Single,5300.0,Debt Consolidation,19.05,12,514.0,0.05,0,3,1,3700.0,3221.12,Mortgage,1,High Risk
64,Male,6700.0,558.33,Unemployed,0.0,Bachelor,Married,2700.0,Home Improvement,22.07,36,531.0,0.46,0,5,1,200.0,922.54,Rent,0,High Risk
64,Female,21700.0,1808.33,Employed,9.5,High School,Married,2300.0,Auto,6.46,12,770.0,0.15,0,6,0,7700.0,1297.19,Own,1,Low Risk
69,Female,21100.0,1758.33,Retired,40.0,Bachelor,Divorced,3600.0,Debt Consolidation,6.86,12,767.0,0.2,1,3,0,9200.0,1363.71,Own,0,Low Risk
53,Female,89600.0,7466.67,Employed,3.7,Bachelor,Married,14200.0,Home Improvement,11.31,24,677.0,0.1,0,4,0,800.0,4573.86,Rent,2,Medium Risk
25,Female,131900.0,10991.67,Employed,0.8,Doctorate,Single,12800.0,Debt Consolidation,15.21,60,732.0,0.1,0,6,0,15900.0,5628.92,Rent,2,Low Risk
59,Female,27600.0,2300.0,Retired,40.0,Bachelor,Divorced,2600.0,Education,8.58,36,754.0,0.24,1,10,0,7200.0,1525.05,Rent,0,Low Risk
75,Male,7800.0,650.0,Retired,24.0,High School,Married,4000.0,Education,13.15,24,625.0,0.27,0,3,0,400.0,1309.62,Rent,0,High Risk
61,Male,41300.0,3441.67,Employed,32.9,High School,Single,15800.0,Home Improvement,16.94,12,653.0,0.49,3,6,0,9400.0,1653.48,Rent,1,High Risk
20,Female,35900.0,2991.67,Self-Employed,1.1,High School,Divorced,2000.0,Business,23.02,24,531.0,0.18,1,1,3,1000.0,1746.87,Mortgage,0,High Risk
68,Non-Binary,9200.0,766.67,Retired,29.0,High School,Divorced,4600.0,Debt Consolidation,18.41,36,662.0,0.7,1,7,0,1400.0,1400.34,Mortgage,0,High Risk
40,Non-Binary,61500.0,5125.0,Employed,13.4,High School,Single,13800.0,Debt Consolidation,16.27,24,587.0,0.13,0,7,0,200.0,3765.16,Rent,4,High Risk
46,Male,25800.0,2150.0,Employed,,High School,Single,8000.0,Debt Consolidation,13.41,24,641.0,0.29,0,7,1,3800.0,1807.57,Rent,2,High Risk
33,Female,8000.0,666.67,Unemployed,0.0,Associate,Divorced,2500.0,Debt Consolidation,22.38,36,571.0,0.31,0,3,0,400.0,1653.09,Mortgage,2,High Risk
58,Female,12000.0,1000.0,Unemployed,0.0,Bachelor,Single,4800.0,Auto,15.83,60,659.0,0.7,1,7,0,1100.0,885.34,Rent,0,High Risk
48,Female,220500.0,18375.0,Employed,24.4,Master,Single,39000.0,Personal,9.56,12,679.0,0.05,0,3,0,33400.0,6643.21,Mortgage,0,Low Risk
50,Male,61900.0,5158.33,Employed,29.7,Bachelor,Single,12500.0,Home Improvement,19.34,60,657.0,0.09,0,2,0,800.0,2062.74,Rent,0,Medium Risk
71,Female,29300.0,2441.67,Retired,35.0,Bachelor,Single,3400.0,Auto,11.39,36,672.0,,1,1,0,2200.0,1249.51,Rent,0,Medium Risk
32,Male,168900.0,14075.0,Employed,12.7,Master,Single,14700.0,Education,12.31,24,677.0,0.19,3,7,0,20400.0,5851.74,Rent,0,Low Risk
36,Male,11100.0,925.0,Unemployed,0.0,Master,Married,4600.0,Home Improvement,22.08,36,562.0,0.65,1,6,0,500.0,2620.84,Rent,4,High Risk
56,Female,113000.0,9416.67,Employed,23.9,Bachelor,Married,36500.0,Personal,15.67,24,597.0,0.11,2,3,0,20300.0,4456.66,Own,0,Medium Risk
27,Male,72800.0,6066.67,Self-Employed,3.7,Associate,Married,24000.0,Home Improvement,12.44,36,698.0,0.08,0,2,0,36500.0,3295.4,Mortgage,0,Low Risk
57,Male,13900.0,1158.33,Unemployed,0.0,Associate,Single,4300.0,Education,15.1,36,654.0,0.37,0,7,0,800.0,1199.56,Mortgage,0,High Risk
59,Male,55100.0,4591.67,Employed,4.4,Associate,Married,13000.0,Debt Consolidation,10.74,12,733.0,0.05,0,2,0,11900.0,2607.62,Rent,0,Low Risk
41,Female,53600.0,4466.67,Employed,9.2,High School,Single,7500.0,Home Improvement,8.58,12,763.0,0.17,0,7,0,14400.0,1976.63,Mortgage,0,Low Risk
28,Female,274200.0,22850.0,Employed,1.0,Doctorate,Married,48600.0,Debt Consolidation,15.85,60,,0.08,0,1,0,68700.0,8514.6,Own,2,Low Risk
54,Female,62900.0,5241.67,Employed,22.1,High School,Divorced,5700.0,Home Improvement,7.85,24,796.0,0.24,2,4,0,29600.0,2759.98,Rent,2,Low Risk
66,Female,14100.0,1175.0,Retired,32.0,High School,Married,4900.0,Personal,12.84,36,738.0,0.25,0,6,0,6300.0,868.83,Rent,0,Medium Risk
68,Male,8300.0,691.67,Retired,30.0,High School,Married,3700.0,Home Improvement,9.57,12,721.0,0.7,1,7,0,3400.0,1281.03,Mortgage,1,Medium Risk
46,Male,163200.0,13600.0,Employed,19.2,Bachelor,Divorced,29500.0,Education,9.66,24,707.0,0.1,2,1,0,132300.0,7768.12,Mortgage,4,Low Risk
49,Male,69600.0,5800.0,Employed,23.1,Associate,Married,20700.0,Home Improvement,16.03,60,,0.15,1,6,0,10800.0,2586.44,Own,0,Medium Risk
38,Female,52200.0,4350.0,Employed,19.4,Associate,Single,4900.0,Business,18.12,12,637.0,0.24,2,1,0,31800.0,2233.61,Rent,2,Medium Risk
44,Male,61500.0,5125.0,Employed,21.5,High School,Married,7300.0,Education,15.51,60,627.0,0.1,0,6,1,9800.0,2054.4,Mortgage,1,Medium Risk
39,Male,47300.0,3941.67,Self-Employed,2.6,High School,Divorced,4100.0,Debt Consolidation,16.19,60,581.0,0.09,0,5,0,6500.0,2973.69,Rent,2,Medium Risk
24,Male,40200.0,3350.0,Employed,3.1,High School,Divorced,2600.0,Personal,17.34,24,645.0,0.12,1,1,1,4400.0,2135.42,Rent,0,Medium Risk
71,Male,16700.0,1391.67,Retired,31.0,Associate,Divorced,4600.0,Education,7.46,24,786.0,0.33,0,10,0,7000.0,1214.84,Rent,0,Low Risk
59,Male,96400.0,8033.33,Employed,23.2,Bachelor,Single,15200.0,Debt Consolidation,10.96,36,710.0,0.1,0,5,0,6700.0,2855.14,Mortgage,0,Low Risk
22,Male,58200.0,4850.0,Employed,3.3,Associate,Married,11000.0,Debt Consolidation,11.03,60,737.0,0.11,0,2,0,6400.0,2279.12,Mortgage,0,Low Risk
23,Female,157000.0,13083.33,Employed,2.1,Master,Married,76500.0,Business,7.92,24,,0.07,0,6,0,150000.0,4695.49,Rent,0,Low Risk
41,Female,95800.0,7983.33,Employed,14.1,Bachelor,Single,38300.0,Home Improvement,23.82,24,577.0,0.14,1,3,0,12200.0,3091.78,Mortgage,2,Medium Risk
37,Male,131100.0,10925.0,Employed,12.6,Bachelor,Married,44200.0,Debt Consolidation,23.87,36,577.0,0.09,0,2,0,13400.0,3836.04,Rent,1,High Risk
70,Female,16400.0,1366.67,Retired,18.0,High School,Married,5000.0,Business,15.06,24,636.0,0.13,0,3,0,300.0,1176.37,Mortgage,0,Medium Risk
40,Female,153700.0,12808.33,Self-Employed,20.5,Bachelor,Divorced,4500.0,Debt Consolidation,18.27,24,652.0,0.14,1,4,0,68000.0,6291.06,Own,4,Medium Risk
31,Female,142500.0,11875.0,Employed,6.4,Bachelor,Divorced,3100.0,Home Improvement,19.46,36,484.0,0.11,0,2,0,12800.0,4010.83,Mortgage,2,Medium Risk
71,Female,19200.0,1600.0,Retired,35.0,High School,Single,5600.0,Debt Consolidation,14.24,24,612.0,0.4,2,2,0,600.0,1243.6,Mortgage,1,High Risk
24,Male,38300.0,3191.67,Employed,1.4,High School,Divorced,5000.0,Education,24.31,24,559.0,0.16,1,2,0,40500.0,2335.66,Rent,0,Medium Risk
35,Female,55100.0,4591.67,Self-Employed,15.2,High School,Single,6500.0,Education,25.32,60,535.0,0.21,1,3,0,,1970.83,Mortgage,2,High Risk
61,Male,182000.0,15166.67,Employed,38.4,Doctorate,Single,18600.0,Education,16.46,36,624.0,0.08,1,6,0,33700.0,5191.78,Mortgage,0,Medium Risk
57,Female,45600.0,3800.0,Employed,38.5,Associate,Married,16500.0,Home Improvement,13.47,24,707.0,0.27,2,3,0,8400.0,2105.98,Mortgage,0,Medium Risk
25,Female,125700.0,10475.0,Employed,4.1,Master,Married,35800.0,Personal,17.99,24,640.0,0.15,2,5,1,9700.0,5446.78,Rent,4,High Risk
21,Male,17500.0,1458.33,Self-Employed,1.9,High School,Married,4500.0,Education,23.67,12,553.0,0.26,0,6,0,2600.0,1224.98,Rent,1,High Risk
28,Male,109500.0,9125.0,Employed,2.2,Bachelor,Single,4900.0,Home Improvement,21.72,24,524.0,0.11,1,4,3,600.0,4848.62,Own,2,High Risk
44,Male,59000.0,4916.67,Employed,10.3,Bachelor,Divorced,16500.0,Home Improvement,11.38,60,675.0,0.09,0,3,0,200.0,3020.95,Rent,0,Medium Risk
50,Male,171000.0,14250.0,Employed,22.7,Master,Single,7600.0,Education,11.07,60,741.0,0.07,1,5,1,25200.0,5733.92,Mortgage,0,Low Risk
19,Female,45700.0,3808.33,Employed,1.0,High School,Married,2900.0,Business,13.74,60,636.0,0.14,1,2,0,6900.0,2115.47,Rent,0,Medium Risk
61,Male,318900.0,26575.0,Employed,7.7,Doctorate,Married,9600.0,Home Improvement,9.7,24,691.0,0.05,0,4,0,1700.0,9965.24,Own,0,Low Risk
54,Female,137700.0,11475.0,Employed,29.0,Bachelor,Single,11700.0,Auto,13.69,60,725.0,0.11,1,3,0,69100.0,3882.09,Own,2,Low Risk
52,Female,81200.0,6766.67,Employed,1.9,Associate,Single,15600.0,Debt Consolidation,13.03,24,681.0,0.06,0,5,0,5100.0,3356.59,Rent,3,Medium Risk
34,Male,52500.0,4375.0,Employed,12.6,Associate,Married,8400.0,Business,11.34,24,728.0,0.33,3,3,0,1800.0,2968.09,Mortgage,0,Medium Risk
75,Female,33100.0,2758.33,Retired,22.0,Master,Single,2500.0,Auto,17.82,60,634.0,0.37,2,4,0,8500.0,2013.6,Mortgage,0,Medium Risk
18,Male,12100.0,1008.33,Unemployed,0.0,High School,Divorced,4700.0,Debt Consolidation,24.16,36,525.0,0.7,1,6,1,200.0,1305.9,Mortgage,0,High Risk
59,Male,152200.0,12683.33,Employed,38.6,Master,Married,72900.0,Debt Consolidation,16.65,60,634.0,,1,6,0,6000.0,6231.48,Mortgage,1,Medium Risk
24,Female,98400.0,8200.0,Employed,1.0,Bachelor,Divorced,4100.0,Education,22.57,24,539.0,0.07,0,7,1,4000.0,4279.27,Rent,0,High Risk
27,Male,97700.0,8141.67,Employed,2.2,Bachelor,Divorced,19300.0,Debt Consolidation,9.12,12,695.0,0.08,1,2,0,4500.0,2392.05,Mortgage,0,Low Risk
22,Female,26500.0,2208.33,Employed,1.9,High School,Married,2500.0,Auto,19.9,36,501.0,0.19,0,7,2,500.0,1713.93,Rent,0,High Risk
72,Female,32800.0,2733.33,Retired,34.0,Bachelor,Single,3700.0,Debt Consolidation,8.62,36,746.0,0.15,0,5,0,14500.0,1835.1,Mortgage,0,Low Risk
64,Male,30200.0,2516.67,Employed,15.8,High School,Single,5200.0,Education,19.29,60,595.0,0.13,0,2,0,5300.0,1191.48,Mortgage,0,Low Risk
56,Male,82600.0,6883.33,Employed,21.7,Associate,Married,20000.0,Debt Consolidation,18.87,60,639.0,0.21,3,5,2,8100.0,3744.69,Rent,0,High Risk
53,Male,237000.0,19750.0,Self-Employed,27.8,Master,Single,14900.0,Home Improvement,6.36,36,748.0,0.08,2,1,0,15000.0,7599.33,Own,1,Low Risk
52,Non-Binary,56900.0,4741.67,Employed,,High School,Married,27200.0,Debt Consolidation,7.19,12,746.0,0.07,0,1,0,100.0,2126.7,Own,0,Low Risk
61,Female,66500.0,5541.67,Employed,32.2,Bachelor,Married,3200.0,Debt Consolidation,16.33,60,641.0,0.08,0,6,0,5100.0,2773.82,Mortgage,0,Low Risk
49,Male,75600.0,6300.0,Self-Employed,3.4,Bachelor,Divorced,5300.0,Home Improvement,15.95,24,594.0,0.09,0,1,1,22700.0,3638.02,Mortgage,3,High Risk
63,Male,128500.0,10708.33,Self-Employed,8.2,Master,Married,4000.0,Personal,15.45,36,663.0,0.17,2,4,0,25600.0,4493.23,Mortgage,0,Medium Risk
62,Male,156100.0,13008.33,Employed,14.9,Master,Divorced,52200.0,Education,3.96,24,818.0,0.12,0,10,0,66200.0,4728.18,Mortgage,0,Low Risk
41,Male,34800.0,2900.0,Employed,10.5,High School,Single,8700.0,Debt Consolidation,13.8,60,706.0,0.31,2,2,0,,1809.93,Mortgage,1,Low Risk
42,Female,123000.0,10250.0,Employed,8.6,Bachelor,Divorced,31300.0,Debt Consolidation,10.79,36,689.0,0.09,0,2,0,12600.0,5440.01,Mortgage,2,Low Risk
70,Female,38100.0,3175.0,Retired,35.0,Master,Single,15600.0,Auto,9.13,36,757.0,0.7,5,8,0,16800.0,2094.44,Rent,0,Medium Risk
19,Female,13100.0,1091.67,Unemployed,0.0,Bachelor,Divorced,4200.0,Debt Consolidation,17.16,60,584.0,0.2,0,4,1,3300.0,1242.53,Own,0,High Risk
71,Female,23200.0,1933.33,Retired,42.0,Bachelor,Married,3200.0,Debt Consolidation,10.61,36,672.0,0.17,0,5,0,5600.0,1608.2,Mortgage,0,Low Risk
53,Male,24200.0,2016.67,Employed,5.1,High School,Single,3400.0,Home Improvement,19.89,36,532.0,0.2,0,6,1,700.0,1317.38,Mortgage,1,High Risk
49,Non-Binary,11500.0,958.33,Unemployed,0.0,High School,Single,2500.0,Home Improvement,15.67,36,603.0,0.14,0,1,1,1300.0,1287.66,Own,2,High Risk
35,Male,87300.0,7275.0,Employed,2.3,Associate,Single,18500.0,Education,11.54,36,671.0,0.23,3,4,0,3500.0,2579.55,Rent,1,Medium Risk
37,Male,120000.0,10000.0,Employed,1.8,Bachelor,Single,37100.0,Personal,9.89,36,695.0,0.09,1,6,1,25600.0,5093.68,Rent,0,Medium Risk
28,Male,114800.0,9566.67,Employed,8.4,Bachelor,Divorced,12600.0,Auto,10.95,24,717.0,0.1,0,1,0,3200.0,3364.71,Mortgage,1,Low Risk
33,Male,84000.0,7000.0,Employed,1.4,Associate,Married,11800.0,Education,7.96,60,771.0,0.11,1,3,0,18800.0,2857.73,Mortgage,2,Low Risk
39,Non-Binary,74200.0,6183.33,Employed,11.4,Bachelor,Married,2600.0,Education,22.21,60,481.0,0.05,0,3,1,4200.0,2722.85,Mortgage,0,High Risk
26,Female,54700.0,4558.33,Employed,4.0,Bachelor,Married,11100.0,Debt Consolidation,16.53,12,597.0,0.09,0,3,2,9500.0,2518.11,Mortgage,0,High Risk
28,Male,94800.0,7900.0,Employed,4.2,Doctorate,Single,18100.0,Debt Consolidation,19.25,60,642.0,0.15,1,3,0,5100.0,3448.84,Rent,0,Medium Risk
33,Male,95700.0,7975.0,Self-Employed,0.8,Bachelor,Married,44000.0,Debt Consolidation,14.28,60,610.0,0.11,0,5,0,24100.0,2934.9,Rent,1,Medium Risk
37,Male,83400.0,6950.0,Employed,9.1,Bachelor,Married,11000.0,Education,24.95,24,515.0,0.11,0,3,1,5600.0,3831.1,Rent,2,High Risk
63,Female,86500.0,7208.33,Employed,43.9,Associate,Married,4900.0,Education,10.7,24,702.0,0.07,1,2,0,71800.0,3267.94,Own,0,Low Risk
25,Male,12400.0,1033.33,Unemployed,0.0,High School,Single,2800.0,Business,16.6,12,612.0,0.59,2,5,1,2300.0,2104.58,Rent,3,High Risk
23,Female,99600.0,8300.0,Employed,2.9,Bachelor,Divorced,17700.0,Education,15.55,12,597.0,0.12,1,6,0,5400.0,4112.25,Own,0,Medium Risk
42,Female,12400.0,1033.33,Unemployed,0.0,Associate,Single,3300.0,Auto,20.03,24,577.0,0.24,0,6,0,2600.0,1573.05,Rent,0,High Risk
20,Female,10800.0,900.0,Unemployed,0.0,High School,Single,3700.0,Debt Consolidation,14.54,36,646.0,0.08,0,1,0,1100.0,928.2,Rent,0,High Risk
68,Male,64900.0,5408.33,Employed,20.7,Associate,Divorced,10400.0,Home Improvement,10.57,36,733.0,0.06,0,5,0,6500.0,2134.66,Mortgage,0,Low Risk
75,Male,6900.0,575.0,Retired,29.0,High School,Married,2600.0,Auto,26.3,60,503.0,0.45,0,6,1,600.0,1013.34,Own,0,High Risk
29,Female,96800.0,8066.67,Self-Employed,6.3,Bachelor,Single,16500.0,Debt Consolidation,14.52,36,665.0,0.13,1,2,1,18400.0,3475.7,Mortgage,1,Medium Risk
52,Female,23300.0,1941.67,Employed,10.5,High School,Divorced,3300.0,Personal,10.36,12,724.0,0.36,1,5,0,3000.0,1645.43,Mortgage,0,Medium Risk
56,Male,77800.0,6483.33,Employed,28.9,Bachelor,Married,6000.0,Auto,12.0,36,733.0,0.16,1,7,0,33600.0,3059.44,Own,0,Low Risk
56,Male,67200.0,5600.0,Employed,19.9,Bachelor,Married,3800.0,Personal,11.07,60,716.0,0.13,1,1,0,11500.0,3035.57,Mortgage,0,Low Risk
22,Male,83000.0,6916.67,Employed,0.5,Bachelor,Married,8200.0,Auto,9.55,24,691.0,0.11,2,2,0,23200.0,3573.41,Rent,0,Low Risk
20,Female,6100.0,508.33,Unemployed,0.0,High School,Single,2500.0,Debt Consolidation,23.81,12,350.0,0.29,0,3,1,500.0,1022.89,Rent,1,High Risk
51,Male,53800.0,4483.33,Self-Employed,14.3,High School,Single,10300.0,Home Improvement,8.26,36,771.0,0.22,3,6,0,8000.0,2771.4,Own,0,Low Risk
61,Female,44100.0,3675.0,Employed,41.3,High School,Single,14900.0,Home Improvement,12.58,60,691.0,0.17,1,4,0,900.0,2441.27,Mortgage,0,Medium Risk
55,Male,106100.0,8841.67,Self-Employed,10.4,Bachelor,Widowed,10000.0,Debt Consolidation,3.84,36,805.0,0.17,3,10,0,29800.0,5188.22,Mortgage,1,Low Risk
42,Female,38700.0,3225.0,Employed,14.1,Associate,Single,20800.0,Debt Consolidation,13.22,36,617.0,0.22,1,5,0,18300.0,2051.24,Rent,2,Medium Risk
73,Female,41800.0,3483.33,Retired,23.0,Master,Married,12400.0,Business,7.62,60,850.0,0.32,2,7,0,13600.0,2377.74,Mortgage,1,Low Risk
57,Male,77700.0,6475.0,Self-Employed,31.2,Master,Married,6400.0,Home Improvement,8.08,36,788.0,0.17,1,4,0,38200.0,2349.0,Rent,0,Low Risk
26,Female,38400.0,3200.0,Employed,1.1,Associate,Divorced,8500.0,Debt Consolidation,13.18,36,674.0,0.24,1,7,0,2300.0,2510.61,Mortgage,2,Medium Risk
18,Female,65700.0,5475.0,Self-Employed,0.0,Bachelor,Married,8700.0,Education,20.33,12,580.0,0.13,1,6,1,16900.0,2218.37,Rent,0,Medium Risk
71,Female,62400.0,5200.0,Retired,30.0,Master,Married,16600.0,Business,10.89,12,701.0,0.14,1,5,0,4400.0,2376.64,Own,0,Medium Risk
42,Male,97000.0,8083.33,Self-Employed,5.4,Master,Married,11700.0,Business,12.95,36,714.0,0.12,0,5,0,,3602.51,Mortgage,2,Medium Risk
18,Female,8800.0,733.33,Unemployed,0.0,Associate,Single,4400.0,Business,22.38,12,577.0,0.7,1,7,1,800.0,1029.36,Rent,0,High Risk
20,Male,166500.0,13875.0,Employed,0.5,Master,Married,44800.0,Education,14.48,12,596.0,0.07,0,2,0,19900.0,6515.71,Rent,2,Medium Risk
41,Male,49200.0,4100.0,Employed,6.5,High School,Married,5500.0,Education,21.35,36,516.0,0.1,0,1,0,,3472.46,Rent,3,High Risk
34,Female,116900.0,9741.67,Employed,15.1,Bachelor,Married,12600.0,Education,17.15,12,588.0,0.15,3,1,0,1700.0,5673.34,Mortgage,4,Low Risk
72,Male,12600.0,1050.0,Retired,17.0,High School,Single,2900.0,Debt Consolidation,15.07,36,628.0,0.31,0,4,0,1900.0,1642.6,Mortgage,0,Medium Risk
67,Male,21800.0,1816.67,Retired,22.0,Associate,Married,5100.0,Home Improvement,15.74,36,582.0,0.08,0,2,0,4100.0,1222.01,Mortgage,0,Medium Risk
38,Male,119800.0,9983.33,Employed,7.8,Bachelor,Married,20800.0,Debt Consolidation,10.4,60,683.0,0.09,0,3,0,26500.0,4457.72,Mortgage,1,Low Risk
52,Female,98500.0,8208.33,Employed,14.0,Bachelor,Married,9100.0,Education,15.43,60,620.0,0.14,1,6,0,6700.0,2329.64,Rent,0,Medium Risk
66,Male,36300.0,3025.0,Retired,27.0,Bachelor,Married,8300.0,Business,9.02,60,743.0,0.17,1,2,0,2100.0,2152.75,Mortgage,2,Low Risk
69,Male,109400.0,9116.67,Employed,30.2,Bachelor,Single,16200.0,Debt Consolidation,10.98,36,714.0,0.14,0,7,0,26400.0,5141.55,Rent,1,Low Risk
66,Female,23600.0,1966.67,Retired,19.0,High School,Single,4900.0,Auto,17.81,24,596.0,0.45,2,5,0,1900.0,1636.24,Own,1,High Risk
73,Male,21900.0,1825.0,Retired,40.0,Associate,Single,2900.0,Home Improvement,13.48,12,714.0,0.23,0,6,0,5200.0,1275.38,Mortgage,0,Low Risk
22,Female,31200.0,2600.0,Employed,2.6,High School,Married,4000.0,Home Improvement,18.04,24,540.0,0.07,0,4,0,500.0,1723.27,Rent,1,Medium Risk
32,Female,48100.0,4008.33,Employed,9.2,High School,Single,7200.0,Home Improvement,9.15,36,708.0,0.28,2,3,0,24500.0,3152.06,Own,2,Low Risk
70,Female,66800.0,5566.67,Retired,34.0,Master,Single,10600.0,Business,10.04,36,674.0,0.16,1,3,0,300.0,1989.94,Own,0,Medium Risk
61,Female,49800.0,4150.0,Employed,39.0,Associate,Married,5200.0,Education,13.01,24,584.0,0.06,0,1,0,2900.0,1826.92,Rent,0,Medium Risk
40,Female,103100.0,8591.67,Employed,8.7,Bachelor,Single,41100.0,Debt Consolidation,13.85,36,651.0,0.14,1,2,0,21700.0,4034.82,Mortgage,0,Medium Risk
61,Female,122900.0,10241.67,Employed,30.3,Master,Single,26500.0,Home Improvement,13.93,24,655.0,0.12,1,4,0,8700.0,3582.11,Own,0,Medium Risk
54,Non-Binary,118500.0,9875.0,Employed,27.3,Master,Widowed,6200.0,Home Improvement,13.61,24,608.0,0.11,1,6,0,1300.0,4377.22,Own,3,Medium Risk
40,Female,8100.0,675.0,Unemployed,0.0,Bachelor,Married,3000.0,Education,25.23,60,559.0,0.7,1,5,1,0.0,1459.85,Mortgage,2,High Risk
71,Male,30000.0,2500.0,Retired,28.0,Associate,Married,5400.0,Auto,9.49,36,792.0,0.16,1,5,0,2300.0,1261.49,Rent,0,Medium Risk
59,Male,310100.0,25841.67,Self-Employed,35.4,Doctorate,Married,37700.0,Debt Consolidation,5.06,60,850.0,0.09,0,9,0,79600.0,11749.29,Own,0,Low Risk
32,Female,82900.0,6908.33,Employed,8.2,Associate,Divorced,21800.0,Debt Consolidation,17.52,24,604.0,0.09,1,6,0,18800.0,3395.91,Mortgage,2,Medium Risk
58,Male,139400.0,11616.67,Self-Employed,11.3,Bachelor,Single,72600.0,Debt Consolidation,11.73,24,686.0,0.08,0,6,0,4700.0,3725.6,Mortgage,0,Medium Risk
75,Male,44800.0,3733.33,Retired,35.0,Bachelor,Single,24600.0,Debt Consolidation,6.07,12,784.0,0.2,0,7,0,23700.0,2269.1,Own,2,Low Risk
26,Female,18300.0,1525.0,Employed,6.2,High School,Single,3900.0,Education,17.5,24,632.0,0.12,0,3,2,6200.0,1238.93,Rent,2,High Risk
70,Female,10100.0,841.67,Retired,27.0,High School,Married,4800.0,Home Improvement,15.12,24,636.0,0.7,3,5,3,700.0,1591.36,Mortgage,1,High Risk
53,Male,165800.0,13816.67,Employed,2.7,Bachelor,Single,33600.0,Auto,9.98,36,684.0,0.12,1,5,0,17300.0,7179.85,Own,2,Low Risk
71,Male,28900.0,2408.33,Retired,17.0,Master,Married,11700.0,Personal,13.42,24,625.0,0.25,1,3,0,4900.0,1698.4,Rent,0,Medium Risk
26,Female,133900.0,11158.33,Employed,7.4,Bachelor,Married,41700.0,Business,15.49,36,662.0,0.14,2,6,0,18300.0,3613.05,Own,2,Medium Risk
29,Female,125700.0,10475.0,Employed,8.9,Master,Married,14100.0,Debt Consolidation,19.0,60,,0.05,0,3,2,27200.0,5037.96,Own,0,Medium Risk
33,Male,57600.0,4800.0,Employed,6.5,High School,Divorced,2100.0,Debt Consolidation,21.54,60,575.0,0.14,1,5,0,19400.0,2699.73,Mortgage,1,Medium Risk
61,Male,52400.0,4366.67,Employed,40.5,High School,Married,3800.0,Debt Consolidation,4.21,36,820.0,0.22,1,6,0,18800.0,2876.36,Rent,0,Low Risk
43,Male,94900.0,7908.33,Employed,2.9,Master,Divorced,29300.0,Debt Consolidation,13.69,24,631.0,0.09,1,5,0,800.0,4123.29,Mortgage,2,Medium Risk
49,Female,6400.0,533.33,Unemployed,0.0,Master,Married,2300.0,Business,20.44,12,538.0,0.46,0,3,1,200.0,662.19,Mortgage,0,High Risk
55,Female,82700.0,6891.67,Employed,32.3,Bachelor,Married,28700.0,Personal,18.33,36,599.0,0.07,0,1,0,21300.0,3043.08,Mortgage,2,Medium Risk
72,Female,40500.0,3375.0,Retired,32.0,Bachelor,Married,9100.0,Education,10.33,24,701.0,0.17,1,6,0,3000.0,1866.83,Mortgage,0,Medium Risk
20,Female,12600.0,1050.0,Unemployed,0.0,High School,Single,6200.0,Debt Consolidation,22.23,36,530.0,0.35,1,1,1,100.0,1388.95,Rent,1,High Risk
50,Female,86500.0,7208.33,Employed,9.3,Associate,Single,29000.0,Debt Consolidation,11.99,60,728.0,0.16,2,7,0,6800.0,3275.35,Mortgage,1,Low Risk
49,Female,85300.0,7108.33,Self-Employed,1.5,Bachelor,Single,4900.0,Home Improvement,9.58,36,674.0,0.15,1,5,0,18200.0,3164.28,Rent,0,Medium Risk
20,Non-Binary,106900.0,8908.33,Self-Employed,0.8,Bachelor,Single,14800.0,Auto,12.99,60,727.0,0.11,1,2,0,11500.0,2883.92,Rent,0,Medium Risk
68,Female,76000.0,6333.33,Retired,22.0,Master,Single,5000.0,Education,11.82,12,,0.11,1,2,0,600.0,3413.77,Rent,0,Medium Risk
54,Male,35100.0,2925.0,Self-Employed,30.6,High School,Single,15000.0,Personal,8.4,36,782.0,0.2,0,7,0,6600.0,1834.83,Rent,1,Medium Risk
46,Male,166100.0,13841.67,Employed,16.4,Master,Married,45900.0,Debt Consolidation,8.02,60,794.0,0.1,3,5,0,58500.0,7175.2,Own,2,Low Risk
25,Female,64700.0,5391.67,Employed,4.2,Bachelor,Married,36700.0,Education,12.81,12,679.0,0.18,0,7,0,13900.0,2603.53,Mortgage,0,Low Risk
55,Female,77800.0,6483.33,Employed,32.9,Bachelor,Married,3100.0,Auto,5.87,24,817.0,0.12,1,5,0,42400.0,3149.37,Rent,2,Low Risk
60,Female,80700.0,6725.0,Employed,11.7,Bachelor,Married,22600.0,Home Improvement,15.61,36,656.0,0.17,1,6,0,10000.0,3888.54,Rent,0,Medium Risk
33,Female,108600.0,9050.0,Employed,12.8,Master,Divorced,45800.0,Debt Consolidation,8.16,60,749.0,0.1,0,1,3,30500.0,4906.26,Own,1,Medium Risk
31,Non-Binary,9900.0,825.0,Unemployed,0.0,Master,Single,2100.0,Home Improvement,20.92,36,549.0,0.7,1,6,2,100.0,1335.98,Own,1,High Risk
36,Male,64200.0,5350.0,Employed,10.1,High School,Married,13700.0,Personal,15.78,24,656.0,0.13,1,4,2,600.0,2565.16,Mortgage,1,High Risk
66,Female,33500.0,2791.67,Retired,15.0,Associate,Single,4900.0,Home Improvement,13.44,24,674.0,0.05,0,1,0,2600.0,1983.66,Own,0,Low Risk
63,Female,77900.0,6491.67,Self-Employed,2.1,Bachelor,Married,8600.0,Personal,11.3,60,735.0,0.14,2,3,0,34100.0,2176.29,Rent,0,Medium Risk
27,Female,23600.0,1966.67,Employed,1.1,High School,Married,10700.0,Personal,14.96,60,650.0,0.29,1,6,0,4000.0,1633.32,Mortgage,3,Medium Risk
74,Male,67200.0,5600.0,Retired,42.0,Master,Married,4600.0,Business,8.69,12,753.0,0.17,1,6,0,16300.0,2465.41,Own,0,Low Risk
38,Female,25200.0,2100.0,Employed,3.0,High School,Married,4300.0,Debt Consolidation,11.88,12,685.0,0.16,0,6,0,3200.0,1145.84,Mortgage,0,Low Risk
40,Female,21600.0,1800.0,Employed,12.3,High School,Divorced,4900.0,Education,14.57,36,620.0,0.19,0,6,0,10100.0,1433.39,Rent,1,Low Risk
66,Female,66000.0,5500.0,Retired,33.0,Master,Single,10000.0,Education,11.51,12,671.0,0.06,0,4,0,7600.0,2624.34,Own,0,Low Risk
43,Male,96400.0,8033.33,Employed,4.9,Associate,Single,8400.0,Home Improvement,11.12,24,678.0,0.15,1,4,0,500.0,2781.42,Own,1,Medium Risk
28,Female,69200.0,5766.67,Employed,9.6,Master,Single,7600.0,Education,17.87,60,620.0,0.22,1,7,0,4200.0,2976.32,Mortgage,2,Medium Risk
68,Female,52200.0,4350.0,Retired,33.0,Bachelor,Divorced,7100.0,Home Improvement,9.06,24,696.0,0.15,1,7,0,2900.0,2204.22,Own,0,Low Risk
54,Female,179400.0,14950.0,Employed,35.1,Master,Married,16500.0,Home Improvement,14.28,60,714.0,0.11,0,4,0,21200.0,6573.3,Own,0,Low Risk
27,Male,31900.0,2658.33,Employed,6.2,Associate,Married,8200.0,Debt Consolidation,17.64,24,667.0,0.29,1,5,0,13100.0,2183.6,Own,3,Low Risk
20,Male,119700.0,9975.0,Employed,0.7,Bachelor,Married,13600.0,Home Improvement,15.46,24,583.0,0.11,0,7,0,1100.0,3277.96,Rent,0,Medium Risk
38,Female,122800.0,10233.33,Employed,3.1,Master,Single,41300.0,Home Improvement,18.99,60,642.0,0.1,1,4,1,30000.0,5130.46,Rent,1,High Risk
39,Male,95400.0,7950.0,Employed,10.9,Doctorate,Married,2700.0,Debt Consolidation,7.33,36,759.0,0.14,1,5,0,31400.0,4009.92,Mortgage,2,Low Risk
53,Non-Binary,192300.0,16025.0,Employed,13.3,Doctorate,Married,99200.0,Debt Consolidation,8.75,60,763.0,0.06,0,3,0,67400.0,6172.56,Own,1,Low Risk
44,Female,8000.0,666.67,Unemployed,0.0,High School,Married,2300.0,Personal,24.96,60,454.0,0.22,0,3,3,400.0,805.22,Mortgage,0,High Risk
62,Female,63700.0,5308.33,Employed,28.8,Associate,Single,22500.0,Education,17.33,36,652.0,0.14,1,1,0,3800.0,2085.76,Rent,0,Medium Risk
72,Male,29800.0,2483.33,Retired,30.0,Associate,Married,7700.0,Debt Consolidation,5.74,24,801.0,0.45,2,10,0,3500.0,1490.88,Mortgage,0,Low Risk
44,Non-Binary,8900.0,741.67,Unemployed,0.0,Bachelor,Single,4300.0,Home Improvement,15.89,60,660.0,0.7,1,6,0,200.0,1661.9,Rent,2,High Risk
47,Male,86800.0,7233.33,Employed,,Bachelor,Married,13200.0,Auto,15.95,36,599.0,0.12,2,2,0,2200.0,3864.98,Rent,0,Medium Risk
49,Male,34300.0,2858.33,Employed,4.3,High School,Married,3600.0,Auto,15.18,36,615.0,0.3,1,7,0,800.0,1832.01,Mortgage,2,Medium Risk
75,Female,36100.0,3008.33,Retired,,Bachelor,Single,13000.0,Debt Consolidation,18.48,60,606.0,0.17,1,1,0,400.0,2131.73,Mortgage,0,High Risk
74,Male,47000.0,3916.67,Retired,37.0,Bachelor,Married,7200.0,Debt Consolidation,11.35,36,680.0,0.1,0,2,0,2200.0,1629.2,Rent,0,Medium Risk
19,Female,20900.0,1741.67,Employed,0.8,High School,Single,4700.0,Auto,14.58,24,636.0,0.46,1,7,0,800.0,1061.41,Rent,0,High Risk
20,Female,13700.0,1141.67,Unemployed,0.0,Bachelor,Married,4600.0,Debt Consolidation,19.7,36,553.0,0.29,1,4,2,2200.0,1089.7,Rent,0,High Risk
24,Female,75200.0,6266.67,Employed,5.8,Bachelor,Single,16800.0,Home Improvement,10.99,24,683.0,0.05,0,2,0,900.0,2724.42,Rent,0,Medium Risk
43,Non-Binary,8300.0,691.67,Unemployed,0.0,Master,Single,2600.0,Personal,15.85,12,640.0,0.67,0,6,1,,2014.24,Mortgage,3,High Risk
54,Male,11400.0,950.0,Unemployed,0.0,Master,Single,5300.0,Debt Consolidation,17.01,36,617.0,0.17,0,3,0,1700.0,1207.28,Mortgage,0,High Risk
54,Female,47400.0,3950.0,Employed,22.5,High School,Single,6900.0,Home Improvement,6.24,24,770.0,0.19,1,3,0,11800.0,3521.42,Mortgage,4,Low Risk
41,Female,24200.0,2016.67,Employed,3.2,High School,Married,4700.0,Debt Consolidation,13.53,36,641.0,0.05,0,1,0,4000.0,1564.88,Mortgage,0,Medium Risk
41,Male,74600.0,6216.67,Employed,5.7,Associate,Married,37600.0,Debt Consolidation,16.77,36,620.0,0.18,1,5,1,11500.0,2739.7,Mortgage,1,High Risk
69,Male,55200.0,4600.0,Retired,19.0,Doctorate,Married,20600.0,Debt Consolidation,12.08,60,702.0,0.13,1,1,0,1100.0,2464.66,Rent,0,Medium Risk
43,Male,22300.0,1858.33,Employed,14.3,High School,Married,7800.0,Debt Consolidation,10.62,36,699.0,0.7,3,7,0,1300.0,1456.5,Mortgage,1,Medium Risk
43,Female,70200.0,5850.0,Self-Employed,,High School,Single,2500.0,Education,9.54,12,686.0,0.12,1,6,0,21200.0,2586.87,Mortgage,0,Low Risk
64,Male,57900.0,4825.0,Employed,23.6,High School,Single,7300.0,Debt Consolidation,11.81,12,696.0,0.09,0,5,0,11500.0,2195.62,Mortgage,0,Low Risk
42,Female,78900.0,6575.0,Self-Employed,10.0,Master,Single,21400.0,Debt Consolidation,16.99,36,615.0,0.08,0,5,0,2800.0,2786.12,Mortgage,0,Medium Risk
52,Female,41400.0,3450.0,Self-Employed,4.2,High School,Single,2500.0,Education,15.62,12,669.0,0.12,0,2,0,1700.0,1950.39,Mortgage,0,Medium Risk
20,Female,8000.0,666.67,Unemployed,0.0,Associate,Single,2200.0,Debt Consolidation,19.42,60,572.0,0.7,1,6,0,1700.0,1529.0,Rent,1,High Risk
45,Male,131500.0,10958.33,Employed,20.7,Bachelor,Married,35200.0,Personal,16.83,12,662.0,0.12,1,5,0,7300.0,5526.43,Mortgage,1,Medium Risk
74,Female,29100.0,2425.0,Retired,43.0,Associate,Single,7500.0,Debt Consolidation,4.34,24,839.0,0.17,0,8,0,4000.0,1377.73,Mortgage,0,Low Risk
68,Non-Binary,18000.0,1500.0,Retired,21.0,High School,Married,4400.0,Debt Consolidation,14.01,36,655.0,0.3,1,4,0,1200.0,1807.13,Rent,1,Medium Risk
39,Male,58500.0,4875.0,Self-Employed,8.7,Bachelor,Married,13200.0,Education,10.13,36,737.0,0.1,1,1,0,24600.0,2481.42,Mortgage,1,Low Risk
56,Male,34900.0,2908.33,Self-Employed,30.7,Associate,Single,6400.0,Debt Consolidation,5.02,36,808.0,0.38,3,4,0,7000.0,1827.28,Rent,0,Low Risk
52,Female,70800.0,5900.0,Employed,32.5,Associate,Single,12400.0,Debt Consolidation,11.83,24,698.0,0.16,1,3,0,2000.0,2890.51,Mortgage,2,Low Risk
75,Male,34400.0,2866.67,Retired,37.0,Bachelor,Single,3100.0,Debt Consolidation,16.66,12,593.0,0.33,2,7,0,1800.0,1775.79,Mortgage,0,Medium Risk
40,Male,100400.0,8366.67,Employed,7.8,Bachelor,Single,4700.0,Debt Consolidation,17.46,24,582.0,0.09,1,5,0,7600.0,3397.47,Own,1,Low Risk
58,Male,33200.0,2766.67,Employed,13.1,High School,Married,5800.0,Debt Consolidation,12.79,60,684.0,0.25,1,7,0,,2092.77,Mortgage,1,Low Risk
36,Female,143100.0,11925.0,Employed,14.1,Bachelor,Divorced,37300.0,Business,11.95,36,728.0,0.17,4,1,0,39900.0,4819.86,Mortgage,0,Low Risk
42,Female,42000.0,3500.0,Employed,13.9,High School,Married,7600.0,Debt Consolidation,10.65,60,734.0,0.14,0,3,0,10600.0,2137.96,Mortgage,0,Low Risk
37,Non-Binary,96300.0,8025.0,Employed,15.1,Bachelor,Divorced,4900.0,Business,13.75,36,617.0,0.1,1,1,2,10200.0,4831.21,Mortgage,1,High Risk
18,Female,5200.0,433.33,Unemployed,0.0,Bachelor,Married,3200.0,Debt Consolidation,20.84,24,570.0,0.7,1,4,0,500.0,804.03,Rent,0,High Risk
18,Female,8000.0,666.67,Unemployed,0.0,Master,Married,4400.0,Debt Consolidation,24.02,36,508.0,0.23,0,2,1,300.0,809.03,Rent,0,High Risk
30,Female,27500.0,2291.67,Employed,7.8,High School,Married,5500.0,Debt Consolidation,23.04,24,579.0,0.28,1,5,0,1600.0,1919.27,Rent,2,High Risk
57,Male,58900.0,4908.33,Employed,7.9,High School,Single,19500.0,Debt Consolidation,8.11,36,758.0,0.22,1,5,0,15800.0,2669.46,Mortgage,2,Low Risk
33,Female,132400.0,11033.33,Employed,11.7,Bachelor,Divorced,26400.0,Debt Consolidation,22.05,60,546.0,0.08,0,6,1,700.0,5871.05,Own,0,High Risk
70,Male,50400.0,4200.0,Retired,28.0,Master,Divorced,7200.0,Personal,17.02,60,,0.29,2,4,1,8000.0,1618.93,Rent,0,High Risk
43,Male,62900.0,5241.67,Employed,,High School,Divorced,5600.0,Personal,14.81,12,656.0,0.15,0,6,0,2000.0,2411.79,Mortgage,0,Medium Risk
20,Male,40800.0,3400.0,Employed,0.6,High School,Divorced,1600.0,Home Improvement,24.94,36,458.0,0.2,1,0,0,600.0,1876.94,Rent,0,High Risk
23,Male,92600.0,7716.67,Employed,3.4,Bachelor,Married,4700.0,Debt Consolidation,23.51,36,468.0,0.06,0,1,0,3000.0,3349.16,Rent,0,High Risk
34,Male,81100.0,6758.33,Employed,1.8,Associate,Single,29200.0,Debt Consolidation,10.8,60,685.0,0.17,2,7,0,1200.0,4280.48,Mortgage,1,Medium Risk
57,Female,74600.0,6216.67,Employed,4.5,Associate,Married,6600.0,Debt Consolidation,12.6,12,674.0,0.1,0,7,2,21200.0,3905.89,Own,0,Medium Risk
43,Female,62700.0,5225.0,Employed,21.2,Associate,Married,10700.0,Business,19.21,36,445.0,0.09,0,2,1,10100.0,2256.05,Mortgage,1,High Risk
54,Female,155200.0,12933.33,Self-Employed,34.2,Bachelor,Married,27800.0,Auto,18.45,24,634.0,0.12,1,6,0,18400.0,3985.77,Rent,0,Medium Risk
62,Female,85600.0,7133.33,Employed,11.5,Master,Single,14100.0,Business,18.3,36,653.0,0.14,0,7,0,16000.0,3395.63,Rent,2,Medium Risk
38,Male,91300.0,7608.33,Employed,9.8,Bachelor,Single,16700.0,Home Improvement,17.71,60,632.0,0.12,1,1,0,44600.0,3873.45,Rent,0,Low Risk
18,Female,144500.0,12041.67,Self-Employed,0.0,Master,Single,18700.0,Debt Consolidation,12.9,24,718.0,0.13,1,4,0,,4013.89,Rent,0,Medium Risk
47,Male,140700.0,11725.0,Employed,3.3,Bachelor,Widowed,15300.0,Education,20.45,36,545.0,0.1,1,6,0,1900.0,5427.05,Rent,1,High Risk
59,Male,94000.0,7833.33,Self-Employed,11.0,Bachelor,Married,6100.0,Debt Consolidation,12.8,36,695.0,0.19,2,4,0,9500.0,4046.3,Mortgage,0,Low Risk
25,Male,83000.0,6916.67,Employed,1.2,Master,Single,7800.0,Home Improvement,12.82,12,671.0,0.18,1,6,0,25400.0,3635.11,Rent,0,Low Risk
67,Female,26100.0,2175.0,Retired,22.0,Bachelor,Single,5000.0,Education,6.7,36,760.0,0.45,1,9,0,4200.0,1777.67,Rent,1,Medium Risk
62,Female,132300.0,11025.0,Employed,0.6,Bachelor,Married,29900.0,Home Improvement,16.81,24,666.0,0.14,3,5,0,56400.0,4596.89,Own,0,Low Risk
27,Female,119700.0,9975.0,Self-Employed,6.4,Bachelor,Married,26800.0,Home Improvement,12.29,60,708.0,0.07,0,4,0,31800.0,4430.98,Own,3,Low Risk
27,Non-Binary,34900.0,2908.33,Self-Employed,4.6,Associate,Married,9500.0,Debt Consolidation,12.85,12,684.0,0.08,0,1,0,2800.0,1888.61,Mortgage,1,Medium Risk
28,Male,38400.0,3200.0,Employed,4.7,High School,Divorced,5700.0,Business,24.4,12,548.0,0.09,0,4,0,800.0,1851.27,Mortgage,4,Medium Risk
28,Male,91900.0,7658.33,Employed,3.5,Bachelor,Divorced,43400.0,Personal,13.0,36,637.0,0.05,0,1,0,5800.0,3472.25,Mortgage,1,Medium Risk
64,Female,13800.0,1150.0,Retired,36.0,High School,Married,4800.0,Debt Consolidation,13.46,60,708.0,0.69,2,3,0,1500.0,1425.68,Rent,0,Medium Risk
64,Female,92000.0,7666.67,Employed,11.9,Master,Single,2400.0,Education,11.63,36,709.0,0.06,0,2,0,7000.0,3915.85,Rent,1,Low Risk
55,Male,108700.0,9058.33,Employed,4.2,Doctorate,Single,34500.0,Home Improvement,12.11,36,680.0,0.1,2,2,0,47600.0,4844.23,Own,0,Low Risk
62,Female,61700.0,5141.67,Employed,31.8,Associate,Married,6400.0,Home Improvement,16.24,36,628.0,0.11,1,2,0,13800.0,3556.12,Rent,1,Low Risk
31,Male,48800.0,4066.67,Employed,1.2,High School,Divorced,8800.0,Education,16.04,36,658.0,0.33,3,2,0,0.0,1947.48,Mortgage,1,Medium Risk
36,Non-Binary,48900.0,4075.0,Employed,8.7,High School,Divorced,9500.0,Home Improvement,17.56,24,603.0,0.08,0,4,0,2500.0,2418.57,Mortgage,1,Medium Risk
29,Male,67900.0,5658.33,Employed,10.3,Bachelor,Single,3800.0,Home Improvement,15.71,24,656.0,0.26,3,7,0,6800.0,2363.45,Mortgage,2,Medium Risk
72,Male,52600.0,4383.33,Retired,39.0,Master,Married,11100.0,Debt Consolidation,10.73,12,684.0,0.21,1,7,0,6000.0,2125.94,Mortgage,0,Medium Risk
43,Male,122300.0,10191.67,Employed,18.0,Bachelor,Married,2900.0,Debt Consolidation,24.81,12,578.0,0.14,1,1,0,3200.0,3648.41,Mortgage,3,Medium Risk
62,Male,150300.0,12525.0,Employed,40.7,Bachelor,Married,18300.0,Home Improvement,8.2,24,759.0,0.05,0,5,0,87600.0,5220.91,Mortgage,0,Low Risk
21,Female,13800.0,1150.0,Unemployed,0.0,Doctorate,Single,2700.0,Auto,21.05,24,489.0,,1,0,0,200.0,1258.27,Rent,0,High Risk
38,Female,103100.0,8591.67,Self-Employed,9.2,Bachelor,Divorced,21200.0,Debt Consolidation,11.46,24,700.0,0.14,1,6,1,17500.0,3710.77,Own,2,Medium Risk
58,Male,131800.0,10983.33,Employed,30.5,Bachelor,Widowed,4800.0,Debt Consolidation,22.98,36,553.0,0.12,1,7,1,8200.0,3361.71,Own,0,Medium Risk
47,Male,103300.0,8608.33,Self-Employed,2.9,Associate,Married,6700.0,Debt Consolidation,10.06,12,673.0,0.05,0,2,0,18000.0,5095.97,Mortgage,1,Low Risk
47,Male,233300.0,19441.67,Self-Employed,7.6,Master,Married,69600.0,Debt Consolidation,14.49,60,594.0,0.07,1,6,1,14100.0,7495.0,Mortgage,0,High Risk
23,Female,37300.0,3108.33,Employed,0.9,High School,Married,10300.0,Debt Consolidation,22.85,36,546.0,0.18,1,1,2,0.0,1461.26,Rent,0,High Risk
57,Male,95200.0,7933.33,Employed,21.3,Bachelor,Married,25000.0,Business,15.53,24,633.0,0.17,1,4,0,600.0,4008.8,Own,0,Medium Risk
63,Male,5300.0,441.67,Unemployed,0.0,Associate,Married,3500.0,Debt Consolidation,13.79,60,672.0,0.7,1,4,0,200.0,887.26,Own,0,High Risk
19,Female,40800.0,3400.0,Self-Employed,0.6,Bachelor,Divorced,6300.0,Home Improvement,24.23,24,555.0,0.3,1,5,0,1400.0,1940.51,Rent,0,High Risk
64,Male,11600.0,966.67,Unemployed,0.0,Associate,Single,3000.0,Education,15.72,60,601.0,0.59,1,5,0,1300.0,666.83,Mortgage,0,High Risk
38,Male,62200.0,5183.33,Self-Employed,11.8,High School,Divorced,5600.0,Debt Consolidation,17.4,36,603.0,0.08,0,5,0,22300.0,4143.35,Rent,3,Medium Risk
63,Male,133000.0,11083.33,Employed,32.8,Bachelor,Married,29700.0,Debt Consolidation,10.55,60,776.0,0.09,0,3,0,93800.0,3395.06,Own,1,Low Risk
73,Male,68300.0,5691.67,Retired,37.0,Master,Single,3000.0,Debt Consolidation,12.4,12,704.0,0.14,1,5,0,4900.0,2274.59,Mortgage,0,Low Risk
33,Male,54000.0,4500.0,Employed,0.8,High School,Single,20000.0,Home Improvement,13.41,12,698.0,0.19,0,6,0,14400.0,3134.97,Mortgage,1,Medium Risk
67,Female,25600.0,2133.33,Retired,24.0,Bachelor,Divorced,2100.0,Home Improvement,13.8,36,641.0,0.48,2,2,0,11700.0,1684.86,Rent,0,Medium Risk
44,Male,51400.0,4283.33,Self-Employed,21.5,Associate,Divorced,16000.0,Debt Consolidation,17.76,36,586.0,0.25,2,6,0,17600.0,2510.91,Rent,0,Medium Risk
66,Male,20700.0,1725.0,Retired,34.0,Bachelor,Widowed,4100.0,Debt Consolidation,17.96,24,612.0,0.34,1,3,0,22000.0,1551.13,Mortgage,0,Medium Risk
37,Female,108500.0,9041.67,Employed,9.2,Bachelor,Divorced,16300.0,Debt Consolidation,18.4,24,517.0,0.12,1,4,0,0.0,3947.65,Own,3,High Risk
64,Male,28400.0,2366.67,Self-Employed,5.9,High School,Single,8500.0,Home Improvement,3.65,12,818.0,0.54,3,9,0,3300.0,1662.34,Mortgage,0,Low Risk
53,Male,43300.0,3608.33,Self-Employed,2.2,Associate,Divorced,16200.0,Home Improvement,11.07,36,731.0,0.27,1,5,0,10000.0,1727.18,Own,0,Medium Risk
39,Non-Binary,145900.0,12158.33,Self-Employed,5.3,Master,Single,3500.0,Education,8.8,36,760.0,0.05,0,4,0,94800.0,4126.07,Own,0,Low Risk
58,Female,8000.0,666.67,Unemployed,0.0,Bachelor,Married,4000.0,Home Improvement,23.4,60,573.0,0.2,0,4,0,100.0,950.45,Rent,0,High Risk
33,Male,42800.0,3566.67,Employed,4.7,High School,Married,7400.0,Home Improvement,18.07,36,615.0,0.14,0,3,0,12500.0,1308.7,Mortgage,0,Low Risk
35,Male,143800.0,11983.33,Employed,13.4,Bachelor,Divorced,37800.0,Debt Consolidation,8.43,36,769.0,0.09,1,3,0,43500.0,3931.63,Own,1,Low Risk
44,Male,131900.0,10991.67,Self-Employed,13.5,Bachelor,Married,3600.0,Home Improvement,16.8,24,592.0,0.07,1,5,2,18300.0,5254.73,Mortgage,0,High Risk
31,Female,133200.0,11100.0,Employed,9.0,Bachelor,Divorced,34000.0,Debt Consolidation,24.59,36,550.0,0.06,1,1,1,10600.0,3784.13,Own,0,High Risk
44,Non-Binary,112000.0,9333.33,Employed,7.5,Master,Married,3500.0,Business,12.35,36,721.0,0.1,1,5,0,2200.0,4790.59,Own,2,Low Risk
71,Female,22600.0,1883.33,Retired,15.0,Associate,Married,4600.0,Debt Consolidation,7.0,12,767.0,0.12,0,4,0,8500.0,1266.34,Own,0,Low Risk
50,Female,41500.0,3458.33,Employed,19.6,High School,Married,6700.0,Home Improvement,8.71,60,761.0,0.28,2,9,0,20500.0,1965.87,Rent,1,Low Risk
44,Female,86100.0,7175.0,Employed,23.3,Master,Single,2900.0,Home Improvement,17.79,60,668.0,0.08,0,5,0,10200.0,2841.93,Own,1,Low Risk
71,Male,27400.0,2283.33,Retired,41.0,Bachelor,Single,5800.0,Business,7.63,36,751.0,0.19,0,7,0,5800.0,1264.12,Mortgage,0,Low Risk
34,Male,9000.0,750.0,Unemployed,0.0,Bachelor,Single,4000.0,Auto,17.76,36,601.0,0.44,0,7,0,1500.0,1217.62,Rent,1,High Risk
19,Female,6400.0,533.33,Unemployed,0.0,Bachelor,Single,3500.0,Home Improvement,15.93,36,590.0,0.24,0,2,1,700.0,591.95,Mortgage,0,High Risk
47,Female,174400.0,14533.33,Self-Employed,,Bachelor,Married,2200.0,Personal,10.78,60,676.0,0.13,2,4,0,1900.0,4385.96,Mortgage,3,Low Risk
58,Male,66200.0,5516.67,Employed,27.3,High School,Single,5400.0,Business,10.16,12,676.0,0.11,0,3,0,12900.0,2287.34,Mortgage,0,Low Risk
54,Female,52600.0,4383.33,Employed,11.1,Associate,Married,8700.0,Home Improvement,7.89,36,744.0,0.07,0,3,0,2000.0,2666.82,Mortgage,1,Low Risk
20,Male,8000.0,666.67,Unemployed,0.0,Bachelor,Married,4300.0,Debt Consolidation,16.59,36,651.0,0.48,1,2,0,1900.0,811.07,Rent,0,High Risk
54,Female,5200.0,433.33,Unemployed,0.0,Bachelor,Married,4200.0,Debt Consolidation,20.98,36,507.0,0.7,2,1,0,200.0,925.19,Mortgage,0,High Risk
60,Female,90500.0,7541.67,Employed,18.3,Bachelor,Married,30500.0,Debt Consolidation,17.94,36,615.0,0.07,0,4,0,700.0,3936.27,Rent,0,Medium Risk
25,Female,81700.0,6808.33,Employed,5.9,Master,Single,2700.0,Debt Consolidation,18.0,12,615.0,0.12,1,6,0,33000.0,2891.65,Mortgage,1,Low Risk
62,Female,213000.0,17750.0,Self-Employed,32.2,Master,Married,9300.0,Personal,17.59,36,636.0,0.14,2,4,0,7800.0,7136.18,Mortgage,0,Medium Risk
45,Female,137500.0,11458.33,Employed,22.2,Bachelor,Single,31800.0,Home Improvement,13.38,12,713.0,0.12,0,7,0,35600.0,4855.04,Mortgage,1,Low Risk
56,Female,48200.0,4016.67,Employed,3.2,Associate,Married,5000.0,Debt Consolidation,13.42,24,683.0,0.37,3,6,0,2900.0,1579.57,Rent,0,Medium Risk
52,Female,145100.0,12091.67,Employed,23.1,Bachelor,Divorced,14700.0,Debt Consolidation,18.26,36,609.0,0.07,1,5,0,22300.0,4181.3,Mortgage,3,Low Risk
52,Female,228600.0,19050.0,Employed,6.3,Master,Single,3800.0,Debt Consolidation,6.72,60,816.0,0.12,1,10,0,89100.0,8099.14,Mortgage,0,Low Risk
18,Female,77500.0,6458.33,Employed,0.0,Bachelor,Married,8600.0,Business,13.05,36,639.0,0.09,0,5,0,1600.0,3127.44,Rent,2,Medium Risk
35,Male,63300.0,5275.0,Employed,8.5,High School,Married,7100.0,Personal,7.05,12,780.0,0.16,1,9,0,12800.0,2863.73,Mortgage,0,Low Risk
48,Male,11500.0,958.33,Unemployed,0.0,High School,Married,3200.0,Education,18.45,60,670.0,0.49,1,2,0,4000.0,1497.47,Mortgage,2,Medium Risk
55,Male,105300.0,8775.0,Employed,15.5,Bachelor,Single,17300.0,Debt Consolidation,24.97,24,540.0,0.06,0,1,3,1400.0,4027.94,Mortgage,2,High Risk
51,Female,218600.0,18216.67,Employed,10.1,Master,Married,16800.0,Business,7.46,60,765.0,0.05,0,7,0,75700.0,5558.61,Mortgage,1,Low Risk
33,Female,47300.0,3941.67,Self-Employed,11.9,High School,Married,8700.0,Debt Consolidation,11.53,36,713.0,0.11,1,2,0,12100.0,2118.21,Mortgage,0,Low Risk
53,Male,122100.0,10175.0,Employed,21.6,Bachelor,Divorced,11800.0,Debt Consolidation,9.86,60,677.0,0.14,1,3,1,,3381.86,Rent,1,Low Risk
21,Female,122500.0,10208.33,Employed,2.1,Bachelor,Single,20000.0,Auto,11.49,60,676.0,0.07,0,2,0,4400.0,4217.47,Rent,0,Medium Risk
75,Female,28800.0,2400.0,Retired,34.0,Associate,Divorced,8600.0,Home Improvement,7.84,24,751.0,0.29,0,8,0,7100.0,1993.62,Mortgage,0,Low Risk
61,Male,58300.0,4858.33,Employed,31.3,Bachelor,Married,7000.0,Debt Consolidation,20.7,36,527.0,0.05,0,1,1,2600.0,1496.96,Mortgage,0,High Risk
26,Female,47400.0,3950.0,Employed,5.9,High School,Single,4300.0,Business,14.83,36,587.0,,0,5,0,5000.0,2720.21,Mortgage,1,Low Risk
70,Non-Binary,53800.0,4483.33,Self-Employed,23.8,Associate,Single,8300.0,Debt Consolidation,8.28,24,782.0,,1,9,0,21800.0,2104.35,Mortgage,0,Low Risk
61,Female,104900.0,8741.67,Employed,24.5,Bachelor,Married,44700.0,Home Improvement,11.6,36,740.0,0.11,1,3,0,37600.0,4720.3,Own,1,Low Risk
36,Female,85100.0,7091.67,Employed,16.8,Bachelor,Married,2200.0,Debt Consolidation,17.98,36,581.0,0.1,1,4,0,600.0,3454.59,Mortgage,2,Medium Risk
59,Female,90400.0,7533.33,Employed,3.4,Bachelor,Married,36100.0,Auto,9.32,24,692.0,0.05,0,1,0,100.0,4236.71,Rent,1,Medium Risk
47,Male,10200.0,850.0,Unemployed,0.0,Associate,Married,3100.0,Home Improvement,12.26,24,716.0,0.7,2,2,0,200.0,1808.15,Rent,2,High Risk
28,Female,173400.0,14450.0,Employed,8.0,Master,Divorced,81600.0,Debt Consolidation,19.18,36,543.0,0.07,1,6,0,5500.0,4749.63,Own,2,Medium Risk
61,Male,32000.0,2666.67,Employed,14.8,High School,Single,5300.0,Personal,22.45,24,575.0,0.05,0,1,0,300.0,1774.59,Mortgage,0,High Risk
53,Male,65800.0,5483.33,Employed,30.7,High School,Married,14700.0,Debt Consolidation,16.57,12,630.0,0.11,0,5,0,100.0,1689.99,Mortgage,0,Medium Risk
71,Male,21500.0,1791.67,Retired,,High School,Single,2600.0,Education,15.91,60,661.0,0.29,1,2,0,1100.0,1332.65,Rent,1,High Risk
39,Male,49900.0,4158.33,Employed,19.0,Associate,Divorced,16400.0,Debt Consolidation,16.08,36,613.0,0.05,0,1,0,9100.0,2940.84,Rent,2,Medium Risk
57,Male,53500.0,4458.33,Employed,19.0,Associate,Divorced,6900.0,Personal,20.58,24,576.0,0.16,1,3,0,14100.0,1859.51,Mortgage,0,Medium Risk
38,Male,143700.0,11975.0,Employed,3.7,Bachelor,Divorced,11600.0,Auto,9.6,60,693.0,0.05,0,6,1,800.0,3700.46,Own,1,Medium Risk
24,Female,54600.0,4550.0,Employed,3.1,Associate,Widowed,17600.0,Debt Consolidation,12.81,36,696.0,0.22,2,3,0,21300.0,2028.17,Rent,0,Low Risk
35,Female,22000.0,1833.33,Employed,12.6,High School,Married,2400.0,Business,21.16,24,474.0,0.05,0,0,0,200.0,1423.93,Rent,1,High Risk
64,Male,77400.0,6450.0,Employed,29.6,Bachelor,Single,22000.0,Home Improvement,13.84,12,662.0,0.09,0,1,0,11100.0,3407.54,Own,0,Low Risk
42,Non-Binary,164300.0,13691.67,Employed,13.7,Bachelor,Married,15000.0,Home Improvement,9.91,12,712.0,0.11,1,4,0,36500.0,3928.95,Mortgage,0,Low Risk
19,Male,7600.0,633.33,Unemployed,0.0,Associate,Divorced,2900.0,Education,20.82,36,514.0,0.7,1,6,2,300.0,1181.79,Rent,0,High Risk
74,Female,28600.0,2383.33,Employed,12.6,Associate,Single,3000.0,Auto,13.9,36,616.0,0.31,1,6,0,2900.0,1703.19,Rent,1,Medium Risk
41,Female,85300.0,7108.33,Employed,3.4,Bachelor,Single,4900.0,Debt Consolidation,12.87,24,689.0,0.16,2,4,0,7600.0,4136.72,Rent,1,Low Risk
35,Female,63900.0,5325.0,Employed,15.9,Associate,Married,9100.0,Auto,9.75,36,696.0,0.08,0,4,0,12600.0,3440.3,Mortgage,3,Low Risk
61,Male,66900.0,5575.0,Employed,1.0,Bachelor,Divorced,24500.0,Debt Consolidation,6.42,36,757.0,0.31,3,9,0,38300.0,2021.52,Rent,0,Low Risk
69,Female,54900.0,4575.0,Retired,34.0,Master,Single,5100.0,Home Improvement,4.93,36,850.0,0.34,3,4,0,19000.0,3088.56,Rent,2,Low Risk
68,Male,5300.0,441.67,Unemployed,0.0,Master,Married,2900.0,Home Improvement,17.57,36,615.0,0.64,1,3,0,500.0,1856.25,Mortgage,2,High Risk
42,Male,82200.0,6850.0,Employed,16.4,Bachelor,Married,9100.0,Home Improvement,10.8,60,731.0,0.19,3,5,0,8200.0,3500.92,Own,3,Low Risk
51,Male,162900.0,13575.0,Employed,29.9,Bachelor,Married,16500.0,Debt Consolidation,6.22,24,769.0,0.14,1,8,0,70700.0,7794.93,Mortgage,4,Low Risk
28,Male,106500.0,8875.0,Employed,2.0,Master,Married,43100.0,Debt Consolidation,14.76,36,602.0,0.06,0,6,0,6000.0,4217.64,Mortgage,1,Medium Risk
27,Male,56100.0,4675.0,Employed,5.3,High School,Divorced,3800.0,Auto,19.41,36,537.0,0.18,1,3,1,200.0,2240.51,Rent,1,High Risk
68,Male,20800.0,1733.33,Retired,19.0,High School,Single,3200.0,Debt Consolidation,17.54,24,650.0,0.48,2,2,1,4400.0,1385.52,Mortgage,2,High Risk
61,Male,231000.0,19250.0,Self-Employed,18.6,Doctorate,Married,48300.0,Education,7.12,24,783.0,0.09,0,10,0,80700.0,5240.37,Own,0,Low Risk
74,Female,53300.0,4441.67,Employed,21.1,Associate,Single,2700.0,Auto,13.76,36,631.0,0.16,0,6,0,700.0,2590.08,Mortgage,0,Medium Risk
32,Male,39300.0,3275.0,Employed,11.1,Associate,Single,7100.0,Business,18.18,24,475.0,0.2,1,3,2,1000.0,2333.21,Rent,1,High Risk
22,Male,31200.0,2600.0,Self-Employed,3.1,High School,Married,4200.0,Home Improvement,6.58,24,746.0,0.69,4,5,0,3000.0,1419.02,Rent,0,High Risk
21,Female,10000.0,833.33,Unemployed,0.0,Bachelor,Widowed,1300.0,Personal,21.43,60,465.0,0.41,2,0,1,100.0,1142.01,Rent,0,High Risk
21,Male,8900.0,741.67,Unemployed,0.0,Bachelor,Single,3100.0,Home Improvement,17.51,24,604.0,0.21,0,4,0,500.0,1084.69,Rent,0,High Risk
65,Male,59900.0,4991.67,Employed,33.9,High School,Married,14900.0,Education,14.51,60,645.0,0.15,1,2,0,12700.0,2463.3,Own,0,Medium Risk
57,Male,24900.0,2075.0,Employed,15.9,High School,Single,4100.0,Debt Consolidation,16.5,36,655.0,0.17,1,4,0,4400.0,1536.0,Mortgage,2,Low Risk
52,Male,12700.0,1058.33,Unemployed,0.0,Bachelor,Single,4800.0,Auto,21.35,12,525.0,0.7,2,4,1,100.0,1618.39,Mortgage,1,High Risk
68,Female,15300.0,1275.0,Retired,41.0,High School,Married,3600.0,Education,8.88,12,748.0,0.16,0,5,0,4500.0,863.48,Rent,0,Low Risk
68,Male,43700.0,3641.67,Retired,41.0,Bachelor,Married,4600.0,Home Improvement,16.89,60,606.0,0.17,0,5,0,200.0,1641.58,Rent,0,High Risk
51,Male,78000.0,6500.0,Employed,23.1,Bachelor,Divorced,11800.0,Debt Consolidation,7.87,36,769.0,0.19,3,3,0,33000.0,4403.0,Mortgage,4,Low Risk
36,Female,73600.0,6133.33,Employed,7.9,Associate,Married,23300.0,Debt Consolidation,5.88,60,819.0,0.12,0,4,0,23000.0,3571.41,Mortgage,0,Low Risk
51,Male,234900.0,19575.0,Self-Employed,10.8,Master,Married,16900.0,Debt Consolidation,18.29,60,604.0,0.11,1,4,0,41500.0,8929.11,Mortgage,0,Medium Risk
57,Male,140000.0,11666.67,Self-Employed,6.1,Master,Married,5000.0,Home Improvement,12.02,36,688.0,0.09,2,5,0,27300.0,3527.88,Own,1,Low Risk
67,Male,25400.0,2116.67,Retired,18.0,Associate,Married,4400.0,Home Improvement,8.47,36,747.0,0.23,0,7,0,1300.0,1346.87,Mortgage,0,Medium Risk
59,Female,50100.0,4175.0,Employed,15.0,Associate,Widowed,3100.0,Debt Consolidation,18.68,60,601.0,0.15,0,6,0,1900.0,2986.11,Rent,0,Medium Risk
55,Male,148600.0,12383.33,Employed,2.5,Bachelor,Married,19200.0,Debt Consolidation,13.91,36,614.0,0.1,1,2,0,6400.0,3625.68,Mortgage,0,Medium Risk
29,Female,81500.0,6791.67,Employed,1.4,Bachelor,Widowed,7100.0,Education,12.41,24,706.0,0.1,1,3,0,,3837.2,Mortgage,2,Low Risk
41,Male,93300.0,7775.0,Employed,4.3,Bachelor,Single,4600.0,Debt Consolidation,9.91,36,690.0,0.08,0,3,0,5800.0,3866.89,Mortgage,1,Low Risk
60,Male,35500.0,2958.33,Self-Employed,32.8,High School,Single,7500.0,Debt Consolidation,20.67,60,549.0,0.1,0,2,0,400.0,1541.17,Mortgage,0,High Risk
57,Female,64500.0,5375.0,Employed,7.3,High School,Single,24500.0,Home Improvement,12.77,12,711.0,0.13,1,5,0,4300.0,2319.6,Own,0,Low Risk
47,Male,115700.0,9641.67,Employed,21.1,Bachelor,Single,11300.0,Home Improvement,15.19,12,634.0,0.12,2,1,1,13400.0,4277.71,Own,0,Medium Risk
26,Male,78200.0,6516.67,Self-Employed,3.3,Bachelor,Single,6500.0,Debt Consolidation,24.19,36,549.0,0.1,0,7,1,3700.0,2194.77,Mortgage,1,High Risk
50,Female,8200.0,683.33,Unemployed,0.0,Bachelor,Single,4900.0,Personal,6.07,36,805.0,0.7,2,6,0,7300.0,1460.83,Mortgage,2,Medium Risk
47,Non-Binary,7300.0,608.33,Unemployed,0.0,Associate,Divorced,4100.0,Auto,13.34,24,629.0,0.7,2,6,0,1600.0,1102.43,Mortgage,1,High Risk
56,Male,92600.0,7716.67,Employed,21.7,Bachelor,Married,7400.0,Business,13.26,36,700.0,0.07,1,1,0,100.0,2764.96,Mortgage,0,Medium Risk
61,Non-Binary,214700.0,17891.67,Employed,35.7,Master,Divorced,21300.0,Personal,8.62,36,781.0,0.06,1,5,0,59800.0,8440.57,Own,0,Low Risk
20,Male,174500.0,14541.67,Employed,1.8,Master,Married,37500.0,Business,15.12,36,619.0,0.1,0,3,1,48500.0,4138.16,Rent,0,Medium Risk
44,Female,279800.0,23316.67,Self-Employed,9.6,Doctorate,Married,6100.0,Education,15.49,36,597.0,0.09,0,3,1,16300.0,6684.08,Own,0,Medium Risk
69,Female,54100.0,4508.33,Employed,33.9,Bachelor,Single,5700.0,Debt Consolidation,13.44,12,677.0,0.13,1,4,0,4000.0,2328.28,Own,0,Low Risk
33,Female,78400.0,6533.33,Self-Employed,8.1,Master,Married,29000.0,Home Improvement,17.22,24,587.0,0.1,0,7,2,8400.0,3429.65,Mortgage,3,High Risk
53,Female,7100.0,591.67,Unemployed,0.0,Master,Married,4800.0,Auto,19.27,60,529.0,0.4,0,3,0,100.0,1910.6,Mortgage,3,High Risk
65,Female,41900.0,3491.67,Employed,11.7,High School,Married,12800.0,Personal,13.45,24,610.0,0.25,1,6,0,4500.0,2736.68,Own,0,Medium Risk
68,Male,53400.0,4450.0,Retired,15.0,Bachelor,Married,5100.0,Personal,13.08,60,696.0,0.45,5,6,0,1400.0,1757.84,Rent,0,High Risk
54,Female,47500.0,3958.33,Employed,27.9,High School,Divorced,3200.0,Debt Consolidation,11.54,24,702.0,0.27,2,2,0,8000.0,2647.64,Rent,0,Medium Risk
35,Male,185800.0,15483.33,Employed,14.3,Master,Married,9200.0,Business,11.06,12,683.0,0.08,0,6,0,7800.0,6545.92,Mortgage,0,Low Risk
68,Male,24500.0,2041.67,Retired,18.0,Associate,Married,3900.0,Auto,12.94,36,710.0,0.31,1,6,0,,1562.26,Rent,0,Medium Risk
26,Male,97200.0,8100.0,Self-Employed,8.0,Bachelor,Divorced,43900.0,Auto,16.16,36,609.0,0.13,1,5,0,200.0,4079.76,Rent,0,High Risk
54,Male,130600.0,10883.33,Employed,4.7,Bachelor,Married,25000.0,Home Improvement,9.8,60,792.0,0.08,1,6,0,58800.0,5316.37,Mortgage,1,Low Risk
31,Male,93100.0,7758.33,Employed,3.2,Master,Married,24600.0,Debt Consolidation,24.89,36,556.0,0.12,0,5,0,15600.0,3999.8,Mortgage,1,High Risk
34,Female,26700.0,2225.0,Employed,,High School,Married,12700.0,Debt Consolidation,15.93,36,632.0,0.47,3,6,0,9400.0,1610.12,Mortgage,0,Medium Risk
22,Male,41100.0,3425.0,Self-Employed,3.7,High School,Married,9200.0,Debt Consolidation,19.56,36,521.0,0.2,1,2,0,1900.0,1450.49,Rent,0,High Risk
41,Male,14400.0,1200.0,Unemployed,0.0,Bachelor,Single,3200.0,Home Improvement,16.2,60,589.0,0.33,0,6,0,5600.0,1466.27,Mortgage,2,High Risk
68,Female,31600.0,2633.33,Retired,38.0,Master,Married,3800.0,Education,16.36,24,652.0,0.29,1,7,0,3500.0,2015.47,Rent,1,High Risk
52,Female,55400.0,4616.67,Employed,22.1,Associate,Married,7300.0,Debt Consolidation,9.76,36,695.0,0.14,1,6,0,14100.0,2299.63,Mortgage,1,Low Risk
40,Non-Binary,190800.0,15900.0,Employed,2.0,Doctorate,Single,13800.0,Debt Consolidation,9.78,24,682.0,0.06,0,6,0,19600.0,7476.82,Own,0,Low Risk
75,Male,29600.0,2466.67,Retired,36.0,Bachelor,Married,3100.0,Debt Consolidation,15.59,12,637.0,0.18,1,2,0,500.0,1397.81,Rent,0,Medium Risk
62,Female,191000.0,15916.67,Employed,1.2,Master,Divorced,64100.0,Business,6.42,24,850.0,0.06,0,8,0,50100.0,4603.24,Mortgage,0,Low Risk
43,Female,131600.0,10966.67,Self-Employed,6.9,Bachelor,Divorced,27700.0,Debt Consolidation,14.19,36,602.0,0.15,2,1,2,19900.0,5188.59,Mortgage,0,High Risk
44,Female,66800.0,5566.67,Employed,7.4,High School,Single,4200.0,Business,16.88,60,610.0,0.06,0,2,1,5800.0,2340.8,Rent,0,Medium Risk
45,Male,74700.0,6225.0,Employed,6.6,Bachelor,Single,16900.0,Personal,12.25,60,683.0,0.18,3,5,3,4300.0,3892.78,Rent,4,High Risk
70,Female,22300.0,1858.33,Retired,31.0,Bachelor,Married,2300.0,Home Improvement,9.91,60,748.0,0.17,0,4,0,7400.0,1408.69,Mortgage,2,Low Risk
71,Male,12400.0,1033.33,Retired,33.0,High School,Single,6100.0,Auto,13.41,24,631.0,0.29,0,7,0,700.0,1293.64,Rent,0,High Risk
49,Female,176400.0,14700.0,Self-Employed,2.8,Bachelor,Single,22800.0,Home Improvement,9.39,12,747.0,0.11,1,5,0,67100.0,6903.87,Mortgage,0,Low Risk
74,Female,18500.0,1541.67,Retired,36.0,Associate,Married,3400.0,Auto,18.13,36,663.0,0.32,1,4,0,700.0,1305.87,Mortgage,0,Medium Risk
46,Male,40300.0,3358.33,Employed,15.2,High School,Married,16700.0,Debt Consolidation,16.95,36,616.0,0.1,0,1,0,1500.0,1858.17,Rent,1,Medium Risk
46,Male,88700.0,7391.67,Employed,26.3,Bachelor,Married,14900.0,Auto,17.39,24,589.0,0.08,0,7,0,8700.0,3001.7,Rent,0,Medium Risk
45,Female,54100.0,4508.33,Employed,6.6,High School,Divorced,14400.0,Business,17.32,60,624.0,0.21,1,5,0,5100.0,1487.54,Rent,0,Medium Risk
69,Male,79400.0,6616.67,Self-Employed,27.7,Associate,Single,13200.0,Education,12.45,24,735.0,0.13,0,5,0,21300.0,2201.56,Mortgage,0,Low Risk
69,Female,64500.0,5375.0,Employed,35.2,Associate,Divorced,9200.0,Home Improvement,10.69,36,691.0,0.05,0,1,0,10000.0,2992.09,Own,0,Low Risk
62,Female,20200.0,1683.33,Employed,25.1,High School,Married,10100.0,Home Improvement,10.77,24,725.0,0.22,0,4,0,200.0,1514.86,Mortgage,1,Medium Risk
61,Male,91100.0,7591.67,Self-Employed,37.2,Bachelor,Widowed,24700.0,Personal,8.61,36,788.0,0.15,2,3,0,46400.0,4005.43,Mortgage,0,Low Risk
45,Female,45700.0,3808.33,Employed,13.5,Associate,Married,13300.0,Auto,9.23,36,715.0,0.21,1,7,0,8900.0,2457.0,Rent,2,Medium Risk
19,Male,33700.0,2808.33,Self-Employed,0.8,Associate,Married,9300.0,Debt Consolidation,19.33,36,522.0,0.25,2,3,3,100.0,2007.92,Mortgage,0,High Risk
35,Male,293300.0,24441.67,Self-Employed,5.0,Doctorate,Divorced,74100.0,Personal,9.5,36,723.0,0.09,2,5,0,48200.0,9640.69,Mortgage,0,Medium Risk
50,Female,14700.0,1225.0,Unemployed,0.0,High School,Married,2500.0,Debt Consolidation,22.03,12,580.0,0.2,0,5,0,8700.0,1356.1,Mortgage,0,High Risk
36,Male,39400.0,3283.33,Employed,17.2,High School,Divorced,12400.0,Debt Consolidation,24.97,60,467.0,0.08,0,3,1,0.0,2352.74,Mortgage,2,High Risk
24,Female,21700.0,1808.33,Employed,5.5,High School,Married,4200.0,Debt Consolidation,17.28,60,656.0,0.07,0,2,0,700.0,1444.97,Mortgage,0,Medium Risk
56,Male,136800.0,11400.0,Self-Employed,25.0,Bachelor,Single,11400.0,Debt Consolidation,16.16,36,652.0,0.14,3,4,0,30200.0,5060.53,Own,0,Medium Risk
23,Male,42200.0,3516.67,Employed,3.6,High School,Single,15100.0,Auto,14.94,36,657.0,0.24,1,3,0,1900.0,1524.21,Mortgage,0,Medium Risk
48,Male,25900.0,2158.33,Employed,18.5,High School,Married,3300.0,Debt Consolidation,10.53,36,672.0,0.35,1,4,0,2100.0,1300.61,Rent,0,Medium Risk
55,Female,156500.0,13041.67,Employed,7.7,Bachelor,Divorced,21800.0,Home Improvement,10.54,24,730.0,0.16,2,5,1,57800.0,6704.23,Mortgage,0,Low Risk
36,Female,90600.0,7550.0,Employed,5.5,Associate,Married,40600.0,Home Improvement,16.83,36,628.0,0.06,0,6,0,16200.0,2847.21,Rent,1,Medium Risk
61,Female,77500.0,6458.33,Employed,35.8,Bachelor,Single,3700.0,Education,14.8,36,628.0,0.05,0,2,0,3200.0,2673.44,Mortgage,0,Medium Risk
46,Female,195700.0,16308.33,Self-Employed,26.2,Master,Married,63200.0,Personal,10.94,12,718.0,0.1,1,3,0,12600.0,4810.89,Mortgage,2,Medium Risk
43,Female,191100.0,15925.0,Employed,18.9,Doctorate,Single,38600.0,Education,13.18,36,623.0,0.05,0,7,0,15500.0,5428.63,Mortgage,1,Medium Risk
35,Male,79000.0,6583.33,Employed,12.1,Bachelor,Married,6000.0,Business,18.35,24,658.0,0.12,0,5,0,37600.0,3885.67,Mortgage,1,Low Risk
55,Male,220700.0,18391.67,Employed,36.4,Master,Single,30300.0,Business,13.08,24,712.0,0.09,2,3,0,35000.0,6068.26,Own,0,Low Risk
45,Male,34200.0,2850.0,Employed,17.3,High School,Single,9900.0,Home Improvement,18.07,60,623.0,,0,4,1,900.0,2064.12,Mortgage,3,High Risk
30,Female,62700.0,5225.0,Employed,6.9,Associate,Married,8400.0,Debt Consolidation,9.42,36,674.0,0.05,0,4,0,6500.0,2781.59,Mortgage,1,Low Risk
23,Male,6500.0,541.67,Unemployed,0.0,Doctorate,Single,4000.0,Auto,13.01,36,587.0,0.7,1,5,0,900.0,1193.31,Rent,1,High Risk
40,Male,113000.0,9416.67,Retired,21.0,Doctorate,Single,19400.0,Auto,7.44,24,772.0,0.08,0,4,0,30900.0,3446.83,Mortgage,1,Low Risk
20,Female,109300.0,9108.33,Employed,0.6,Bachelor,Single,7800.0,Home Improvement,12.59,12,727.0,0.1,1,7,0,38200.0,3398.57,Rent,0,Low Risk
61,Female,39800.0,3316.67,Self-Employed,4.1,Associate,Married,9100.0,Business,23.67,12,576.0,0.09,0,3,0,4300.0,2198.79,Rent,0,High Risk
63,Male,72500.0,6041.67,Employed,38.2,Bachelor,Married,4400.0,Education,8.93,36,758.0,0.25,2,6,0,15600.0,2468.59,Own,0,Low Risk
34,Female,20700.0,1725.0,Employed,13.3,High School,Single,4100.0,Auto,21.39,36,580.0,0.05,0,1,0,800.0,1278.87,Mortgage,2,Medium Risk
36,Female,43200.0,3600.0,Employed,13.7,Associate,Divorced,7800.0,Business,12.34,36,716.0,0.11,0,1,0,2100.0,2516.69,Rent,2,Medium Risk
66,Male,98100.0,8175.0,Self-Employed,16.7,Bachelor,Divorced,36800.0,Business,4.94,24,823.0,0.13,1,6,0,65000.0,3454.77,Rent,0,Low Risk
53,Female,59700.0,4975.0,Employed,10.7,High School,Married,2400.0,Education,12.26,24,727.0,0.38,4,5,0,8600.0,2100.38,Mortgage,1,Medium Risk
65,Female,86500.0,7208.33,Employed,44.9,Bachelor,Single,29100.0,Education,17.78,24,647.0,0.16,2,6,0,39000.0,2986.0,Own,0,Low Risk
25,Female,62100.0,5175.0,Self-Employed,1.9,Bachelor,Single,11400.0,Education,14.95,60,717.0,0.2,2,1,0,4600.0,2763.53,Rent,2,Medium Risk
46,Female,223500.0,18625.0,Employed,19.1,Master,Married,4600.0,Home Improvement,10.56,36,672.0,0.07,1,2,0,19600.0,5465.22,Rent,0,Low Risk
61,Male,147000.0,12250.0,Employed,28.0,Bachelor,Single,7900.0,Personal,10.22,60,729.0,0.09,2,3,0,25600.0,4549.04,Own,0,Low Risk
43,Female,155600.0,12966.67,Self-Employed,3.2,Bachelor,Single,19400.0,Education,13.93,24,653.0,0.07,2,3,1,4700.0,7039.12,Mortgage,1,High Risk
74,Female,18300.0,1525.0,Retired,41.0,Bachelor,Married,3200.0,Debt Consolidation,11.31,24,713.0,0.38,1,3,0,10000.0,1283.34,Mortgage,0,Medium Risk
55,Female,50500.0,4208.33,Employed,33.4,High School,Single,9600.0,Education,13.06,60,681.0,0.28,2,6,1,7600.0,2252.83,Mortgage,0,Medium Risk
55,Female,96800.0,8066.67,Employed,25.3,Bachelor,Married,7000.0,Debt Consolidation,9.24,36,,0.12,1,1,0,37100.0,5416.78,Rent,4,Low Risk
75,Female,29200.0,2433.33,Retired,16.0,Associate,Married,5000.0,Debt Consolidation,8.74,12,764.0,0.28,1,6,0,8700.0,1933.97,Mortgage,1,Low Risk
61,Female,141000.0,11750.0,Self-Employed,14.0,Bachelor,Single,2900.0,Home Improvement,12.44,24,724.0,0.09,2,5,0,8300.0,6397.29,Own,1,Low Risk
72,Male,8100.0,675.0,Unemployed,0.0,High School,Married,4700.0,Business,9.27,24,762.0,0.35,0,3,0,1200.0,1299.84,Mortgage,0,Medium Risk
54,Female,140100.0,11675.0,Employed,21.2,Bachelor,Divorced,59300.0,Debt Consolidation,16.7,24,623.0,0.11,0,6,0,28100.0,5309.65,Mortgage,1,Medium Risk
25,Male,102100.0,8508.33,Self-Employed,1.6,Master,Divorced,4200.0,Debt Consolidation,13.76,12,587.0,0.05,0,2,0,7300.0,4985.72,Own,2,Low Risk
34,Female,108700.0,9058.33,Employed,15.5,Bachelor,Divorced,19800.0,Education,13.06,36,591.0,0.13,2,3,0,3100.0,3974.73,Rent,2,Medium Risk
67,Male,132700.0,11058.33,Self-Employed,33.3,Bachelor,Married,8900.0,Education,13.17,60,703.0,0.11,1,6,0,22700.0,4487.55,Rent,1,Low Risk
32,Male,69000.0,5750.0,Employed,,Bachelor,Married,14400.0,Debt Consolidation,13.42,24,632.0,0.11,0,6,2,22800.0,3382.47,Mortgage,0,High Risk
27,Non-Binary,14100.0,1175.0,Unemployed,0.0,Master,Married,2400.0,Personal,23.99,24,523.0,0.55,1,4,0,900.0,1609.75,Own,0,High Risk
25,Non-Binary,68400.0,5700.0,Employed,1.5,Associate,Married,14900.0,Debt Consolidation,14.82,60,614.0,0.24,2,4,0,800.0,4161.97,Rent,2,High Risk
46,Male,165600.0,13800.0,Employed,17.9,Bachelor,Married,20100.0,Debt Consolidation,18.32,12,631.0,0.13,1,5,0,35300.0,4913.48,Mortgage,2,Low Risk
65,Male,72400.0,6033.33,Employed,0.8,Bachelor,Single,7700.0,Auto,7.21,24,792.0,0.27,2,10,0,15800.0,3511.89,Mortgage,0,Low Risk
66,Female,36300.0,3025.0,Retired,15.0,Bachelor,Single,8200.0,Auto,9.84,36,697.0,0.07,0,2,0,8900.0,1698.65,Own,0,Low Risk
55,Male,137500.0,11458.33,Self-Employed,36.1,Bachelor,Single,32800.0,Auto,12.6,60,694.0,0.12,2,6,0,27000.0,4434.85,Own,3,Medium Risk
44,Female,142500.0,11875.0,Employed,1.3,Bachelor,Divorced,19700.0,Home Improvement,14.27,12,620.0,0.08,2,4,0,20800.0,5356.96,Mortgage,1,Low Risk
53,Female,133000.0,11083.33,Employed,22.9,Bachelor,Divorced,20500.0,Debt Consolidation,10.79,36,674.0,0.1,3,4,0,1400.0,3851.34,Mortgage,0,Medium Risk
39,Male,25600.0,2133.33,Employed,4.2,High School,Married,5400.0,Debt Consolidation,17.39,24,641.0,0.16,0,5,1,6000.0,1790.19,Mortgage,1,Medium Risk
22,Female,62200.0,5183.33,Employed,1.6,Bachelor,Divorced,12500.0,Debt Consolidation,18.42,60,657.0,0.13,0,7,0,9700.0,1915.72,Mortgage,0,Medium Risk
46,Male,135000.0,11250.0,Employed,14.8,Bachelor,Single,25700.0,Debt Consolidation,11.64,24,701.0,0.1,1,7,1,26200.0,3433.49,Own,0,Low Risk
69,Male,19900.0,1658.33,Retired,41.0,High School,Single,5000.0,Education,10.39,12,732.0,0.16,0,2,0,,1203.7,Mortgage,0,Medium Risk
58,Male,115900.0,9658.33,Self-Employed,,Bachelor,Single,13100.0,Business,6.83,60,774.0,0.14,1,9,0,21000.0,5054.31,Mortgage,1,Low Risk
71,Male,23700.0,1975.0,Retired,39.0,Bachelor,Single,3000.0,Debt Consolidation,16.41,24,655.0,0.53,2,7,0,0.0,1405.42,Mortgage,0,High Risk
22,Female,57900.0,4825.0,Employed,2.9,Bachelor,Divorced,19500.0,Education,17.9,24,618.0,0.21,1,4,0,1500.0,2812.65,Rent,0,High Risk
68,Male,44600.0,3716.67,Employed,8.5,High School,Single,5300.0,Business,9.65,60,777.0,0.18,1,6,0,9200.0,1573.67,Mortgage,0,Low Risk
38,Female,91200.0,7600.0,Employed,8.7,Bachelor,Divorced,24300.0,Home Improvement,15.09,36,668.0,0.09,0,5,0,2200.0,2764.23,Rent,1,High Risk
29,Female,58100.0,4841.67,Employed,3.7,High School,Married,2700.0,Education,7.28,12,770.0,0.13,0,6,0,18700.0,4089.85,Rent,3,Low Risk
53,Female,64900.0,5408.33,Employed,33.1,Bachelor,Single,2800.0,Debt Consolidation,12.23,36,688.0,0.4,4,1,0,24100.0,3261.11,Rent,2,Low Risk
63,Female,43300.0,3608.33,Employed,41.2,High School,Married,19800.0,Debt Consolidation,11.06,36,728.0,0.22,1,4,0,5600.0,1865.32,Rent,0,Medium Risk
46,Female,136500.0,11375.0,Employed,6.4,Doctorate,Single,16300.0,Education,10.14,60,750.0,0.05,0,1,0,14000.0,4615.02,Own,1,Low Risk
41,Female,60300.0,5025.0,Employed,15.5,High School,Married,8200.0,Education,20.46,24,546.0,0.33,3,7,1,7200.0,2525.41,Rent,1,High Risk
61,Female,148500.0,12375.0,Employed,31.0,Master,Single,26900.0,Personal,8.9,36,741.0,0.13,3,3,0,8500.0,6187.6,Own,0,Low Risk
56,Female,124000.0,10333.33,Employed,36.9,Bachelor,Married,10900.0,Debt Consolidation,10.36,12,724.0,0.05,0,4,0,40300.0,3013.24,Mortgage,0,Low Risk
24,Female,63500.0,5291.67,Self-Employed,5.3,Bachelor,Single,5400.0,Home Improvement,22.31,36,552.0,0.22,3,6,0,22800.0,2222.27,Rent,0,High Risk
25,Female,48000.0,4000.0,Employed,3.9,Associate,Single,8400.0,Home Improvement,14.42,60,625.0,0.19,0,6,0,700.0,2048.01,Rent,0,Medium Risk
71,Female,25300.0,2108.33,Retired,36.0,Master,Divorced,6000.0,Debt Consolidation,10.23,12,684.0,0.08,0,3,0,4300.0,1781.29,Mortgage,0,Medium Risk
51,Female,65600.0,5466.67,Employed,1.9,High School,Single,33000.0,Home Improvement,13.27,36,616.0,0.21,2,6,0,20100.0,2232.51,Rent,1,Medium Risk
43,Male,24600.0,2050.0,Employed,2.4,High School,Married,2600.0,Home Improvement,17.19,12,648.0,0.27,1,3,1,3900.0,1646.59,Own,1,Medium Risk
24,Male,44000.0,3666.67,Self-Employed,5.2,High School,Married,4600.0,Debt Consolidation,11.27,24,700.0,0.1,0,3,0,2200.0,2281.12,Rent,1,Medium Risk
22,Female,35100.0,2925.0,Employed,0.7,Associate,Single,14800.0,Debt Consolidation,12.1,36,674.0,0.21,1,5,0,100.0,2563.69,Rent,1,Medium Risk
57,Male,131400.0,10950.0,Employed,8.0,Bachelor,Married,19300.0,Debt Consolidation,21.83,36,539.0,0.08,0,3,1,2500.0,4318.55,Own,0,High Risk
19,Female,48000.0,4000.0,Self-Employed,0.6,Associate,Married,8000.0,Home Improvement,18.99,36,563.0,0.07,0,1,0,4000.0,2330.27,Rent,0,High Risk
26,Female,266400.0,22200.0,Employed,5.3,Doctorate,Married,52300.0,Debt Consolidation,9.97,36,704.0,0.07,1,6,0,19700.0,6474.42,Mortgage,2,Low Risk
21,Male,51000.0,4250.0,Employed,1.3,Bachelor,Divorced,8600.0,Auto,23.51,36,535.0,0.19,2,7,2,2300.0,2548.68,Mortgage,0,High Risk
51,Male,56200.0,4683.33,Employed,26.6,Associate,Divorced,13200.0,Home Improvement,18.76,60,670.0,0.14,1,5,0,900.0,2248.45,Rent,0,Medium Risk
30,Male,23900.0,1991.67,Employed,5.6,High School,Divorced,4700.0,Home Improvement,14.82,12,630.0,0.51,2,6,0,500.0,1391.36,Rent,0,High Risk
74,Male,68800.0,5733.33,Retired,20.0,Doctorate,Single,11200.0,Home Improvement,14.74,36,634.0,0.07,1,2,1,19200.0,2767.0,Rent,0,Medium Risk
56,Female,117000.0,9750.0,Employed,9.2,Bachelor,Single,9100.0,Home Improvement,10.84,60,701.0,0.14,1,4,0,3700.0,2568.06,Own,0,Low Risk
18,Male,79100.0,6591.67,Employed,0.0,Bachelor,Married,24400.0,Auto,17.12,36,629.0,0.27,3,5,0,6900.0,3767.29,Rent,0,Medium Risk
49,Male,176500.0,14708.33,Employed,8.1,Bachelor,Married,14300.0,Home Improvement,16.47,12,627.0,0.07,0,3,2,9500.0,5439.63,Mortgage,1,High Risk
44,Female,142400.0,11866.67,Employed,23.8,Master,Married,27000.0,Business,18.43,36,635.0,0.07,0,4,0,3500.0,4507.13,Own,2,Medium Risk
34,Female,90600.0,7550.0,Self-Employed,2.8,Bachelor,Married,5900.0,Business,17.55,36,654.0,0.1,1,4,0,900.0,3227.35,Mortgage,3,Medium Risk
59,Female,82700.0,6891.67,Employed,40.9,Bachelor,Single,14900.0,Debt Consolidation,11.24,60,692.0,0.24,4,5,0,10200.0,3419.11,Mortgage,0,Medium Risk
34,Male,29300.0,2441.67,Employed,11.4,High School,Married,3500.0,Debt Consolidation,18.36,60,618.0,0.33,2,2,1,800.0,1547.7,Own,1,High Risk
60,Female,67700.0,5641.67,Employed,23.4,Bachelor,Married,5600.0,Debt Consolidation,4.93,36,809.0,0.13,1,4,0,17600.0,2142.8,Mortgage,0,Low Risk
54,Female,85400.0,7116.67,Self-Employed,2.4,Bachelor,Married,36800.0,Debt Consolidation,11.55,60,685.0,0.16,1,5,0,6100.0,3005.52,Mortgage,3,Medium Risk
31,Male,37600.0,3133.33,Employed,9.7,High School,Single,3800.0,Debt Consolidation,16.7,24,664.0,0.1,0,5,0,2300.0,2422.79,Rent,0,Medium Risk
72,Female,7000.0,583.33,Retired,24.0,High School,Single,4500.0,Debt Consolidation,17.06,60,662.0,0.67,1,2,0,100.0,894.5,Rent,0,High Risk
21,Male,12100.0,1008.33,Unemployed,0.0,Bachelor,Divorced,5200.0,Personal,18.89,60,610.0,0.42,1,5,0,0.0,944.93,Rent,0,High Risk
61,Female,9200.0,766.67,Unemployed,0.0,Bachelor,Single,2300.0,Home Improvement,11.49,60,692.0,0.7,2,5,2,3000.0,1347.14,Own,0,High Risk
18,Male,10700.0,891.67,Unemployed,0.0,Bachelor,Divorced,3400.0,Personal,19.45,36,549.0,0.7,1,7,2,400.0,1153.84,Rent,1,High Risk
42,Female,218000.0,18166.67,Employed,0.9,Master,Married,116900.0,Home Improvement,9.49,36,681.0,0.13,2,4,0,41600.0,6320.51,Own,2,Low Risk
31,Female,76300.0,6358.33,Employed,7.7,Master,Single,16500.0,Personal,16.74,36,617.0,0.16,2,3,0,3600.0,2578.96,Mortgage,0,Medium Risk
25,Female,158600.0,13216.67,Employed,1.7,Master,Single,13800.0,Home Improvement,10.4,36,726.0,0.1,0,2,0,45800.0,6483.76,Rent,1,Low Risk
